vehicle_id,manufacturing_year,odometer_km,cycle_count,battery_health_percent,internal_resistance,charge_efficiency,remaining_capacity,charging_cycles_last_month,fast_charge_ratio,average_trip_distance,daily_distance,cooling_system_health,thermal_runaway_risk,voltage_imbalance,battery_stress_index,thermal_health_score,charging_quality_score,predicted_remaining_life_cycles,battery_failure,BMS_warning_count,capacity_loss_percent,vehicle_age_years
EV206194,2022.0,21585.0,92.0,96.51,0.3196,99.23,41.75,4.0,0.07,10.0,25.4,72.7,68.5,18.33,2.7,54.7,100.0,1075.0,0,3.0,3.49,3.98
EV185885,2020.0,92755.0,156.0,94.1,0.4224,97.19,84.78,6.0,0.245,20.4,54.5,74.5,56.8,13.57,10.8,70.7,76.8,1274.0,0,3.0,5.9,5.85
EV285449,2022.0,91665.0,214.0,77.8,0.5173,93.12,68.47,6.0,0.523,27.2,70.2,83.5,72.7,20.58,54.4,46.4,0.6,752.0,0,1.0,22.2,4.07
EV135476,2021.0,189316.0,689.0,60.72,0.6908,90.3,35.4,16.0,0.366,93.5,112.4,69.0,74.1,31.82,36.3,46.0,39.3,312.0,1,3.0,39.28,5.13
EV239510,2016.0,287503.0,966.0,63.28,0.7222,90.19,38.49,6.0,0.506,39.7,94.9,58.2,59.1,29.21,27.1,53.8,52.1,324.0,1,3.0,36.72,10.27
EV234749,2021.0,149045.0,218.0,91.42,0.4826,96.86,109.75,1.0,0.307,28.2,89.3,66.8,52.4,21.43,27.4,57.2,32.0,1145.0,0,2.0,8.58,5.26
EV160216,2017.0,271063.0,756.0,63.82,0.6315,94.36,44.42,11.0,0.403,78.1,105.5,55.8,64.7,34.19,41.3,57.3,50.9,486.0,1,3.0,36.18,8.91
EV283938,2015.0,9898.0,49.0,96.81,0.3978,94.92,45.82,1.0,0.33,5.4,7.4,64.2,45.9,9.31,33.8,60.2,74.2,1030.0,0,1.0,3.19,10.85
EV199355,2018.0,215590.0,518.0,72.16,0.6283,92.76,62.71,9.0,0.551,29.9,96.4,69.1,58.9,27.02,77.8,51.4,19.6,709.0,0,1.0,27.84,7.83
EV120217,2016.0,25065.0,105.0,90.24,0.4236,93.25,51.42,2.0,0.226,3.9,8.9,61.5,60.0,18.38,33.2,60.9,51.3,1249.0,0,3.0,9.76,10.09
EV250706,2017.0,157867.0,509.0,79.22,0.5063,94.29,48.83,10.0,0.412,38.3,59.2,55.3,59.2,26.98,26.7,56.9,0.0,808.0,1,2.0,20.78,9.09
EV279969,2024.0,39985.0,38.0,99.8,0.4009,94.98,75.28,7.0,0.301,23.8,71.3,83.4,46.4,7.62,12.3,69.4,41.9,1533.0,0,2.0,0.2,2.15
EV295112,2020.0,78549.0,214.0,92.57,0.5063,93.6,71.37,3.0,0.247,14.5,26.0,66.0,61.4,23.46,20.7,48.0,57.9,980.0,0,2.0,7.43,6.08
EV214289,2023.0,63980.0,93.0,87.82,0.5458,93.8,102.14,2.0,0.095,26.4,74.8,88.4,78.3,8.23,57.4,44.3,24.3,996.0,0,3.0,12.18,2.89
EV221403,2016.0,167231.0,541.0,72.34,0.6401,94.02,51.32,10.0,0.4,21.1,62.5,62.1,62.9,28.03,9.7,49.6,64.7,709.0,0,4.0,27.66,9.96
EV243571,2021.0,75174.0,263.0,74.49,0.6793,90.16,36.08,5.0,0.439,22.0,52.8,78.2,66.3,11.47,97.1,51.1,0.0,885.0,1,3.0,25.51,4.88
EV243419,2020.0,30138.0,41.0,97.89,0.3631,95.84,100.98,4.0,0.567,18.4,57.1,89.6,61.2,17.89,45.0,46.8,31.8,1124.0,0,4.0,2.11,1.65
EV218263,2020.0,22648.0,27.0,93.86,0.3492,97.48,64.37,7.0,0.106,18.2,47.3,86.1,66.3,13.65,35.5,51.3,100.0,1160.0,0,0.0,6.14,1.9
EV107790,2017.0,15159.0,31.0,96.64,0.4297,96.87,36.41,4.0,0.25,1.3,4.3,56.1,45.8,18.33,33.6,59.7,88.3,1375.0,0,2.0,3.36,8.83
EV293753,2017.0,13661.0,100.0,95.2,0.4315,94.97,49.29,4.0,0.133,2.3,3.0,75.4,51.8,5.92,17.2,61.4,67.0,1341.0,0,1.0,4.8,9.08
EV184138,2018.0,113234.0,274.0,88.07,0.4919,94.91,65.46,4.0,0.17,12.2,42.5,76.0,50.1,20.66,13.7,66.4,57.8,1006.0,0,3.0,11.93,7.99
EV209518,2023.0,7844.0,1.0,99.8,0.3945,98.07,41.64,1.0,0.157,2.0,3.0,84.1,46.9,12.05,32.9,63.6,96.6,1030.0,0,2.0,0.2,2.83
EV229606,2019.0,134137.0,460.0,87.61,0.5606,94.74,50.39,9.0,0.54,22.7,68.6,64.4,63.0,21.61,39.7,53.1,34.3,792.0,0,0.0,24.76,7.13
EV189293,2019.0,176435.0,427.0,62.2,0.7471,93.84,64.02,8.0,0.151,47.6,83.5,60.6,59.7,38.44,21.2,55.8,35.3,244.0,1,3.0,,7.18
EV292804,2020.0,78549.0,157.0,93.19,0.4617,94.13,90.39,8.0,0.183,29.1,67.8,83.6,50.8,13.57,24.1,60.8,75.9,1245.0,0,3.0,6.81,2.1
EV239774,2022.0,17758.0,88.0,97.46,0.343,96.33,85.05,3.0,0.319,4.2,11.0,71.1,52.8,20.8,7.5,57.4,78.5,1391.0,0,2.0,2.54,4.18
EV116989,2023.0,500.0,214.0,99.8,0.3651,95.48,47.81,1.0,0.464,1.0,3.0,83.1,39.6,6.14,48.3,76.6,35.3,1484.0,0,1.0,0.2,3.01
EV160524,2016.0,81512.0,183.0,81.12,0.6005,96.68,85.79,2.0,0.215,9.5,26.9,57.2,56.8,22.23,42.2,51.5,77.7,500.0,0,3.0,18.88,10.22
EV100414,2019.0,228704.0,550.0,74.32,0.5515,91.3,61.88,12.0,0.645,32.1,102.8,52.2,53.8,25.89,47.6,52.5,11.0,679.0,0,1.0,25.68,7.06
EV228310,2020.0,78549.0,191.0,86.5,0.4998,95.91,56.35,3.0,0.084,19.6,44.3,93.4,48.2,13.51,75.8,67.5,78.3,1145.0,0,3.0,13.5,2.17
EV187576,2019.0,83310.0,191.0,91.8,0.4401,93.6,75.49,1.0,0.153,19.6,37.5,63.9,59.3,29.57,1.0,49.0,90.4,1244.0,0,6.0,8.2,6.82
EV101523,2020.0,125179.0,223.0,77.93,0.6243,92.63,98.11,2.0,0.319,20.7,64.3,81.0,55.8,26.69,18.3,64.2,77.9,441.0,0,4.0,22.07,5.87
EV100601,2021.0,78549.0,214.0,92.83,0.5063,95.58,41.01,3.0,0.213,14.2,42.4,93.8,49.0,17.08,34.2,60.3,44.1,1219.0,0,1.0,7.17,5.02
EV111974,2021.0,49777.0,324.0,76.01,0.5063,94.11,21.69,3.0,0.32,13.8,28.9,73.7,76.3,20.63,4.7,51.6,56.9,632.0,0,4.0,23.99,4.92
EV154997,2017.0,214615.0,463.0,78.69,0.5819,95.14,65.44,3.0,0.134,30.3,80.6,52.9,55.6,25.9,23.6,60.3,78.8,847.0,0,3.0,21.31,8.97
EV152287,2021.0,45424.0,93.0,94.33,0.4402,94.4,81.42,1.0,0.298,21.3,32.6,72.8,59.6,16.4,56.7,53.0,62.1,1032.0,0,3.0,5.67,5.15
EV273995,2018.0,186345.0,449.0,76.5,0.6512,93.06,63.55,9.0,0.59,31.6,80.2,57.1,62.3,29.76,56.0,52.9,7.1,753.0,0,2.0,23.5,7.94
EV221656,2021.0,137081.0,216.0,88.35,0.4625,94.33,84.71,5.0,0.262,51.3,87.7,77.1,55.3,14.94,9.7,64.0,39.8,1156.0,0,2.0,11.65,5.27
EV128812,2022.0,114141.0,273.0,79.64,0.5185,94.48,69.26,3.0,0.323,31.6,101.2,87.3,58.4,12.6,36.2,52.8,47.9,765.0,0,0.0,20.36,3.88
EV210299,2017.0,25140.0,10.0,96.71,0.4788,96.34,64.02,4.0,0.562,2.1,3.0,60.7,69.8,8.57,57.8,42.3,43.7,1418.0,0,1.0,3.29,8.92
EV135203,2019.0,120541.0,256.0,86.4,0.4553,95.99,86.09,6.0,0.416,21.5,57.7,68.3,54.2,8.93,44.8,59.7,33.2,1071.0,0,2.0,13.6,6.9
EV103438,2023.0,66871.0,110.0,91.64,0.402,98.38,81.45,7.0,0.432,36.8,64.9,95.8,64.7,6.97,38.1,52.3,55.2,991.0,0,3.0,8.36,3.02
EV266563,2018.0,65312.0,165.0,86.06,0.4723,95.7,64.6,4.0,0.38,20.4,32.1,62.4,70.5,24.71,30.8,45.7,36.2,892.0,0,3.0,13.94,7.91
EV168208,2024.0,34403.0,8.0,99.8,0.411,95.82,95.01,6.0,0.513,12.2,41.6,94.0,53.6,7.66,28.5,55.6,17.1,1460.0,0,1.0,0.2,1.75
EV290506,2021.0,62616.0,141.0,86.03,0.4665,95.35,89.81,3.0,0.412,15.1,42.1,75.8,59.6,18.33,43.3,56.4,59.8,1170.0,0,5.0,13.97,4.85
EV102209,2016.0,195519.0,389.0,79.15,0.5693,94.34,64.02,4.0,0.471,23.7,63.2,54.7,61.6,26.77,32.4,54.5,47.4,871.0,0,1.0,20.85,9.76
EV119711,2017.0,126848.0,230.0,84.67,0.5956,94.08,96.65,3.0,0.192,34.0,47.1,46.9,64.6,28.7,50.4,50.3,44.3,1093.0,0,2.0,15.33,9.1
EV200817,2017.0,96395.0,397.0,81.83,0.561,94.13,38.02,7.0,0.269,10.0,34.5,76.3,58.9,18.65,0.0,54.0,66.7,870.0,0,4.0,18.17,9.08
EV117334,2021.0,95196.0,238.0,87.15,0.4217,95.64,72.5,4.0,0.267,32.0,57.2,83.8,74.0,18.41,29.0,39.6,51.5,822.0,0,1.0,12.85,5.14
EV187617,2024.0,45604.0,110.0,87.61,0.4578,93.36,80.9,2.0,0.298,12.8,39.3,92.8,53.7,13.05,34.8,56.9,52.5,1322.0,0,1.0,3.69,1.99
EV230403,2023.0,37834.0,215.0,86.95,0.5063,95.25,42.86,4.0,0.474,12.5,41.2,100.0,55.3,14.06,39.5,53.7,77.6,1104.0,0,,13.05,3.04
EV131012,2017.0,78549.0,889.0,54.1,0.6746,90.03,34.67,10.0,0.461,35.8,102.9,51.5,85.6,43.2,40.5,27.1,52.1,140.0,1,2.0,45.9,
EV135887,2018.0,212037.0,437.0,73.88,0.5638,92.89,71.6,5.0,0.267,30.1,89.0,69.5,75.2,23.74,25.0,39.6,26.9,1030.0,0,0.0,26.12,7.99
EV162100,2020.0,107326.0,279.0,82.23,0.6086,94.77,77.26,6.0,0.477,25.5,73.4,76.2,51.0,20.03,29.4,59.0,27.2,982.0,0,4.0,17.77,5.23
EV278251,2023.0,1893.0,39.0,94.05,0.418,97.6,76.62,1.0,0.468,1.2,3.0,87.5,59.6,15.71,50.5,53.5,57.0,1071.0,0,1.0,5.95,2.91
EV239906,2018.0,70236.0,205.0,88.31,0.5532,95.49,54.89,1.0,0.188,17.2,29.3,66.5,59.3,18.0,33.2,51.2,48.7,1127.0,0,4.0,11.69,7.67
EV144691,2016.0,289905.0,629.0,62.5,0.7249,91.84,62.06,5.0,0.627,54.2,98.3,51.0,76.2,40.45,62.1,36.5,12.3,536.0,1,5.0,37.5,10.14
EV136852,2016.0,212711.0,538.0,75.79,0.6034,94.66,71.17,7.0,0.203,21.0,66.8,52.9,61.0,31.74,20.0,50.9,57.1,738.0,0,6.0,24.21,
EV198033,2021.0,79547.0,170.0,78.39,0.635,94.41,72.84,5.0,0.06,20.9,59.7,89.8,56.8,13.48,30.4,64.0,68.5,491.0,0,1.0,21.61,5.2
EV213882,2017.0,159305.0,433.0,70.84,0.5261,91.07,55.26,7.0,0.524,38.7,55.5,64.8,79.1,35.38,25.0,41.1,26.7,554.0,0,2.0,29.16,9.04
EV150700,2021.0,6990.0,59.0,94.7,0.5031,98.06,104.86,1.0,0.413,1.0,3.0,89.2,44.7,7.57,28.6,58.7,52.4,685.0,0,1.0,5.3,5.1
EV271484,2020.0,126001.0,337.0,80.85,0.5489,92.46,58.69,7.0,0.358,42.8,75.6,63.2,45.5,30.43,58.3,58.7,39.7,930.0,0,2.0,19.15,5.96
EV142326,2023.0,27048.0,8.0,99.8,0.3732,97.18,89.57,1.0,0.176,8.1,47.1,96.4,62.9,8.43,23.1,57.0,71.4,1178.0,0,2.0,0.2,2.79
EV263120,2020.0,144913.0,556.0,60.56,0.8882,87.25,38.54,13.0,0.88,27.1,82.6,69.3,77.7,29.87,65.6,47.8,0.0,552.0,1,3.0,,
EV190280,2022.0,78549.0,159.0,92.33,0.4809,95.92,49.73,9.0,0.142,30.1,57.9,72.8,52.6,18.41,11.8,68.3,100.0,1230.0,0,2.0,7.67,3.96
EV209732,2021.0,21687.0,68.0,99.8,0.3901,98.27,95.86,3.0,0.133,11.7,21.2,79.8,52.7,6.11,12.7,54.3,75.2,1435.0,0,1.0,0.2,4.92
EV157879,2016.0,134270.0,392.0,73.95,0.5197,93.63,49.01,5.0,0.303,33.2,46.7,75.3,66.2,15.64,7.9,46.4,65.1,666.0,0,2.0,26.05,9.76
EV274055,2021.0,63597.0,180.0,95.02,0.4371,96.36,79.85,6.0,0.319,20.4,58.1,71.1,56.9,13.35,4.3,57.1,69.6,1229.0,0,4.0,4.98,5.05
EV163719,2022.0,137624.0,494.0,74.13,0.5734,94.62,47.95,15.0,0.634,66.6,124.7,74.3,68.1,31.11,59.8,46.7,22.6,743.0,1,5.0,25.87,4.06
EV199662,2020.0,58841.0,216.0,87.34,0.4586,95.87,84.57,1.0,0.195,12.2,30.7,90.1,56.9,18.88,33.0,57.3,65.0,1122.0,0,2.0,12.66,6.0
EV167896,2020.0,37510.0,56.0,92.91,0.4097,94.98,85.23,3.0,0.105,20.4,47.1,81.0,72.9,12.5,52.5,43.4,63.0,1078.0,0,2.0,7.09,5.9
EV134840,2019.0,68536.0,188.0,88.19,0.5063,95.53,49.57,5.0,0.233,10.8,37.6,68.9,67.3,18.26,20.9,56.0,81.5,914.0,0,2.0,11.81,6.85
EV223246,2017.0,266645.0,916.0,29.39,1.3375,94.98,17.67,9.0,0.39,40.2,98.7,64.5,87.3,52.76,100.0,31.4,0.0,0.0,1,12.0,70.61,
EV229843,2018.0,93619.0,165.0,92.65,0.4421,94.4,79.15,3.0,0.52,20.4,32.8,53.5,49.0,23.7,42.9,65.6,7.7,1202.0,0,1.0,7.35,7.83
EV123984,2021.0,26864.0,100.0,82.81,0.5377,95.31,51.94,4.0,0.583,12.4,23.0,62.6,48.7,25.72,37.7,64.7,56.7,561.0,0,1.0,17.19,4.82
EV245311,2015.0,89757.0,181.0,90.98,0.4205,95.02,91.52,2.0,0.47,12.0,28.2,57.3,56.8,18.29,10.8,64.6,51.9,1238.0,0,5.0,9.02,10.87
EV254124,2018.0,119309.0,257.0,81.64,0.6577,92.51,73.57,3.0,0.351,34.5,48.9,60.6,73.8,28.5,40.2,41.7,53.2,1017.0,0,2.0,18.36,8.09
EV276473,2021.0,68908.0,165.0,85.96,0.5279,94.19,82.48,4.0,0.549,16.9,45.9,92.8,42.0,18.8,26.9,66.7,30.8,1163.0,0,3.0,14.04,4.96
EV203022,2015.0,103947.0,302.0,74.5,0.5494,93.79,59.82,1.0,0.313,13.9,35.7,37.0,80.3,33.31,30.2,36.1,45.5,687.0,1,2.0,25.5,11.01
EV196029,2017.0,122727.0,372.0,74.23,0.4773,95.89,43.48,5.0,0.356,13.8,46.1,67.1,66.5,28.72,32.4,48.1,71.9,569.0,0,3.0,25.77,9.05
EV238169,2017.0,16648.0,5.0,99.8,0.2923,97.91,68.57,1.0,0.271,2.6,6.4,66.1,55.6,17.22,15.0,59.2,93.9,1190.0,0,3.0,0.2,9.13
EV131306,2018.0,97833.0,400.0,87.61,0.5574,94.98,37.52,11.0,0.317,13.0,47.1,71.5,57.2,17.76,41.9,56.9,46.3,888.0,0,1.0,21.33,7.79
EV238010,2021.0,109091.0,281.0,86.32,0.4907,95.46,81.31,5.0,0.319,25.2,55.8,88.6,54.9,14.0,71.0,54.2,45.0,1030.0,0,5.0,13.68,5.12
EV213826,2024.0,11066.0,29.0,97.14,0.3658,94.98,94.21,4.0,0.356,4.3,14.6,98.5,48.4,5.3,33.2,63.1,23.6,1408.0,0,1.0,2.86,2.05
EV296104,2023.0,26375.0,108.0,95.95,0.3989,97.01,70.51,4.0,0.268,13.8,21.1,92.8,47.3,6.49,16.4,58.8,72.4,1354.0,0,1.0,4.05,2.93
EV163746,2022.0,72894.0,223.0,93.13,0.4561,98.63,55.93,7.0,0.228,22.9,47.1,76.2,45.5,17.7,29.2,63.1,71.3,1185.0,0,3.0,6.87,4.17
EV171507,2018.0,178482.0,489.0,74.11,0.6161,95.57,52.37,8.0,0.848,40.9,80.5,77.6,58.8,18.58,65.6,55.6,18.6,732.0,1,1.0,,7.78
EV259575,2015.0,81314.0,374.0,83.21,0.5115,95.46,41.85,4.0,0.385,10.4,22.2,53.0,55.7,22.26,28.4,61.5,68.4,907.0,0,4.0,16.79,11.12
EV273272,2023.0,1295.0,1.0,97.22,0.4091,96.93,73.19,2.0,0.31,1.0,3.0,79.6,44.9,13.06,18.1,59.5,67.2,1457.0,0,5.0,2.78,3.06
EV181802,2022.0,33956.0,102.0,95.95,0.3753,94.3,44.67,3.0,0.341,20.4,23.2,75.6,63.0,7.46,36.5,46.8,31.5,1070.0,0,,4.05,4.04
EV214886,2020.0,16898.0,14.0,98.62,0.4247,94.98,88.34,1.0,0.41,1.7,4.5,62.8,41.5,17.42,15.9,74.3,69.6,778.0,0,3.0,1.38,10.18
EV280924,2016.0,190260.0,420.0,77.96,0.5392,94.36,72.23,6.0,0.406,18.6,58.8,67.0,60.4,29.73,18.4,61.6,53.4,852.0,0,2.0,22.04,10.08
EV196383,2022.0,74925.0,145.0,89.97,0.5063,94.13,85.3,7.0,0.203,26.3,60.5,75.9,50.4,15.29,30.2,65.0,60.5,1223.0,0,5.0,10.03,4.15
EV173754,2016.0,197493.0,587.0,69.46,0.6198,93.61,45.95,7.0,0.599,23.2,65.6,47.2,68.5,36.64,46.4,47.9,0.0,618.0,1,2.0,30.54,9.95
EV283713,2021.0,37674.0,116.0,96.2,0.4214,95.37,69.19,3.0,0.178,19.8,33.2,85.4,48.5,10.78,40.3,64.6,63.3,1343.0,0,,3.8,4.85
EV241526,2023.0,25669.0,53.0,97.57,0.4341,96.57,64.02,4.0,0.354,10.5,29.0,88.2,44.8,17.11,44.1,65.2,52.1,1393.0,0,4.0,2.43,3.1
EV198716,2021.0,15836.0,106.0,97.65,0.31,96.32,72.45,2.0,0.249,11.5,17.8,73.0,61.9,15.97,33.8,50.8,58.3,1059.0,0,2.0,2.35,4.95
EV226292,2020.0,14269.0,35.0,99.8,0.3408,97.0,45.47,1.0,0.238,6.2,7.9,87.8,44.2,6.06,15.6,63.4,16.9,1430.0,0,0.0,0.2,4.07
EV146943,2021.0,95860.0,224.0,85.53,0.421,94.96,71.16,6.0,0.017,37.2,59.1,86.2,64.2,14.9,5.1,50.8,91.3,809.0,0,3.0,14.47,5.01
EV192452,2015.0,219636.0,925.0,47.28,0.6988,88.68,22.0,9.0,0.518,29.9,62.4,58.9,81.0,34.08,32.2,33.7,21.0,124.0,1,5.0,52.72,10.9
EV192166,2018.0,19030.0,60.0,99.2,0.3042,94.47,84.98,2.0,0.099,4.3,8.0,78.3,58.6,6.27,0.0,55.2,64.5,1129.0,0,0.0,0.8,8.07
EV132285,2024.0,42651.0,174.0,89.46,0.4624,92.81,54.81,6.0,0.426,27.7,45.7,90.3,54.6,8.6,35.9,55.4,39.5,1158.0,0,3.0,10.54,2.32
EV204024,2017.0,117200.0,185.0,77.68,0.6612,94.57,95.34,1.0,0.286,20.3,39.2,71.8,58.5,15.01,56.2,59.5,35.5,469.0,0,1.0,22.32,8.99
EV192165,2023.0,49947.0,126.0,86.28,0.5015,93.95,80.85,2.0,0.336,13.5,47.1,90.2,54.1,9.04,47.1,64.0,52.7,565.0,0,4.0,13.72,3.17
EV247585,2022.0,108767.0,155.0,94.81,0.4386,95.15,88.57,8.0,0.238,32.2,98.0,83.6,51.6,11.14,31.2,57.2,31.4,1304.0,0,0.0,5.19,3.84
EV269457,2016.0,142402.0,400.0,77.12,0.5852,94.9,53.34,3.0,0.22,14.9,44.9,56.1,59.8,25.95,26.1,63.7,62.7,902.0,0,4.0,22.88,10.01
EV105830,2015.0,35843.0,62.0,99.8,0.3548,97.66,89.79,5.0,0.124,3.6,8.0,60.9,56.8,10.04,35.9,63.0,85.8,1441.0,0,0.0,0.2,10.86
EV259784,2024.0,10375.0,8.0,99.8,0.3463,97.13,63.56,5.0,0.112,7.8,19.6,88.9,63.3,10.46,0.0,52.5,90.1,1202.0,0,3.0,0.2,2.21
EV272183,2016.0,229663.0,508.0,66.6,0.5354,94.98,61.34,1.0,0.291,20.4,79.6,73.9,75.5,25.84,31.1,38.7,54.5,482.0,0,1.0,33.4,9.91
EV232594,2020.0,337865.0,727.0,46.31,0.9544,89.82,43.64,12.0,0.612,49.8,126.3,55.0,72.7,49.41,40.5,48.5,24.2,49.0,1,3.0,53.69,9.2
EV175810,2022.0,63728.0,203.0,89.38,0.4346,96.69,56.0,2.0,0.525,21.2,51.0,94.5,46.7,11.17,28.3,67.0,38.5,1126.0,0,3.0,10.62,3.97
EV293264,2024.0,8650.0,2.0,99.8,0.4643,97.54,42.29,2.0,0.319,24.2,31.3,95.4,37.7,10.41,25.4,69.1,40.7,1522.0,0,1.0,0.2,1.86
EV253340,2017.0,303277.0,882.0,63.15,0.7091,93.92,41.58,11.0,0.405,47.7,115.5,62.3,69.3,32.5,49.2,55.8,21.2,345.0,1,2.0,36.85,8.94
EV206375,2023.0,23225.0,1.0,99.8,0.423,94.3,90.35,1.0,0.267,22.9,39.9,83.8,61.3,8.01,44.9,51.2,72.1,1485.0,0,5.0,0.2,2.62
EV171443,2020.0,51193.0,112.0,92.5,0.4046,97.37,80.94,1.0,0.319,8.9,25.3,81.3,67.1,22.2,51.1,50.0,76.5,990.0,0,1.0,7.5,6.08
EV166337,2018.0,206206.0,699.0,56.83,0.669,88.75,34.06,8.0,0.567,48.1,82.0,69.0,56.8,30.92,74.2,32.4,0.0,302.0,1,1.0,43.17,8.25
EV123926,2022.0,14172.0,58.0,99.6,0.3899,95.27,95.38,1.0,0.443,1.3,3.0,73.7,42.4,2.08,22.6,64.3,45.0,1397.0,0,1.0,0.4,4.16
EV144994,2024.0,28394.0,108.0,94.97,0.387,96.03,56.86,6.0,0.542,9.6,28.2,100.0,43.1,12.86,17.7,64.2,31.9,1347.0,0,2.0,5.03,2.01
EV175718,2016.0,10851.0,41.0,95.07,0.3767,96.81,82.76,1.0,0.722,1.2,3.0,47.1,34.0,14.2,27.5,70.7,20.4,1405.0,0,2.0,4.93,9.77
EV119771,2017.0,176442.0,691.0,64.08,0.6273,92.15,37.42,7.0,0.286,22.6,64.2,55.1,77.3,45.9,41.1,43.6,71.5,343.0,1,4.0,35.92,9.11
EV248204,2020.0,122592.0,324.0,83.2,0.5272,93.54,62.77,4.0,0.392,30.1,72.5,78.7,45.7,12.56,6.8,56.2,31.5,996.0,0,0.0,,5.64
EV128211,2015.0,129612.0,346.0,85.22,0.5227,95.71,66.3,5.0,0.076,12.8,38.2,48.5,53.6,26.06,0.0,61.7,79.6,994.0,0,2.0,14.78,10.98
EV219369,2016.0,202489.0,621.0,68.83,0.6657,94.98,46.2,8.0,0.524,25.9,66.3,68.4,67.8,20.21,49.3,43.5,4.0,592.0,1,2.0,31.17,9.96
EV275350,2022.0,36789.0,118.0,93.42,0.427,95.5,64.02,4.0,0.561,7.7,25.6,77.6,43.9,10.8,28.0,62.1,41.5,1240.0,0,5.0,6.58,4.19
EV157453,2023.0,41800.0,293.0,86.48,0.4569,94.38,27.44,5.0,0.319,22.5,42.6,84.1,56.2,26.85,51.8,56.2,56.1,1054.0,0,,13.52,2.91
EV192272,2016.0,249482.0,786.0,63.43,0.6791,90.57,42.28,8.0,0.246,56.2,85.1,56.6,59.8,40.19,45.4,49.7,19.6,397.0,1,2.0,36.57,10.17
EV103515,2016.0,136709.0,468.0,76.45,0.6236,93.33,50.11,3.0,0.459,15.5,45.6,49.6,59.1,31.02,12.7,57.2,44.9,752.0,0,1.0,23.55,9.79
EV204851,2020.0,500.0,62.0,98.86,0.429,96.91,87.36,1.0,0.551,1.7,3.0,68.4,48.1,13.39,18.2,65.6,17.8,1410.0,0,2.0,1.14,5.93
EV140305,2023.0,4697.0,19.0,99.8,0.3646,98.9,64.06,5.0,0.047,10.8,27.8,81.3,68.1,4.35,0.0,44.4,93.8,1186.0,0,2.0,0.2,2.86
EV128932,2023.0,37595.0,38.0,99.8,0.5063,96.28,84.22,1.0,0.121,23.3,37.5,84.7,51.9,9.12,26.4,53.5,75.8,1428.0,0,,0.2,2.99
EV201164,2017.0,222627.0,429.0,79.46,0.5327,92.0,73.65,7.0,0.199,48.3,78.0,69.9,62.2,26.42,49.1,48.1,54.0,872.0,0,2.0,20.54,9.37
EV204523,2022.0,91309.0,211.0,87.28,0.516,95.19,80.2,5.0,0.21,47.4,81.8,77.6,52.4,23.68,40.5,60.7,33.1,1123.0,0,6.0,12.72,3.99
EV109762,2021.0,3567.0,22.0,99.8,0.3845,96.63,52.7,3.0,0.33,6.8,13.4,91.7,51.4,18.22,36.8,61.8,77.1,1427.0,0,1.0,0.2,4.75
EV228527,2017.0,220475.0,1271.0,49.46,0.8623,88.91,17.94,4.0,0.304,59.4,84.4,53.7,87.2,33.13,69.8,34.6,0.0,80.0,1,4.0,50.54,9.01
EV285303,2023.0,9395.0,50.0,95.98,0.4547,97.0,79.8,6.0,0.202,6.7,14.3,79.9,53.4,12.82,58.1,60.2,80.9,1415.0,0,1.0,4.02,3.0
EV254446,2020.0,169880.0,501.0,71.96,0.6499,93.97,54.96,10.0,0.564,35.0,90.6,79.5,63.0,22.02,76.7,49.9,33.3,665.0,0,3.0,28.04,
EV229508,2023.0,27100.0,73.0,90.73,0.4307,95.95,48.54,5.0,0.457,15.7,27.2,78.5,59.9,14.86,33.2,55.8,47.7,1029.0,0,3.0,9.27,3.17
EV229491,2022.0,64917.0,212.0,86.29,0.4366,96.26,55.26,4.0,0.317,17.9,57.6,91.0,64.3,2.55,18.3,56.1,62.5,850.0,0,,13.71,4.17
EV105151,2020.0,48641.0,111.0,97.19,0.3813,94.52,88.66,1.0,0.149,9.8,23.8,81.1,51.6,12.56,20.5,58.4,55.3,1309.0,0,1.0,2.81,6.07
EV217860,2021.0,40711.0,138.0,92.1,0.3902,96.84,51.41,1.0,0.426,7.7,22.1,78.7,49.5,9.91,31.8,58.6,52.9,1206.0,0,1.0,7.9,4.87
EV228186,2015.0,169152.0,462.0,67.51,0.5297,93.14,49.61,8.0,0.343,15.5,51.3,50.1,78.8,33.25,28.7,56.9,48.0,520.0,1,7.0,32.49,10.94
EV228128,2015.0,117230.0,356.0,74.82,0.5009,92.99,49.42,8.0,0.314,15.7,35.8,69.8,72.5,24.14,43.2,53.4,40.9,599.0,0,4.0,25.18,11.17
EV183806,2016.0,92023.0,558.0,46.24,0.8799,89.44,16.28,4.0,0.76,10.3,31.1,68.5,65.5,37.75,52.5,48.6,0.0,106.0,1,2.0,53.76,9.79
EV179491,2022.0,89105.0,162.0,90.26,0.4863,94.39,87.83,7.0,0.491,43.9,66.6,92.2,58.3,18.8,36.2,61.5,33.5,1265.0,0,3.0,9.74,4.03
EV187404,2018.0,147722.0,352.0,87.61,0.5063,94.55,77.86,8.0,0.287,26.2,64.6,69.4,56.9,22.28,39.2,51.9,70.5,986.0,0,2.0,17.27,8.1
EV106987,2019.0,127366.0,306.0,81.13,0.4312,94.2,70.36,8.0,0.319,46.1,64.2,82.9,69.9,22.45,38.7,51.3,11.2,768.0,0,4.0,18.87,7.13
EV203993,2023.0,31061.0,79.0,87.61,0.3837,94.51,64.83,1.0,0.04,14.3,47.0,84.0,47.2,17.0,29.8,64.2,75.5,1368.0,0,3.0,0.57,
EV204208,2016.0,78549.0,1351.0,53.91,0.7326,90.33,36.88,18.0,0.636,90.4,161.1,44.5,60.1,44.0,54.9,55.6,16.1,94.0,1,2.0,46.09,10.14
EV198441,2016.0,348180.0,214.0,60.32,0.6974,89.97,44.28,10.0,0.563,38.5,114.4,47.4,65.4,43.96,47.0,53.2,12.7,328.0,1,3.0,39.68,10.0
EV141067,2017.0,223778.0,571.0,63.3,0.8296,86.33,48.68,11.0,0.303,24.1,78.6,72.8,56.8,29.82,94.8,33.2,18.8,576.0,1,10.0,36.7,9.18
EV145136,2018.0,207611.0,1015.0,56.13,0.7077,90.57,22.56,14.0,0.425,72.0,87.2,65.2,62.9,34.47,46.9,51.6,0.0,317.0,1,1.0,43.87,7.97
EV268640,2019.0,16848.0,76.0,92.25,0.5063,95.83,60.78,2.0,0.307,1.1,3.0,78.8,54.9,20.41,45.9,55.7,75.8,675.0,0,3.0,7.75,6.95
EV295278,2024.0,36809.0,106.0,88.5,0.5043,94.53,64.19,1.0,0.124,23.9,45.9,83.9,56.8,14.59,18.1,60.3,63.0,613.0,0,3.0,11.5,2.26
EV221001,2023.0,104524.0,291.0,86.1,0.4415,92.74,64.02,9.0,0.319,37.6,105.5,81.3,56.8,15.63,44.4,63.8,4.1,1086.0,0,2.0,13.9,3.0
EV166006,2018.0,143246.0,667.0,53.85,0.7387,94.98,22.62,12.0,0.598,20.4,54.9,67.3,92.7,29.49,85.7,31.1,3.6,265.0,1,3.0,46.15,7.98
EV190457,2016.0,244090.0,376.0,57.54,0.8889,87.89,71.93,4.0,0.341,20.4,78.2,62.1,64.7,33.41,69.0,50.2,17.0,242.0,1,5.0,42.46,9.96
EV208219,2020.0,96755.0,123.0,87.61,0.537,94.71,110.95,1.0,0.093,15.1,50.7,68.1,48.7,23.08,16.6,69.1,80.3,574.0,0,2.0,13.19,6.11
EV252390,2024.0,38521.0,175.0,86.9,0.4598,94.98,59.14,3.0,0.29,23.5,63.1,99.4,42.4,19.43,15.4,67.1,40.5,1030.0,0,3.0,,2.27
EV242410,2023.0,19883.0,1.0,99.8,0.3827,95.83,61.84,1.0,0.176,12.3,25.9,87.9,47.3,6.08,13.3,70.2,91.6,1484.0,0,2.0,0.2,3.2
EV142849,2023.0,60321.0,140.0,91.38,0.5063,94.66,84.33,6.0,0.319,36.5,66.2,89.1,61.4,8.96,2.0,49.9,69.8,968.0,0,2.0,8.62,2.98
EV273004,2019.0,184064.0,215.0,88.9,0.437,94.71,114.45,7.0,0.616,49.3,86.8,68.1,63.5,22.58,65.3,55.6,0.0,1164.0,1,5.0,11.1,6.96
EV177756,2015.0,25009.0,132.0,85.71,0.531,92.99,85.75,1.0,0.235,1.2,3.0,53.1,65.2,27.35,40.3,46.2,24.9,1178.0,0,0.0,14.29,11.16
EV164646,2018.0,21127.0,115.0,93.89,0.4337,96.07,53.26,2.0,0.425,3.7,10.3,71.0,55.5,12.82,33.2,56.5,49.5,1308.0,0,4.0,6.11,8.09
EV186380,2023.0,8363.0,129.0,96.28,0.4331,96.54,62.56,3.0,0.266,8.7,21.8,80.5,51.4,10.05,21.0,65.5,73.9,1030.0,0,2.0,3.72,
EV224806,2024.0,29281.0,112.0,93.85,0.5146,94.98,43.39,7.0,0.1,15.1,45.4,94.1,45.5,9.06,11.0,58.7,66.1,1302.0,0,4.0,6.15,1.97
EV223917,2016.0,429273.0,1386.0,37.25,0.8327,89.66,23.13,13.0,0.546,48.9,141.6,51.6,80.1,48.21,91.2,38.9,11.0,0.0,1,6.0,62.75,10.1
EV241728,2019.0,183646.0,420.0,72.82,0.6806,91.08,66.91,1.0,0.64,26.5,87.4,58.8,82.7,34.6,74.9,41.0,0.0,766.0,1,4.0,,6.95
EV253966,2020.0,92667.0,344.0,85.37,0.4991,95.66,44.02,4.0,0.12,30.7,38.7,78.1,56.8,14.09,13.6,60.2,93.4,950.0,0,4.0,14.63,7.96
EV125329,2019.0,48039.0,204.0,87.61,0.4295,96.17,50.16,4.0,0.084,11.8,24.9,71.5,50.7,17.59,12.4,63.9,87.9,1193.0,0,2.0,7.42,7.06
EV194178,2017.0,366691.0,878.0,60.32,0.7379,90.23,49.65,9.0,0.539,77.0,47.1,66.1,62.2,40.66,64.3,55.0,0.0,407.0,1,2.0,39.68,8.85
EV180711,2020.0,15157.0,82.0,95.84,0.4457,97.51,85.13,1.0,0.13,4.5,47.1,78.1,48.7,13.67,13.6,61.4,98.0,1371.0,0,2.0,4.16,6.23
EV219030,2023.0,36745.0,168.0,88.26,0.4404,95.24,40.57,5.0,0.312,10.8,31.8,90.1,56.8,12.69,8.3,53.1,52.1,919.0,0,1.0,11.74,3.16
EV239581,2015.0,437912.0,1801.0,30.28,1.0472,88.22,14.48,19.0,0.365,64.3,136.0,53.0,74.6,47.09,0.0,45.6,1.8,1030.0,1,4.0,69.72,11.13
EV219170,2019.0,66970.0,411.0,75.96,0.6542,94.21,30.81,6.0,0.177,23.7,35.5,55.3,59.4,24.22,57.7,56.1,72.1,860.0,0,0.0,24.04,6.63
EV141468,2020.0,99589.0,216.0,91.29,0.4217,93.21,64.02,1.0,0.449,18.9,30.1,43.2,44.0,8.88,26.1,61.9,40.9,1148.0,0,2.0,8.71,9.93
EV134702,2024.0,33918.0,145.0,94.35,0.3997,95.5,39.73,6.0,0.158,20.3,42.8,92.3,67.7,17.09,20.2,52.0,53.8,997.0,0,3.0,5.65,
EV177023,2024.0,500.0,1.0,99.8,0.5063,97.0,60.16,3.0,0.197,1.4,3.5,90.2,44.0,16.14,26.1,66.2,72.5,1457.0,0,0.0,0.2,1.92
EV128132,2020.0,73639.0,251.0,70.03,0.7269,92.62,42.93,4.0,0.406,12.2,38.7,71.7,48.2,34.03,30.6,60.6,69.2,369.0,0,3.0,29.97,5.89
EV265697,2020.0,112028.0,269.0,73.86,0.6411,93.31,69.59,2.0,0.431,39.1,67.3,69.6,83.5,23.21,79.0,41.3,16.8,650.0,1,2.0,26.14,6.02
EV299471,2018.0,148000.0,481.0,73.31,0.5457,94.98,46.7,8.0,0.256,28.1,65.1,53.9,58.5,38.74,61.6,52.5,45.4,747.0,1,4.0,26.69,8.04
EV249800,2024.0,10557.0,11.0,99.8,0.3873,97.94,40.25,1.0,0.455,2.1,4.8,100.0,51.0,1.88,35.2,56.9,76.9,1030.0,0,1.0,0.2,2.01
EV204285,2023.0,27552.0,60.0,96.35,0.3448,98.82,89.45,5.0,0.319,30.0,37.1,72.8,64.8,16.99,49.8,58.0,100.0,1101.0,0,3.0,3.65,2.82
EV186216,2024.0,13837.0,1.0,99.8,0.3449,96.42,119.06,3.0,0.356,15.2,25.8,100.0,57.7,14.489999999999998,18.8,54.6,52.1,1162.0,0,0.0,0.2,1.97
EV238593,2017.0,8974.0,38.0,99.8,0.3705,95.56,68.02,2.0,0.399,1.7,3.0,65.2,53.5,18.6,14.1,64.9,40.6,1439.0,0,0.0,0.2,9.35
EV216889,2024.0,12977.0,6.0,98.6,0.4634,97.81,68.99,2.0,0.279,19.1,30.4,96.9,51.1,6.57,44.8,60.5,59.9,1475.0,0,1.0,1.4,2.23
EV151324,2020.0,500.0,1.0,99.8,0.3457,98.42,56.26,2.0,0.052,1.3,3.0,63.8,57.5,20.86,34.4,58.5,100.0,1179.0,0,4.0,0.2,5.68
EV202354,2017.0,81043.0,301.0,82.44,0.5378,96.19,51.71,5.0,0.418,16.5,28.4,65.4,64.4,23.11,47.6,48.4,61.0,970.0,0,2.0,17.56,9.03
EV219126,2020.0,6907.0,35.0,99.8,0.3999,96.05,62.8,1.0,0.363,4.4,8.4,65.8,46.4,18.33,47.5,61.9,32.5,1455.0,0,2.0,0.2,6.05
EV231398,2016.0,172053.0,415.0,76.76,0.6408,92.1,67.22,5.0,0.079,16.2,55.9,61.4,57.5,23.17,27.7,59.4,63.0,857.0,0,2.0,23.24,10.02
EV186681,2020.0,45605.0,178.0,86.51,0.4657,94.65,65.21,4.0,0.607,7.4,17.7,77.2,49.1,10.11,53.8,64.0,14.0,1166.0,0,2.0,13.49,7.11
EV125371,2015.0,367849.0,2313.0,37.47,0.7754,90.19,64.02,24.0,0.423,33.8,113.8,52.0,95.1,42.33,33.2,36.9,0.0,0.0,1,6.0,62.53,10.79
EV125738,2024.0,29093.0,45.0,97.79,0.4028,95.1,81.33,8.0,0.346,28.6,48.2,94.6,46.7,15.27,50.4,58.7,65.3,1421.0,0,1.0,2.21,2.14
EV196107,2017.0,83628.0,255.0,79.48,0.5015,93.57,68.94,5.0,0.349,13.4,47.1,62.5,68.6,29.31,40.5,49.6,28.8,779.0,1,4.0,20.52,9.02
EV256152,2015.0,304830.0,576.0,51.42,0.8871,89.71,50.59,6.0,0.567,46.5,96.6,72.8,68.0,36.82,58.1,43.9,0.0,132.0,1,5.0,48.58,10.47
EV298848,2023.0,16916.0,64.0,95.8,0.408,95.73,84.1,2.0,0.316,10.3,29.2,85.0,49.9,16.16,39.7,64.4,64.8,1349.0,0,1.0,4.2,2.83
EV117809,2021.0,78549.0,309.0,84.67,0.5188,94.78,47.45,6.0,0.483,31.4,59.5,79.5,56.8,14.16,38.6,63.3,43.8,1024.0,0,5.0,15.33,5.12
EV273196,2015.0,74332.0,250.0,83.81,0.4306,95.74,60.43,1.0,0.229,7.9,19.4,66.6,72.8,18.11,0.0,46.7,64.4,789.0,0,0.0,16.19,11.33
EV176587,2017.0,67599.0,259.0,86.58,0.4499,96.12,44.48,3.0,0.556,11.5,24.7,69.0,52.6,11.62,52.7,59.8,25.6,1080.0,0,2.0,13.42,9.1
EV157811,2019.0,89119.0,266.0,89.89,0.4457,97.91,70.78,2.0,0.358,13.9,45.8,73.3,49.5,21.19,30.2,64.2,90.6,1115.0,0,0.0,,6.85
EV228037,2024.0,500.0,19.0,99.8,0.3735,99.5,58.17,3.0,0.428,5.1,17.3,90.6,48.2,18.33,53.3,66.4,67.1,1457.0,0,2.0,0.2,2.23
EV123694,2019.0,78549.0,179.0,87.61,0.4592,94.41,80.95,2.0,0.439,4.0,13.2,80.8,49.5,17.51,38.7,61.0,51.2,1245.0,0,1.0,11.05,6.98
EV219350,2019.0,65662.0,312.0,81.98,0.497,94.97,36.81,6.0,0.225,14.4,32.3,68.0,53.7,19.63,10.4,69.7,75.2,962.0,0,4.0,18.02,6.97
EV146334,2018.0,148986.0,382.0,81.0,0.6033,95.6,72.34,9.0,0.369,27.8,65.1,75.8,50.0,18.33,8.7,55.2,16.3,877.0,0,2.0,19.0,7.88
EV131163,2020.0,32310.0,105.0,93.91,0.4344,94.09,78.44,1.0,0.156,8.3,24.7,79.4,45.7,12.0,19.0,69.5,61.8,1275.0,0,2.0,6.09,6.16
EV155753,2022.0,57159.0,214.0,96.38,0.4232,97.51,78.16,6.0,0.317,19.2,47.1,68.6,51.8,30.19,43.8,56.9,66.6,1379.0,0,2.0,3.62,4.23
EV210927,2023.0,500.0,1.0,99.8,0.3935,97.54,35.23,4.0,0.258,2.4,3.0,80.6,38.4,9.31,0.0,72.9,68.1,789.0,0,2.0,0.2,2.95
EV292144,2016.0,250188.0,802.0,62.27,0.7285,92.01,38.46,5.0,0.398,38.5,83.9,60.4,67.9,32.24,56.1,43.9,34.6,441.0,1,7.0,37.73,9.87
EV133890,2022.0,44196.0,212.0,84.64,0.4989,94.18,41.11,4.0,0.122,22.7,30.4,80.2,63.6,12.33,28.3,54.1,52.1,805.0,0,1.0,15.36,4.18
EV268747,2015.0,410133.0,1262.0,46.15,0.8934,85.1,28.64,4.0,0.722,69.5,124.9,53.4,80.1,34.93,95.3,35.6,0.0,146.0,1,4.0,53.85,11.15
EV181740,2024.0,500.0,16.0,96.09,0.3945,97.16,60.84,1.0,0.214,1.5,3.0,88.3,61.0,19.31,20.3,54.0,64.9,1131.0,0,2.0,3.91,2.14
EV259106,2020.0,14854.0,214.0,91.07,0.3783,96.82,49.32,1.0,0.387,1.6,3.0,72.0,61.7,19.87,46.8,51.1,52.0,1004.0,0,2.0,8.93,4.89
EV163517,2015.0,450000.0,1464.0,41.8,0.7729,87.25,26.11,16.0,0.64,57.8,154.3,54.2,90.2,34.82,42.6,37.1,0.0,0.0,1,6.0,58.2,10.94
EV281902,2023.0,48587.0,131.0,95.46,0.4079,94.24,70.3,4.0,0.307,20.1,60.5,84.9,47.9,6.79,36.9,67.7,58.7,1322.0,0,2.0,4.54,2.96
EV247168,2023.0,30162.0,15.0,92.97,0.3889,94.62,88.95,2.0,0.393,12.5,38.2,80.6,46.0,15.85,45.7,56.9,57.7,1382.0,0,2.0,7.03,3.23
EV229910,2023.0,19935.0,83.0,94.8,0.3818,96.41,74.95,1.0,0.682,10.7,30.2,96.3,44.7,10.4,36.0,62.5,31.5,1342.0,0,1.0,,2.88
EV254222,2023.0,55857.0,184.0,91.71,0.4591,96.18,54.22,7.0,0.057,26.0,72.2,91.1,47.2,20.11,17.0,65.1,65.7,1178.0,0,1.0,8.29,2.82
EV108414,2019.0,66073.0,181.0,90.87,0.4639,94.18,62.9,3.0,0.651,10.9,30.7,68.9,54.8,13.5,11.5,51.6,26.0,1224.0,0,3.0,9.13,6.99
EV281730,2021.0,41997.0,214.0,78.06,0.6254,93.74,47.32,7.0,0.412,16.0,34.1,94.6,50.3,24.15,44.4,58.8,35.1,507.0,0,3.0,21.94,4.96
EV251577,2018.0,30795.0,85.0,98.88,0.3778,95.82,85.85,2.0,0.101,4.6,14.0,53.2,53.0,27.41,10.7,64.1,92.3,1359.0,0,0.0,1.12,7.91
EV235291,2020.0,135748.0,255.0,82.86,0.5681,95.15,79.69,3.0,0.484,20.4,89.0,58.5,51.8,27.12,63.1,59.8,24.0,1006.0,0,1.0,17.14,5.05
EV109331,2022.0,104276.0,294.0,84.86,0.4849,92.18,56.91,6.0,0.455,27.0,81.1,91.8,52.9,5.01,20.9,59.3,23.6,1041.0,0,,15.14,4.0
EV298536,2018.0,35717.0,51.0,94.69,0.4516,94.94,83.62,1.0,0.092,8.0,15.5,42.1,51.2,27.03,17.5,62.5,82.4,1429.0,0,5.0,5.31,8.11
EV167795,2023.0,29139.0,141.0,92.55,0.4195,93.82,38.66,2.0,0.118,24.6,30.6,87.1,50.8,16.78,44.6,63.5,74.0,1248.0,0,4.0,7.45,3.17
EV298116,2021.0,73132.0,127.0,88.81,0.4458,94.63,78.76,4.0,0.369,20.4,45.8,62.4,49.6,24.13,42.3,60.9,33.6,1217.0,0,1.0,11.19,4.92
EV112637,2021.0,96534.0,163.0,85.45,0.6308,95.27,83.71,4.0,0.098,46.0,74.0,71.6,51.3,20.16,0.0,61.5,79.4,511.0,0,1.0,14.55,4.77
EV171933,2017.0,168061.0,825.0,65.03,0.6781,91.93,29.83,10.0,0.076,20.9,64.9,72.8,58.5,39.07,0.0,59.2,0.0,433.0,1,2.0,34.97,8.9
EV289353,2023.0,50709.0,101.0,97.54,0.4528,96.92,71.87,2.0,0.198,18.8,54.2,87.3,46.4,9.1,11.1,67.0,86.1,1390.0,0,2.0,2.46,2.75
EV276460,2022.0,21159.0,48.0,96.99,0.5063,96.39,100.53,1.0,0.324,5.2,15.1,71.0,46.2,9.92,47.1,66.2,77.5,1406.0,0,2.0,3.01,3.93
EV188071,2023.0,9650.0,17.0,99.8,0.3712,96.28,97.6,3.0,0.232,1.0,3.0,89.0,62.8,3.97,2.8,58.7,88.7,1172.0,0,1.0,0.2,3.01
EV112772,2020.0,110655.0,265.0,86.56,0.4935,95.15,71.71,7.0,0.136,42.4,60.9,72.8,56.2,22.28,33.2,59.0,51.6,1046.0,0,1.0,13.44,5.95
EV287105,2015.0,446568.0,1053.0,55.49,0.7291,89.84,48.43,7.0,0.39,73.6,135.4,54.1,69.3,40.94,43.5,44.1,1.0,215.0,1,7.0,44.51,10.99
EV251745,2023.0,22783.0,62.0,87.61,0.5063,95.3,77.19,3.0,0.508,10.2,26.2,81.1,52.5,11.56,53.7,60.4,32.4,1400.0,0,5.0,,3.0
EV112145,2023.0,63082.0,250.0,81.13,0.468,94.11,40.56,10.0,0.406,43.9,55.1,91.9,68.5,24.54,21.5,49.7,63.2,792.0,0,3.0,18.87,2.88
EV195461,2020.0,102549.0,214.0,72.52,0.6173,93.61,45.95,4.0,0.288,16.8,45.6,71.9,59.3,23.94,55.9,52.1,66.5,735.0,0,5.0,27.48,7.83
EV121448,2021.0,57404.0,152.0,96.05,0.4238,94.24,95.03,3.0,0.096,16.0,40.0,70.1,45.2,18.73,6.2,73.7,77.0,1344.0,0,4.0,3.95,5.14
EV190804,2019.0,138360.0,236.0,84.18,0.4535,96.86,81.17,2.0,0.603,51.9,71.5,77.9,56.8,18.15,21.1,51.2,14.8,836.0,0,3.0,15.82,6.75
EV189889,2020.0,46919.0,37.0,96.78,0.3354,95.1,119.34,4.0,0.555,14.3,26.1,70.0,62.3,14.95,23.1,50.6,52.1,1135.0,0,1.0,3.22,5.8
EV231583,2021.0,171413.0,391.0,67.71,0.6617,91.94,61.01,10.0,0.587,36.8,119.5,64.2,76.2,18.33,100.0,42.7,22.1,709.0,1,2.0,32.29,
EV284190,2016.0,96859.0,186.0,91.31,0.417,97.14,94.25,1.0,0.125,8.5,47.1,59.2,61.2,18.22,0.4,54.4,83.4,916.0,0,3.0,8.69,10.21
EV121741,2020.0,44667.0,127.0,87.61,0.4646,96.58,114.89,4.0,0.43,21.1,59.8,82.8,53.4,17.34,41.9,57.4,31.0,1298.0,0,1.0,5.98,2.65
EV273810,2022.0,76539.0,276.0,82.0,0.4128,93.76,50.35,7.0,0.134,25.7,52.8,83.4,68.2,16.95,25.1,50.2,61.7,800.0,0,2.0,18.0,4.27
EV249155,2020.0,219945.0,804.0,62.02,0.669,92.15,34.49,14.0,0.319,52.2,134.6,82.7,66.5,28.77,55.7,55.4,32.7,432.0,1,5.0,37.98,5.9
EV230521,2019.0,5648.0,1.0,98.51,0.3472,97.92,47.49,1.0,0.227,1.4,3.0,72.5,59.1,7.7,48.9,53.9,50.8,1207.0,0,4.0,1.49,6.91
EV191286,2015.0,167734.0,528.0,68.47,0.5924,94.45,47.0,8.0,0.28,20.1,48.1,55.3,69.6,28.76,10.5,50.8,83.1,472.0,0,2.0,31.53,11.03
EV288417,2019.0,3066.0,12.0,99.8,0.3915,98.86,89.14,1.0,0.086,1.0,47.1,65.3,35.3,5.32,22.4,75.8,95.7,791.0,0,0.0,0.2,6.9
EV285250,2016.0,20586.0,37.0,94.27,0.3724,95.58,88.32,1.0,0.492,1.3,4.3,55.9,69.0,13.6,29.2,51.4,34.1,1120.0,0,0.0,5.73,9.94
EV159009,2023.0,15594.0,45.0,95.88,0.3758,96.63,54.39,3.0,0.193,9.3,12.0,90.0,53.6,7.5,33.2,54.5,78.6,1415.0,0,2.0,4.12,3.32
EV150421,2017.0,131417.0,271.0,85.98,0.4861,95.06,75.46,5.0,0.054,15.5,51.4,57.5,62.6,23.9,13.5,52.7,41.9,1038.0,0,1.0,,8.98
EV149309,2019.0,133125.0,296.0,78.03,0.5244,91.26,72.72,9.0,0.37,40.7,63.5,76.1,66.9,13.25,64.3,44.4,34.8,693.0,0,2.0,21.97,6.99
EV128586,2024.0,25040.0,179.0,86.71,0.5387,94.75,41.31,4.0,0.618,14.3,32.6,72.8,52.7,13.93,46.3,63.4,29.0,1116.0,0,0.0,13.29,1.8
EV216721,2020.0,79657.0,151.0,88.71,0.5253,95.38,65.55,3.0,0.369,15.6,40.3,69.9,68.1,19.64,55.6,46.7,31.8,1195.0,0,1.0,11.29,6.05
EV232353,2020.0,23437.0,52.0,92.75,0.3461,94.22,89.94,1.0,0.338,10.5,18.5,70.7,64.2,14.71,27.3,53.0,66.5,1027.0,0,3.0,7.25,6.11
EV118735,2016.0,171013.0,538.0,64.58,0.5984,93.0,41.56,7.0,0.369,21.6,57.6,62.4,73.5,29.64,28.3,40.7,50.9,436.0,0,2.0,35.42,10.24
EV124098,2020.0,100385.0,348.0,85.58,0.5397,94.96,41.14,9.0,0.129,45.1,61.4,74.4,48.9,13.01,7.9,70.6,46.0,994.0,0,0.0,14.42,5.94
EV235451,2020.0,5581.0,13.0,98.08,0.4518,95.23,83.0,1.0,0.079,3.7,5.3,72.8,41.9,11.72,58.3,68.2,58.6,1442.0,0,2.0,1.92,6.08
EV128406,2023.0,40085.0,198.0,82.37,0.53,94.25,33.68,7.0,0.674,18.0,36.1,92.3,80.3,23.64,65.9,32.9,1.4,1113.0,1,4.0,17.63,2.96
EV207550,2021.0,102875.0,277.0,87.61,0.4689,96.77,97.86,5.0,0.256,31.3,68.9,76.7,52.3,17.28,15.3,62.5,56.7,1001.0,0,4.0,15.22,5.0
EV100793,2023.0,1418.0,1.0,99.8,0.3384,96.16,78.52,5.0,0.232,1.1,3.0,78.7,47.1,17.03,40.2,65.1,81.3,1508.0,0,1.0,0.2,3.01
EV191342,2015.0,347413.0,214.0,49.9,0.6568,89.08,33.69,11.0,0.719,45.5,110.9,63.0,82.5,31.07,76.9,32.4,0.0,97.0,1,6.0,50.1,10.95
EV222093,2017.0,31906.0,49.0,87.61,0.4623,95.41,89.22,1.0,0.478,2.2,5.2,58.1,51.2,13.94,44.3,67.0,56.1,1426.0,0,4.0,0.94,9.15
EV105102,2020.0,136098.0,262.0,83.65,0.519,92.59,78.17,5.0,0.25,35.3,58.7,75.3,50.8,17.63,28.0,58.9,53.0,1057.0,0,2.0,16.35,7.12
EV298772,2016.0,145012.0,397.0,71.68,0.5653,94.17,53.38,5.0,0.162,18.9,48.4,41.3,74.7,33.92,9.5,45.3,83.8,554.0,1,2.0,28.32,10.08
EV167785,2019.0,35047.0,48.0,95.75,0.4134,94.25,84.18,1.0,0.366,6.4,11.9,74.4,51.6,6.27,24.9,56.9,31.7,1440.0,0,1.0,4.25,6.77
EV234448,2020.0,199708.0,443.0,68.41,0.637,92.98,58.92,12.0,0.452,57.4,129.5,74.3,69.6,28.29,62.8,49.4,0.0,533.0,1,3.0,31.59,4.91
EV111347,2022.0,74893.0,214.0,88.1,0.375,92.84,68.88,3.0,0.172,26.5,59.7,83.3,61.4,15.34,5.7,58.1,40.5,850.0,0,3.0,11.9,4.01
EV100003,2022.0,83700.0,353.0,85.11,0.4144,94.26,40.3,10.0,0.417,29.9,58.2,88.3,53.6,12.99,23.4,58.2,52.1,867.0,0,3.0,14.89,
EV163316,2015.0,27558.0,69.0,99.49,0.3467,96.77,72.16,1.0,0.068,6.7,9.5,52.5,66.6,17.42,36.6,55.3,90.0,1114.0,0,2.0,0.51,11.0
EV216029,2019.0,33125.0,39.0,99.07,0.5063,97.59,65.99,1.0,0.245,7.4,13.1,69.2,42.8,13.1,39.1,61.9,71.4,1468.0,0,2.0,0.93,7.04
EV155798,2023.0,4805.0,1.0,99.8,0.4263,97.45,82.02,4.0,0.174,2.4,3.4,81.4,47.2,12.6,40.9,65.6,51.2,1533.0,0,4.0,0.2,2.98
EV106504,2019.0,11504.0,34.0,97.3,0.3971,95.82,41.1,2.0,0.4,1.8,3.0,74.9,40.6,9.08,45.0,64.7,45.8,1421.0,0,0.0,2.7,7.1
EV197353,2022.0,74613.0,238.0,75.63,0.633,93.68,62.54,5.0,0.293,20.4,61.5,89.3,46.2,19.91,7.8,59.8,56.8,407.0,0,1.0,24.37,4.11
EV127339,2022.0,31111.0,134.0,95.37,0.3758,95.98,75.75,7.0,0.28,7.2,19.3,78.5,45.6,11.61,54.2,61.3,80.2,1291.0,0,4.0,4.63,3.87
EV265039,2015.0,196940.0,420.0,81.05,0.5253,91.73,78.42,6.0,0.044,39.4,65.1,59.2,53.6,17.17,30.8,63.5,80.1,889.0,0,5.0,18.95,10.99
EV242974,2015.0,26504.0,22.0,98.17,0.3806,96.89,89.24,1.0,0.302,3.2,9.3,48.3,63.3,17.25,40.7,52.0,69.2,1182.0,0,2.0,1.83,11.26
EV163078,2016.0,172352.0,450.0,57.07,0.7754,91.25,45.28,6.0,0.204,20.1,60.1,54.6,57.6,39.6,41.0,59.9,9.3,196.0,1,3.0,42.93,10.14
EV125725,2015.0,22121.0,47.0,96.55,0.3364,94.98,74.15,1.0,0.249,3.2,7.3,61.5,65.7,19.63,36.7,57.9,67.0,1138.0,0,4.0,3.45,10.94
EV142483,2016.0,252025.0,1002.0,62.84,0.6784,89.16,33.79,5.0,0.373,20.4,81.7,62.4,68.2,32.25,28.4,55.3,0.0,301.0,1,1.0,37.16,10.02
EV124341,2021.0,137976.0,609.0,61.32,0.6389,90.13,27.62,16.0,0.345,37.9,86.5,72.8,74.8,37.94,56.3,41.5,0.0,1030.0,1,4.0,38.68,
EV284975,2018.0,37625.0,110.0,97.38,0.3703,96.62,73.34,1.0,0.318,8.7,11.8,74.1,43.5,8.36,23.4,72.6,74.2,1369.0,0,3.0,2.62,7.95
EV230822,2017.0,365862.0,1427.0,28.83,0.5063,81.89,14.47,16.0,0.32,20.4,137.8,48.6,100.0,47.35,100.0,30.2,0.0,0.0,1,11.0,71.17,9.09
EV278132,2020.0,26154.0,63.0,97.93,0.4077,99.17,72.17,3.0,0.062,5.8,20.1,79.6,52.9,12.84,10.1,61.3,87.4,1365.0,0,3.0,2.07,5.71
EV230476,2019.0,127110.0,495.0,54.38,0.9439,88.95,28.03,9.0,0.167,19.7,58.2,71.9,74.7,32.2,15.8,40.5,29.0,154.0,1,2.0,45.62,7.11
EV130894,2021.0,17039.0,58.0,94.22,0.4895,94.82,115.68,1.0,0.379,2.9,10.1,82.8,43.8,18.2,42.5,67.4,52.3,689.0,0,3.0,5.78,4.94
EV280511,2018.0,32134.0,76.0,96.81,0.4366,96.73,75.39,3.0,0.318,6.8,16.3,73.7,51.9,7.62,33.2,55.4,59.9,1335.0,0,7.0,,8.05
EV185003,2018.0,31358.0,82.0,95.4,0.3807,94.23,79.07,1.0,0.171,6.9,18.7,74.8,63.0,20.97,16.7,49.2,46.2,1072.0,0,1.0,4.6,
EV193932,2018.0,58917.0,343.0,86.07,0.5135,93.0,38.33,3.0,0.077,13.8,25.8,72.0,58.6,15.48,2.0,59.5,52.1,1054.0,0,3.0,13.93,7.74
EV135239,2020.0,62398.0,189.0,85.26,0.5091,95.49,52.95,1.0,0.431,17.1,30.3,76.5,58.1,16.7,23.5,56.6,46.8,1080.0,0,2.0,14.74,6.1
EV134844,2021.0,47752.0,109.0,94.95,0.4365,95.1,74.77,5.0,0.593,15.2,40.8,70.9,42.0,7.79,56.3,63.9,11.0,1306.0,0,1.0,,4.75
EV106410,2022.0,49692.0,168.0,88.22,0.4296,93.92,44.44,6.0,0.375,21.9,52.1,79.4,65.3,23.87,38.3,47.7,31.7,879.0,0,,11.78,3.94
EV197662,2021.0,148455.0,365.0,81.27,0.5329,94.32,61.33,7.0,0.388,47.5,106.9,74.9,46.3,26.33,52.7,67.6,34.3,955.0,0,1.0,18.73,4.93
EV299785,2020.0,81813.0,214.0,89.76,0.4974,97.4,64.65,7.0,0.042,19.8,49.9,73.9,51.6,21.62,31.9,58.6,89.1,1138.0,0,1.0,10.24,5.72
EV127887,2019.0,216123.0,451.0,78.81,0.5197,91.69,72.72,5.0,0.427,33.6,100.8,71.7,48.8,24.11,79.0,59.3,34.3,1030.0,0,1.0,21.19,7.38
EV177523,2024.0,51891.0,112.0,87.11,0.449,93.58,64.5,2.0,0.281,31.5,45.3,100.0,69.6,4.8,24.3,52.3,70.8,957.0,0,3.0,12.89,2.07
EV132867,2024.0,27477.0,83.0,96.85,0.372,97.36,90.88,2.0,0.175,12.9,29.3,100.0,40.4,2.17,35.0,66.1,52.1,1366.0,0,,3.15,1.97
EV199054,2019.0,59156.0,260.0,83.91,0.4571,93.31,40.97,8.0,0.155,19.7,29.5,52.8,71.8,18.9,32.6,47.0,68.0,807.0,0,4.0,16.09,7.31
EV217447,2023.0,27268.0,24.0,95.91,0.3413,97.22,74.91,2.0,0.267,11.7,39.0,90.5,56.9,4.55,13.6,54.2,52.1,1152.0,0,0.0,4.09,3.03
EV195875,2017.0,46125.0,83.0,95.19,0.3931,94.83,73.01,2.0,0.169,12.3,22.3,48.1,55.4,24.02,38.8,62.0,86.4,1064.0,0,,4.81,9.17
EV220754,2022.0,92405.0,155.0,89.61,0.4223,95.83,64.02,9.0,0.335,36.7,76.2,78.0,58.1,18.33,42.2,53.7,42.7,965.0,0,,10.39,4.06
EV182492,2021.0,54481.0,160.0,93.14,0.3942,96.48,70.24,6.0,0.319,24.8,37.3,72.8,47.5,14.62,10.7,60.8,86.1,1240.0,0,1.0,6.86,5.18
EV253921,2015.0,82225.0,142.0,81.61,0.6067,94.85,79.83,2.0,0.344,15.6,28.1,50.4,68.3,20.79,33.3,51.7,46.8,533.0,0,2.0,18.39,10.89
EV271231,2024.0,47076.0,137.0,91.21,0.4279,94.71,60.5,8.0,0.187,21.6,44.1,95.5,39.9,11.74,29.6,77.5,50.0,1247.0,0,3.0,,1.97
EV154184,2020.0,95597.0,384.0,75.11,0.5504,94.64,40.52,5.0,0.729,22.2,45.5,78.2,72.5,18.33,53.0,49.7,8.6,624.0,0,0.0,24.89,
EV267038,2020.0,124503.0,431.0,73.41,0.5947,93.23,45.22,2.0,0.328,41.6,51.9,70.8,59.9,25.52,67.3,50.0,36.0,733.0,0,1.0,26.59,
EV171616,2024.0,46318.0,1.0,99.8,0.2719,95.69,83.67,9.0,0.361,39.3,78.0,100.0,54.5,10.1,39.9,50.7,62.4,1193.0,0,1.0,0.2,1.95
EV299998,2016.0,95122.0,392.0,76.61,0.5955,94.98,39.45,4.0,0.292,25.4,31.7,63.4,58.7,14.01,24.3,50.6,69.4,797.0,0,2.0,23.39,10.06
EV234619,2017.0,75719.0,232.0,89.3,0.4625,95.98,84.05,1.0,0.38,20.4,23.8,72.2,52.7,18.58,76.3,55.9,41.1,1156.0,0,3.0,10.7,8.74
EV152967,2017.0,46551.0,131.0,93.7,0.3286,96.32,68.93,2.0,0.313,6.4,18.0,58.7,72.0,13.37,8.4,44.0,67.5,1015.0,0,0.0,6.3,8.96
EV168321,2019.0,274302.0,565.0,72.91,0.5643,93.1,63.27,10.0,0.449,68.7,127.7,64.1,56.8,26.03,29.4,46.5,5.3,698.0,1,4.0,27.09,7.05
EV278472,2017.0,217217.0,464.0,74.91,0.6147,93.43,70.58,7.0,0.609,26.1,84.1,58.2,56.4,22.65,65.6,60.1,0.0,775.0,1,3.0,,8.79
EV278731,2020.0,5454.0,46.0,98.45,0.3971,96.11,70.62,3.0,0.319,8.4,25.3,80.4,41.8,12.48,27.3,70.5,67.0,1424.0,0,3.0,1.55,1.92
EV108890,2022.0,95102.0,268.0,61.71,0.8988,85.65,42.29,7.0,0.14,46.3,71.9,58.9,71.2,36.03,88.8,45.5,6.6,321.0,1,2.0,,4.07
EV175437,2020.0,20439.0,93.0,91.43,0.4247,96.91,30.81,1.0,0.231,3.3,7.9,73.0,67.1,13.82,23.1,48.2,37.9,1028.0,0,1.0,8.57,5.91
EV277425,2022.0,68250.0,234.0,84.09,0.5063,92.83,78.55,6.0,0.359,18.3,47.6,91.0,55.0,2.07,8.7,61.1,60.5,1059.0,0,1.0,15.91,
EV188803,2023.0,500.0,3.0,99.8,0.4093,96.28,65.68,1.0,0.373,4.3,10.8,94.9,45.9,9.47,49.9,66.2,50.5,1440.0,0,1.0,0.2,3.2
EV257527,2018.0,169562.0,492.0,71.87,0.5562,94.11,55.85,5.0,0.152,36.4,73.2,74.6,66.3,13.66,3.8,46.3,95.1,505.0,0,0.0,28.13,8.05
EV248066,2018.0,114332.0,339.0,74.8,0.5597,94.15,64.02,1.0,0.595,17.9,44.8,72.5,68.9,18.54,45.2,53.2,29.2,649.0,1,7.0,25.2,8.24
EV289603,2018.0,245898.0,907.0,50.51,0.6588,90.8,26.29,17.0,0.594,61.7,99.8,84.2,85.3,30.84,29.4,42.0,0.0,1030.0,1,1.0,49.49,8.12
EV131228,2019.0,146933.0,427.0,83.86,0.5032,95.04,61.9,3.0,0.149,30.6,66.8,76.5,52.3,15.24,28.7,60.9,50.4,900.0,0,4.0,16.14,7.16
EV166798,2021.0,153238.0,369.0,57.92,0.7644,93.3,48.19,8.0,0.733,33.5,85.0,82.6,63.0,21.86,53.1,52.5,3.0,266.0,1,3.0,42.08,5.22
EV248972,2020.0,19802.0,89.0,99.31,0.4182,96.01,95.73,1.0,0.273,6.2,17.3,94.8,50.6,9.85,21.0,66.5,52.1,1438.0,0,2.0,0.69,4.02
EV260352,2016.0,8069.0,1.0,99.8,0.3552,96.49,80.55,1.0,0.219,1.6,3.0,62.8,44.2,9.03,25.6,61.2,95.0,1514.0,0,,0.2,9.87
EV195804,2015.0,176176.0,623.0,70.07,0.6216,93.53,35.93,10.0,0.319,19.9,50.9,63.4,69.8,23.36,0.0,41.8,100.0,382.0,0,0.0,29.93,11.08
EV211243,2024.0,15930.0,9.0,99.8,0.4221,94.98,100.72,1.0,0.035,17.5,26.9,98.1,35.4,7.66,0.0,71.1,92.6,1460.0,0,0.0,0.2,1.84
EV238107,2021.0,45651.0,57.0,94.63,0.3733,96.54,94.7,3.0,0.309,11.5,31.0,87.3,65.9,14.01,21.3,49.0,56.6,1071.0,0,3.0,5.37,4.9
EV271018,2019.0,119062.0,369.0,78.01,0.525,93.87,63.19,5.0,0.193,19.7,56.0,66.4,61.7,18.33,43.1,57.8,22.4,610.0,0,,21.99,7.39
EV116565,2023.0,20714.0,98.0,98.85,0.4087,94.52,44.58,4.0,0.227,11.7,24.9,77.1,49.8,5.79,0.0,58.5,39.5,1440.0,0,3.0,1.15,2.91
EV194659,2019.0,73290.0,172.0,86.96,0.3801,97.2,68.97,3.0,0.408,23.7,31.9,68.2,63.9,22.52,11.5,55.1,48.1,879.0,0,2.0,13.04,7.3
EV289631,2020.0,42415.0,211.0,91.96,0.4642,95.43,61.4,4.0,0.322,9.5,29.4,86.7,50.4,10.69,30.5,63.7,55.3,1167.0,0,4.0,8.04,6.16
EV163824,2024.0,46428.0,132.0,76.22,0.6751,95.16,52.55,8.0,0.625,28.5,71.3,100.0,44.6,15.61,43.4,69.7,18.8,516.0,0,3.0,23.78,1.89
EV141044,2023.0,37853.0,25.0,97.23,0.4423,94.05,64.02,5.0,0.216,32.7,43.9,85.3,39.4,23.22,48.4,67.2,70.8,1483.0,0,3.0,2.77,3.35
EV137140,2021.0,6595.0,2.0,87.61,0.4128,98.43,92.62,1.0,0.122,2.0,6.8,78.7,40.9,13.05,18.4,68.5,62.1,1490.0,0,1.0,0.2,4.99
EV164809,2024.0,500.0,58.0,96.46,0.3417,96.2,64.02,1.0,0.252,1.5,4.5,96.1,59.7,5.49,56.3,56.9,68.6,1110.0,0,,,1.78
EV194136,2021.0,4644.0,30.0,99.8,0.4171,94.98,87.37,2.0,0.067,2.0,3.0,83.5,48.4,18.33,12.1,67.8,82.6,1425.0,0,1.0,0.2,5.0
EV204750,2020.0,101436.0,330.0,80.17,0.5503,96.26,52.83,4.0,0.12,18.6,55.5,70.7,49.1,22.81,2.8,55.0,71.7,932.0,0,1.0,19.83,6.03
EV296690,2021.0,115970.0,279.0,88.6,0.4408,97.34,77.08,6.0,0.116,31.1,81.0,71.5,50.6,23.65,22.8,62.7,96.4,1056.0,0,1.0,11.4,4.85
EV149041,2017.0,39093.0,252.0,85.39,0.5214,95.93,60.24,5.0,0.259,13.0,15.7,63.0,56.8,17.88,35.6,46.7,80.8,1065.0,0,4.0,14.61,8.71
EV195812,2021.0,49968.0,136.0,92.82,0.4056,94.98,78.15,4.0,0.222,21.1,32.9,80.2,49.5,19.44,46.7,69.3,66.4,1030.0,0,,7.18,5.13
EV172995,2017.0,338018.0,214.0,43.8,0.7872,89.0,19.85,18.0,0.679,77.1,116.6,66.1,70.4,32.35,54.0,47.6,0.0,0.0,1,1.0,56.2,9.19
EV244705,2018.0,213405.0,468.0,68.35,0.6431,92.88,58.96,7.0,0.447,34.6,87.6,58.0,78.3,28.37,39.9,46.7,18.1,501.0,0,2.0,31.65,8.11
EV214419,2021.0,78549.0,215.0,83.03,0.4747,95.53,51.31,4.0,0.256,19.2,63.5,79.6,66.9,21.12,9.2,43.1,85.8,830.0,0,1.0,16.97,4.77
EV187174,2015.0,19103.0,108.0,97.11,0.5063,94.98,102.57,1.0,0.227,2.5,5.1,63.9,49.2,11.63,15.1,59.1,66.3,1326.0,0,2.0,2.89,10.8
EV126535,2019.0,124272.0,373.0,76.39,0.5647,90.83,51.27,5.0,0.377,18.6,60.1,72.5,75.1,22.85,18.0,51.3,3.2,569.0,0,2.0,23.61,7.11
EV132195,2017.0,166737.0,401.0,82.2,0.525,94.98,64.21,5.0,0.051,34.5,57.4,53.9,56.8,21.14,0.0,66.5,62.5,893.0,0,3.0,17.8,9.11
EV192173,2015.0,95138.0,214.0,85.2,0.5467,94.31,64.45,1.0,0.328,11.5,28.4,72.8,60.3,39.59,0.0,54.2,60.7,1095.0,1,7.0,14.8,10.77
EV151960,2024.0,9490.0,46.0,87.61,0.413,94.98,93.58,1.0,0.269,6.5,16.6,93.4,44.4,11.19,35.6,65.7,81.1,1482.0,0,1.0,0.49,1.93
EV242946,2023.0,25240.0,101.0,91.69,0.5063,95.96,66.12,2.0,0.438,17.2,34.8,72.8,68.0,13.27,46.8,49.9,70.0,1316.0,0,4.0,8.31,2.87
EV283664,2022.0,21877.0,63.0,98.99,0.3919,97.92,83.38,1.0,0.155,7.1,16.2,86.6,51.6,13.77,0.0,62.3,75.0,1390.0,0,2.0,1.01,3.92
EV118540,2023.0,58222.0,126.0,94.32,0.3709,97.31,65.1,11.0,0.332,28.2,65.6,66.0,57.2,17.16,27.2,62.3,31.2,1282.0,0,1.0,5.68,2.78
EV153100,2015.0,78185.0,270.0,74.31,0.5452,93.68,55.01,3.0,0.319,13.1,26.2,41.4,69.1,13.88,36.0,52.3,36.7,724.0,0,1.0,25.69,10.99
EV212611,2017.0,77766.0,201.0,91.29,0.458,97.1,64.02,6.0,0.126,10.9,27.0,79.2,51.1,8.44,25.1,59.2,92.5,1173.0,0,2.0,8.71,8.92
EV294476,2017.0,352430.0,214.0,58.49,0.7789,89.31,37.73,13.0,0.624,40.1,129.5,52.6,74.0,34.83,41.2,46.8,0.0,284.0,1,2.0,41.51,9.27
EV261555,2022.0,55305.0,209.0,87.61,0.4383,95.47,51.2,1.0,0.208,20.4,57.2,85.8,51.8,5.57,25.2,62.7,82.1,1239.0,0,1.0,6.58,4.27
EV189301,2019.0,47931.0,89.0,97.21,0.3186,96.77,90.48,1.0,0.062,15.8,25.0,86.5,62.5,13.01,27.8,52.6,80.9,1056.0,0,1.0,2.79,7.12
EV125512,2024.0,11566.0,1.0,99.8,0.4128,95.41,87.86,6.0,0.159,13.5,37.5,100.0,41.6,5.04,30.4,67.6,76.9,1030.0,0,0.0,0.2,1.85
EV206977,2021.0,39842.0,196.0,87.76,0.4502,94.75,42.27,2.0,0.138,9.2,20.7,77.5,63.9,13.17,1.5,52.8,74.6,894.0,0,3.0,12.24,
EV131004,2021.0,72369.0,186.0,88.01,0.451,94.63,76.31,3.0,0.232,16.1,49.6,86.7,48.7,22.15,0.0,62.8,77.7,1142.0,0,3.0,11.99,4.81
EV267647,2020.0,62153.0,188.0,91.91,0.4689,96.73,63.04,1.0,0.147,12.3,28.5,77.2,50.2,12.98,29.6,55.8,64.1,1218.0,0,5.0,8.09,6.38
EV153060,2022.0,78549.0,106.0,91.27,0.4395,96.82,69.71,6.0,0.664,19.8,31.0,98.9,58.2,5.66,56.3,49.0,13.6,996.0,0,2.0,8.73,3.9
EV206999,2017.0,368430.0,1076.0,36.87,1.0554,87.55,25.67,11.0,0.378,48.1,135.8,58.4,68.9,44.52,28.4,46.1,9.7,0.0,1,3.0,63.13,9.13
EV253496,2021.0,500.0,11.0,99.8,0.3841,97.27,72.99,5.0,0.166,20.4,47.1,86.0,40.6,15.68,26.7,56.9,93.4,1523.0,0,1.0,0.2,4.92
EV268241,2021.0,144357.0,352.0,73.58,0.5063,94.43,62.46,5.0,0.56,50.2,92.8,82.5,72.4,17.87,10.3,43.5,27.8,637.0,0,1.0,26.42,5.06
EV141443,2019.0,21152.0,102.0,98.23,0.3589,97.29,45.28,1.0,0.1,2.6,5.1,65.4,43.2,12.95,34.4,64.8,100.0,1425.0,0,4.0,1.77,6.92
EV258528,2020.0,81210.0,199.0,76.15,0.5063,95.48,57.36,2.0,0.284,13.3,29.5,70.7,45.3,21.19,56.4,67.3,54.4,458.0,0,2.0,23.85,8.14
EV293506,2020.0,183032.0,385.0,82.39,0.5642,91.63,78.79,5.0,0.244,48.0,85.7,76.3,61.4,25.28,63.6,47.0,55.2,911.0,0,5.0,17.61,6.87
EV175546,2023.0,49240.0,39.0,99.8,0.408,97.18,123.39,4.0,0.425,32.5,52.2,93.3,50.7,5.91,33.0,68.8,70.0,1472.0,0,0.0,0.2,2.8
EV273003,2020.0,5888.0,1.0,99.8,0.5063,97.9,70.43,1.0,0.422,1.9,3.1,79.2,49.3,12.14,33.7,61.8,62.1,1523.0,0,0.0,0.2,5.19
EV231602,2022.0,45732.0,111.0,87.61,0.4239,98.16,81.02,3.0,0.238,11.2,38.7,66.4,55.1,12.45,53.5,57.4,66.8,956.0,0,0.0,10.51,3.93
EV123965,2022.0,107645.0,254.0,87.74,0.5346,94.98,60.83,8.0,0.201,49.5,91.9,89.8,44.4,14.98,0.0,70.9,70.0,1077.0,0,2.0,12.26,3.84
EV232375,2022.0,83939.0,313.0,85.8,0.5387,97.44,46.97,6.0,0.316,20.4,65.8,71.8,50.9,20.28,34.2,57.3,76.3,1030.0,0,0.0,14.2,3.83
EV247962,2020.0,125947.0,306.0,82.82,0.4246,94.82,57.98,8.0,0.363,31.2,79.7,81.6,57.4,6.48,1.5,60.1,28.3,764.0,0,3.0,,5.71
EV179546,2024.0,30906.0,92.0,95.0,0.409,93.71,70.39,5.0,0.319,25.7,63.0,72.8,56.5,10.62,28.2,57.4,74.5,1311.0,0,4.0,,2.17
EV259342,2024.0,58952.0,166.0,80.96,0.4694,94.74,64.02,6.0,0.65,29.6,90.5,98.0,71.4,14.26,59.7,48.9,35.8,802.0,0,2.0,19.04,1.91
EV186980,2021.0,31083.0,35.0,99.8,0.3906,96.66,76.09,1.0,0.086,6.8,16.3,80.9,50.3,12.2,0.0,63.5,79.1,1491.0,0,4.0,0.2,4.94
EV187996,2017.0,248542.0,955.0,57.06,0.7566,90.35,31.41,13.0,0.433,20.4,95.7,52.8,69.5,35.07,54.8,45.1,2.8,331.0,1,2.0,42.94,8.85
EV157082,2018.0,16565.0,61.0,94.85,0.4377,97.01,70.73,1.0,0.55,2.9,6.0,77.1,50.4,20.57,29.0,56.6,46.6,1351.0,0,1.0,5.15,7.92
EV136974,2023.0,38555.0,98.0,94.32,0.4309,95.96,55.62,6.0,0.173,38.3,53.3,86.0,59.7,15.25,42.0,53.3,88.6,1310.0,0,,5.68,2.89
EV123013,2024.0,22484.0,48.0,99.8,0.3753,99.2,75.73,1.0,0.248,11.0,28.3,100.0,49.3,12.85,24.5,64.3,86.7,1424.0,0,2.0,,1.98
EV274122,2015.0,295747.0,1087.0,54.54,0.5063,90.1,30.62,8.0,0.114,26.7,90.4,61.6,82.5,38.32,32.2,45.3,75.0,35.0,1,6.0,45.46,10.89
EV167378,2021.0,71263.0,228.0,90.2,0.4798,95.92,78.36,1.0,0.266,33.1,42.5,75.0,50.5,22.18,32.6,59.7,54.4,1143.0,0,3.0,9.8,5.16
EV263292,2017.0,57739.0,422.0,83.02,0.5047,95.36,28.79,2.0,0.061,7.2,18.0,72.6,60.2,22.19,35.7,58.5,84.2,923.0,0,0.0,16.98,9.06
EV260615,2021.0,89556.0,247.0,88.36,0.5053,98.24,57.29,9.0,0.19,29.8,64.6,83.2,47.7,12.73,13.4,63.8,99.4,1030.0,0,3.0,11.64,4.83
EV116087,2021.0,8167.0,48.0,87.61,0.3315,97.44,65.5,1.0,0.157,6.8,12.7,79.5,56.8,4.94,17.3,62.8,79.3,1117.0,0,4.0,0.2,5.17
EV162372,2016.0,56046.0,173.0,88.32,0.4158,94.46,56.62,1.0,0.452,5.9,16.3,51.5,75.3,24.48,35.9,43.7,48.2,911.0,0,4.0,11.68,10.2
EV207019,2016.0,150604.0,404.0,80.1,0.5508,97.78,64.92,7.0,0.415,36.7,51.1,72.8,54.5,15.59,58.7,57.2,81.0,880.0,0,2.0,19.9,10.03
EV213868,2021.0,7003.0,34.0,99.8,0.3955,96.24,71.35,1.0,0.341,1.9,3.0,82.9,46.5,1.926,25.1,62.7,56.0,1030.0,0,3.0,0.2,5.19
EV288932,2015.0,49636.0,240.0,75.17,0.5981,87.14,45.96,2.0,0.378,6.0,11.7,43.8,83.5,33.21,100.0,36.9,28.1,738.0,1,5.0,24.83,11.26
EV268989,2018.0,67846.0,133.0,90.86,0.5018,97.67,77.0,2.0,0.173,9.4,27.1,72.9,55.0,13.77,45.6,59.3,75.2,1251.0,0,4.0,9.14,7.92
EV202393,2017.0,5157.0,18.0,97.36,0.5103,95.64,41.98,6.0,0.176,1.0,3.0,47.5,45.7,18.89,57.7,57.4,79.3,775.0,0,2.0,2.64,8.99
EV168338,2018.0,48348.0,170.0,87.61,0.4676,95.73,70.28,4.0,0.066,10.1,23.5,64.3,53.5,17.21,20.6,57.9,84.3,1253.0,0,3.0,,7.76
EV181242,2020.0,62118.0,259.0,83.89,0.461,97.05,34.64,6.0,0.306,31.5,38.6,84.3,64.2,14.67,44.0,52.4,51.3,801.0,0,1.0,16.11,5.85
EV109437,2020.0,147918.0,319.0,87.61,0.8225,89.46,51.97,5.0,0.855,65.4,98.5,69.1,56.8,40.67,57.2,54.0,0.0,291.0,1,2.0,38.72,5.02
EV242722,2019.0,79628.0,181.0,78.55,0.6312,95.41,69.12,1.0,0.202,19.1,43.2,74.7,52.5,24.93,35.4,67.0,48.1,472.0,0,1.0,21.45,7.0
EV239563,2021.0,89615.0,201.0,90.35,0.5275,96.72,70.06,7.0,0.454,15.2,48.8,80.8,53.2,19.51,21.4,64.2,52.1,1171.0,0,4.0,9.65,4.87
EV243441,2021.0,157619.0,744.0,49.98,0.9745,82.17,21.35,15.0,0.786,33.0,102.5,76.1,82.3,38.97,100.0,43.2,0.0,460.0,1,3.0,50.02,5.11
EV166413,2017.0,297360.0,659.0,64.13,0.7418,90.69,61.05,7.0,0.761,72.9,113.6,55.5,77.9,30.74,86.6,46.5,0.0,559.0,1,2.0,35.87,8.97
EV176331,2020.0,105135.0,232.0,71.16,0.7075,93.85,61.9,2.0,0.856,32.2,59.0,77.4,73.3,12.64,57.3,44.6,0.0,400.0,1,4.0,28.84,6.0
EV127531,2016.0,35599.0,137.0,90.72,0.4499,95.68,78.76,1.0,0.318,9.1,17.3,53.8,62.4,25.31,13.7,49.8,65.6,1038.0,0,3.0,9.28,9.77
EV222915,2020.0,86714.0,192.0,89.59,0.4573,96.12,75.33,5.0,0.137,24.2,46.9,71.0,74.5,19.52,57.3,54.7,90.0,1030.0,0,3.0,10.41,5.81
EV193591,2019.0,109127.0,492.0,87.61,0.5716,93.59,31.68,8.0,0.269,29.0,49.8,61.1,49.9,26.39,11.4,57.6,30.8,711.0,0,4.0,24.37,6.83
EV128153,2020.0,146875.0,474.0,79.19,0.5303,93.28,64.02,8.0,0.255,27.5,92.6,74.5,56.8,19.78,48.7,45.1,12.9,791.0,0,2.0,20.81,5.81
EV245502,2023.0,8271.0,26.0,92.83,0.4204,95.16,62.21,1.0,0.534,4.7,15.9,83.2,61.9,17.27,56.5,58.5,23.4,1073.0,0,2.0,7.17,2.89
EV286526,2020.0,121964.0,375.0,88.54,0.5188,94.6,62.14,5.0,0.27,32.1,62.2,89.3,55.1,14.37,21.8,64.0,67.6,984.0,0,0.0,11.46,5.92
EV166615,2024.0,16890.0,41.0,96.56,0.4463,94.98,53.84,3.0,0.232,28.1,35.6,85.3,52.2,12.4,13.4,52.5,51.6,1444.0,0,7.0,3.44,1.94
EV169648,2022.0,46510.0,101.0,94.78,0.4446,96.78,88.47,2.0,0.427,7.9,24.7,77.2,42.4,18.1,39.0,66.6,51.6,1354.0,0,2.0,5.22,4.01
EV270855,2015.0,161689.0,623.0,55.73,0.7099,88.63,64.02,3.0,0.38,21.5,47.0,48.0,90.8,34.61,75.9,29.6,32.6,307.0,1,1.0,44.27,11.03
EV126797,2018.0,67793.0,147.0,91.78,0.4202,93.69,82.62,4.0,0.124,9.9,30.9,63.0,67.1,17.59,0.0,56.9,66.9,978.0,0,1.0,8.22,8.12
EV254516,2024.0,25924.0,186.0,89.58,0.4383,94.67,28.52,9.0,0.107,17.2,42.5,97.9,52.8,18.33,25.2,57.4,78.1,1030.0,0,,10.42,1.83
EV106931,2017.0,56615.0,321.0,84.43,0.549,97.22,32.09,6.0,0.555,20.4,25.4,56.8,61.8,21.12,45.9,61.6,32.6,994.0,0,3.0,15.57,8.85
EV187678,2017.0,188724.0,456.0,67.18,0.5892,91.04,53.75,7.0,0.432,50.9,70.1,67.9,77.9,20.01,41.8,40.3,24.8,502.0,0,6.0,32.82,9.14
EV219347,2020.0,39207.0,147.0,92.59,0.345,97.7,46.13,3.0,0.105,8.3,26.9,69.1,62.4,7.19,12.8,56.9,52.1,966.0,0,1.0,7.41,5.95
EV294214,2021.0,25990.0,113.0,87.61,0.4144,97.77,68.7,2.0,0.247,10.8,22.7,63.6,80.1,19.35,33.1,39.0,63.1,988.0,0,2.0,6.52,4.94
EV197145,2022.0,30959.0,133.0,91.41,0.455,96.12,48.75,6.0,0.206,17.5,40.2,83.9,47.2,5.39,27.1,56.9,74.7,1242.0,0,2.0,8.59,3.77
EV165524,2022.0,30375.0,97.0,93.14,0.3713,95.4,89.35,2.0,0.098,9.6,28.6,85.2,64.0,13.8,30.5,49.1,83.0,1008.0,0,2.0,,4.07
EV206693,2024.0,60199.0,96.0,95.45,0.423,97.94,88.84,8.0,0.233,25.7,76.6,90.2,50.8,14.91,34.9,64.9,57.7,1274.0,0,2.0,4.55,1.95
EV239919,2019.0,180808.0,648.0,70.31,0.6585,90.37,41.2,10.0,0.209,51.9,91.0,69.8,54.9,19.1,64.3,50.8,52.0,577.0,1,2.0,29.69,6.86
EV284562,2020.0,500.0,1.0,99.8,0.3642,97.47,99.96,1.0,0.281,2.0,4.3,74.7,50.8,10.74,26.8,52.8,58.0,1483.0,0,1.0,0.2,6.02
EV113465,2024.0,500.0,55.0,99.18,0.3987,93.83,42.12,1.0,0.447,2.1,3.0,97.6,53.8,12.29,16.8,60.9,12.8,1495.0,0,1.0,0.82,1.75
EV278943,2024.0,46491.0,246.0,87.61,0.366,96.83,47.67,5.0,0.163,18.3,44.9,92.7,58.6,8.46,9.0,49.5,57.1,862.0,0,2.0,11.26,2.09
EV182375,2021.0,49679.0,211.0,85.28,0.4425,95.23,70.5,5.0,0.363,14.8,32.2,81.7,60.8,22.72,29.8,56.5,46.9,842.0,0,0.0,,
EV147711,2024.0,20787.0,103.0,97.56,0.3759,95.98,88.4,4.0,0.151,10.9,34.2,93.7,50.2,2.67,12.5,60.7,92.7,1419.0,0,1.0,2.44,2.37
EV242622,2023.0,30433.0,72.0,87.61,0.3696,94.93,113.2,1.0,0.369,21.0,33.8,82.6,66.3,9.83,41.9,56.3,63.0,1039.0,0,2.0,5.87,3.0
EV111553,2015.0,78549.0,970.0,59.3,0.7142,90.71,36.85,11.0,0.294,29.1,93.2,52.0,66.3,32.68,40.0,54.3,51.6,302.0,1,3.0,40.7,10.95
EV273993,2016.0,18541.0,63.0,93.08,0.4523,94.21,57.53,1.0,0.24,1.0,3.0,54.2,43.6,29.88,28.7,60.7,57.0,690.0,0,0.0,6.92,9.86
EV133774,2015.0,67540.0,113.0,92.62,0.4481,98.4,94.14,5.0,0.319,7.5,21.4,67.7,53.2,13.53,46.4,61.1,72.1,1264.0,0,1.0,7.38,10.63
EV115856,2016.0,203197.0,545.0,49.12,0.8642,89.44,37.99,7.0,0.346,55.0,68.0,49.1,56.3,35.37,31.5,55.6,18.6,128.0,1,2.0,50.88,9.99
EV274678,2021.0,500.0,53.0,99.8,0.3564,95.77,31.95,1.0,0.035,4.1,5.0,78.2,56.7,14.41,22.1,60.1,93.5,1135.0,0,3.0,0.2,4.94
EV208272,2018.0,77895.0,146.0,93.17,0.4599,95.7,75.74,3.0,0.319,9.5,28.0,54.1,54.2,17.25,38.7,58.3,82.1,1230.0,0,,6.83,8.19
EV150918,2024.0,18545.0,38.0,99.8,0.4015,99.2,92.77,4.0,0.108,10.6,13.8,89.6,51.7,8.18,7.2,53.2,83.6,1413.0,0,5.0,0.2,2.07
EV154009,2017.0,18825.0,96.0,96.35,0.3577,97.67,82.26,1.0,0.107,1.2,3.0,64.9,65.3,16.19,19.3,60.1,100.0,1081.0,0,2.0,3.65,9.03
EV229767,2020.0,222838.0,488.0,62.6,0.5792,90.56,57.55,7.0,0.812,55.2,122.7,70.3,68.1,36.21,41.9,50.5,0.0,444.0,1,7.0,37.4,6.03
EV100158,2016.0,126566.0,401.0,72.48,0.6439,94.98,52.36,1.0,0.005,13.0,39.6,59.9,69.7,21.7,62.4,50.0,72.6,845.0,1,4.0,27.52,10.33
EV149168,2016.0,203645.0,214.0,54.94,0.646,92.41,24.59,9.0,0.448,49.7,76.6,52.3,78.4,42.05,59.4,56.9,19.0,110.0,1,5.0,45.06,9.86
EV218103,2022.0,111207.0,308.0,75.78,0.5959,93.92,41.38,11.0,0.434,39.5,96.8,80.4,53.4,19.26,50.5,59.3,8.0,797.0,0,1.0,24.22,3.75
EV120128,2016.0,357315.0,1156.0,44.81,0.7821,88.36,28.21,14.0,0.51,54.1,116.3,56.9,94.2,38.35,56.2,30.2,0.0,0.0,1,1.0,55.19,10.1
EV188673,2020.0,242931.0,648.0,61.51,0.6468,92.04,46.77,9.0,0.371,40.1,120.5,62.5,77.1,40.9,21.9,42.9,31.0,338.0,1,5.0,38.49,6.31
EV243029,2021.0,179901.0,712.0,58.17,0.6481,91.99,29.38,11.0,0.714,48.7,122.3,92.8,93.5,29.73,47.5,27.3,5.8,268.0,1,3.0,41.83,4.73
EV145901,2022.0,29887.0,64.0,99.56,0.4437,96.67,71.98,1.0,0.222,16.1,33.1,90.7,51.8,6.35,41.9,64.1,52.1,1398.0,0,1.0,0.44,3.8
EV185361,2021.0,20291.0,118.0,92.16,0.3662,93.7,68.5,1.0,0.302,5.9,10.5,73.2,61.7,27.26,0.0,52.8,72.0,1041.0,0,,7.84,5.43
EV197177,2022.0,113219.0,428.0,77.13,0.5798,94.19,37.0,4.0,0.476,29.8,91.2,81.4,58.7,20.16,52.2,52.4,1.1,851.0,0,2.0,22.87,4.02
EV173390,2024.0,21612.0,1.0,99.8,0.3325,97.96,76.84,4.0,0.228,17.2,55.5,88.7,59.8,9.07,12.6,59.5,78.5,1030.0,0,1.0,0.2,2.03
EV146852,2017.0,441765.0,1699.0,43.3,0.8768,91.2,21.35,12.0,0.626,45.8,159.1,68.2,82.7,35.44,82.5,35.0,0.0,0.0,1,2.0,56.7,9.18
EV222926,2023.0,29840.0,135.0,87.61,0.3707,94.98,89.8,2.0,0.469,18.4,35.9,87.7,49.6,15.24,18.4,58.8,9.3,1276.0,0,2.0,5.65,2.9
EV186711,2017.0,159995.0,263.0,87.61,0.4469,93.26,118.47,4.0,0.277,49.7,61.1,68.1,51.2,15.28,34.3,62.2,45.6,1101.0,0,0.0,6.66,8.79
EV148343,2018.0,100259.0,311.0,86.93,0.5357,94.98,58.26,3.0,0.078,11.9,41.2,61.4,54.2,17.01,0.0,58.7,69.4,1045.0,0,1.0,13.07,7.87
EV239318,2018.0,109501.0,237.0,87.24,0.5072,95.48,86.2,5.0,0.232,18.9,47.1,64.4,59.6,17.71,18.5,56.4,79.8,1062.0,0,3.0,12.76,7.94
EV240389,2020.0,71645.0,154.0,87.69,0.4933,93.33,114.09,1.0,0.397,17.4,24.1,61.6,58.2,17.89,55.1,54.0,33.9,1212.0,0,2.0,12.31,10.03
EV140761,2022.0,83241.0,265.0,84.6,0.473,94.57,43.62,5.0,0.33,20.9,55.6,78.0,57.3,20.02,49.2,56.9,41.9,1068.0,0,1.0,15.4,4.22
EV228772,2022.0,74452.0,345.0,60.11,0.8836,89.97,24.89,13.0,0.321,26.8,58.3,72.0,68.2,31.49,47.6,56.9,10.5,259.0,1,5.0,39.89,4.12
EV113669,2024.0,17548.0,108.0,94.26,0.4495,98.95,54.91,2.0,0.377,29.3,39.2,91.9,56.8,13.64,44.0,53.5,51.9,1310.0,0,3.0,5.74,2.17
EV205615,2019.0,231847.0,815.0,58.48,0.6804,91.03,34.17,8.0,0.89,36.9,47.1,80.9,68.2,18.33,74.1,41.5,0.0,395.0,1,3.0,41.52,7.04
EV142149,2019.0,65526.0,425.0,87.61,0.6088,96.77,25.16,6.0,0.319,14.8,32.3,63.1,60.0,32.98,48.8,52.9,22.1,792.0,1,3.0,23.86,7.21
EV210604,2018.0,50470.0,90.0,96.85,0.4023,97.19,90.4,2.0,0.151,14.9,26.3,69.5,56.8,19.66,18.1,70.3,93.9,1400.0,0,2.0,3.15,8.11
EV109473,2020.0,9868.0,27.0,98.28,0.3914,96.34,45.34,1.0,0.589,3.6,9.9,86.9,48.6,13.1,38.0,65.8,32.8,1511.0,0,4.0,1.72,1.8
EV208981,2018.0,258285.0,952.0,50.65,0.6922,89.18,28.52,10.0,0.63,56.8,100.3,61.2,83.9,41.18,36.1,33.8,0.0,139.0,1,6.0,49.35,8.15
EV258833,2024.0,22004.0,3.0,96.94,0.4589,97.6,76.02,7.0,0.706,18.7,35.6,72.8,60.3,6.56,63.5,56.1,22.4,1431.0,0,4.0,3.06,1.9
EV164761,2018.0,254135.0,1335.0,75.56,0.8253,92.96,31.46,19.0,0.782,41.5,104.5,72.8,37.9,29.04,75.0,65.1,52.1,2030.0,1,2.0,24.44,8.1
EV255692,2019.0,78549.0,141.0,93.04,0.4241,95.85,63.4,2.0,0.197,14.0,23.8,72.3,48.0,13.3,25.7,68.1,90.9,1207.0,0,4.0,6.96,6.85
EV195525,2020.0,55395.0,176.0,92.56,0.3583,94.97,46.45,3.0,0.216,18.7,29.5,68.0,67.5,10.8,23.4,48.3,68.1,959.0,0,2.0,7.44,6.16
EV170812,2023.0,78549.0,238.0,89.3,0.4414,97.66,44.85,4.0,0.189,24.7,66.1,100.0,56.9,20.99,0.7,59.2,74.6,1030.0,0,2.0,10.7,2.89
EV153360,2023.0,17298.0,3.0,99.8,0.3903,95.04,67.94,2.0,0.198,3.5,8.8,86.3,53.9,0.0,66.4,55.1,52.1,1468.0,0,0.0,0.2,3.04
EV115462,2015.0,78549.0,229.0,90.58,0.4759,95.87,81.88,3.0,0.155,8.8,25.0,49.1,49.5,17.07,14.7,71.1,89.0,1097.0,0,1.0,9.42,10.88
EV131039,2018.0,80757.0,303.0,85.94,0.4105,94.03,49.28,5.0,0.096,9.1,29.2,66.8,70.0,17.68,11.2,47.9,79.6,802.0,0,4.0,14.06,8.25
EV280147,2020.0,64908.0,125.0,99.8,0.3622,98.24,86.87,7.0,0.22,12.5,38.7,79.5,45.1,14.98,39.3,60.4,89.5,1408.0,0,5.0,0.2,6.11
EV232504,2023.0,60358.0,174.0,89.57,0.4794,94.47,55.3,7.0,0.046,26.5,61.5,87.0,51.4,21.11,39.6,63.8,95.2,1030.0,0,3.0,10.43,3.02
EV150553,2023.0,35625.0,55.0,96.54,0.3669,96.43,83.25,1.0,0.243,29.4,37.8,89.4,64.1,7.64,26.4,50.2,54.1,1030.0,0,1.0,,3.08
EV183776,2021.0,35107.0,1.0,93.34,0.4715,97.27,111.86,1.0,0.369,15.9,24.7,63.8,67.2,16.54,54.4,49.9,63.4,1396.0,0,0.0,6.66,5.0
EV213005,2016.0,106647.0,392.0,77.08,0.5933,92.56,35.52,3.0,0.123,26.7,34.6,51.3,67.2,19.67,53.8,53.3,57.3,893.0,0,3.0,22.92,10.27
EV202643,2020.0,105413.0,242.0,84.32,0.5546,95.96,77.06,3.0,0.318,28.3,57.1,70.5,57.2,25.31,53.5,53.5,39.8,1063.0,0,4.0,15.68,6.37
EV167935,2016.0,27142.0,33.0,99.8,0.4568,96.86,64.02,3.0,0.319,6.1,8.3,68.4,47.9,15.37,0.0,66.8,65.5,1467.0,0,2.0,0.2,9.83
EV196603,2021.0,93561.0,253.0,80.57,0.4853,93.76,54.11,4.0,0.517,47.2,66.8,79.9,56.8,21.49,8.7,40.3,24.4,779.0,0,1.0,19.43,4.96
EV105452,2016.0,140787.0,329.0,63.46,0.7973,91.61,51.56,3.0,0.673,30.4,42.7,59.3,55.3,26.88,78.3,63.8,52.1,299.0,1,4.0,36.54,10.2
EV262772,2020.0,43838.0,135.0,92.32,0.4487,96.97,65.3,2.0,0.148,9.4,28.3,84.6,53.5,5.3,42.0,59.9,60.3,1236.0,0,2.0,,6.01
EV225391,2017.0,118911.0,248.0,88.44,0.4668,96.42,64.02,5.0,0.504,16.9,44.4,72.8,53.6,18.33,37.7,59.4,6.8,1144.0,0,2.0,11.56,8.9
EV241047,2020.0,81650.0,231.0,76.41,0.617,93.92,55.16,3.0,0.234,24.0,47.1,65.9,53.3,26.18,31.9,57.7,47.1,422.0,0,,23.59,6.01
EV173299,2016.0,121937.0,338.0,68.48,0.7346,93.46,47.27,5.0,0.028,25.2,42.4,47.7,55.6,28.83,17.5,59.9,52.1,1030.0,0,2.0,31.52,9.98
EV184525,2019.0,71956.0,168.0,83.79,0.4389,96.83,55.63,2.0,0.319,24.5,34.6,55.1,76.0,17.18,33.2,42.9,63.6,831.0,0,2.0,16.21,6.9
EV175979,2016.0,9603.0,24.0,99.8,0.3336,98.25,100.04,1.0,0.3,1.0,3.0,55.2,65.4,17.89,18.0,55.1,48.9,1186.0,0,2.0,0.2,10.16
EV175672,2021.0,35371.0,140.0,83.93,0.581,93.9,58.62,1.0,0.319,12.0,18.6,78.5,44.8,16.79,24.5,64.1,62.6,534.0,0,2.0,16.07,4.97
EV238974,2019.0,222316.0,663.0,67.44,0.6132,92.94,44.28,5.0,0.709,40.5,106.0,49.1,60.4,43.92,69.4,53.6,0.0,560.0,1,3.0,32.56,7.18
EV220453,2015.0,37551.0,65.0,99.8,0.4342,97.39,96.09,2.0,0.21,4.3,14.2,72.8,47.6,11.32,13.8,65.6,98.4,1380.0,0,2.0,0.2,11.05
EV299110,2022.0,28050.0,57.0,97.52,0.3824,94.98,90.95,1.0,0.261,11.3,29.5,84.1,50.5,13.43,44.1,67.2,72.0,1030.0,0,0.0,2.48,4.14
EV155037,2020.0,15304.0,45.0,99.8,0.4052,97.08,46.07,2.0,0.319,3.4,8.1,72.8,47.8,11.71,26.6,63.3,99.6,1422.0,0,1.0,0.2,9.84
EV283431,2022.0,78549.0,291.0,86.44,0.4636,98.07,53.84,5.0,0.093,46.4,72.3,80.2,50.1,12.37,26.6,59.4,94.3,1046.0,0,5.0,13.56,4.28
EV121820,2019.0,260715.0,814.0,62.61,0.7682,91.18,37.57,11.0,0.592,34.9,120.3,84.3,63.6,26.19,45.2,51.1,0.0,444.0,1,4.0,37.39,6.94
EV229734,2020.0,25541.0,60.0,98.02,0.5063,96.65,92.99,1.0,0.137,11.0,36.5,90.1,58.6,16.04,21.4,54.6,93.5,1129.0,0,1.0,1.98,2.78
EV184741,2023.0,35044.0,80.0,92.49,0.476,94.98,67.0,7.0,0.317,17.2,44.2,74.5,41.7,11.35,47.5,70.0,49.0,672.0,0,3.0,7.51,2.88
EV143598,2018.0,42638.0,134.0,94.27,0.4189,95.18,87.24,1.0,0.376,11.2,20.0,56.0,46.0,19.9,11.7,67.5,68.4,1234.0,0,1.0,5.73,7.66
EV262760,2017.0,146335.0,386.0,77.88,0.6371,94.31,64.08,5.0,0.485,32.2,55.5,65.4,65.1,12.53,74.2,48.1,48.3,842.0,0,0.0,22.12,9.11
EV126733,2024.0,500.0,1.0,99.8,0.3875,98.9,55.46,1.0,0.307,1.3,47.1,86.7,51.3,9.35,43.2,64.4,68.6,1456.0,0,2.0,0.2,1.91
EV237482,2015.0,118042.0,243.0,91.22,0.5063,97.3,89.7,3.0,0.077,22.9,36.9,55.8,45.9,15.46,21.7,60.3,84.6,1181.0,0,2.0,8.78,11.16
EV245688,2018.0,114224.0,270.0,84.97,0.5206,97.25,79.68,4.0,0.376,13.3,43.7,72.4,54.8,15.06,28.1,67.0,78.7,1043.0,0,4.0,15.03,8.19
EV187459,2020.0,25505.0,170.0,93.4,0.4683,94.86,53.54,1.0,0.23,20.4,3.0,70.5,55.5,15.16,17.6,54.6,61.6,1223.0,0,,6.6,6.02
EV241733,2021.0,23259.0,59.0,98.15,0.4371,96.21,77.58,2.0,0.444,8.3,14.4,71.2,58.3,0.0,45.1,58.2,54.9,1408.0,0,0.0,1.85,5.15
EV261289,2017.0,217873.0,563.0,70.83,0.6592,92.2,50.25,9.0,0.372,22.5,75.9,66.3,61.3,32.61,14.3,51.4,20.6,658.0,1,4.0,29.17,9.1
EV113328,2022.0,9099.0,1.0,99.8,0.3035,94.98,74.14,2.0,0.049,8.1,10.2,82.1,48.1,17.21,21.4,62.0,97.3,1205.0,0,0.0,0.2,3.65
EV101690,2022.0,15635.0,93.0,93.07,0.4374,93.37,40.86,4.0,0.28,4.7,14.0,92.5,52.3,10.67,16.2,63.6,64.5,1338.0,0,4.0,6.93,4.08
EV267080,2023.0,94527.0,188.0,87.6,0.5005,94.28,77.53,4.0,0.496,33.5,103.2,89.9,51.2,13.28,52.1,60.9,0.0,1125.0,0,3.0,12.4,2.94
EV118689,2018.0,112996.0,386.0,80.48,0.563,95.05,43.12,4.0,0.319,18.8,46.9,71.4,52.9,27.3,24.1,61.8,63.0,914.0,0,3.0,19.52,7.9
EV243332,2015.0,80366.0,189.0,89.92,0.4944,96.68,76.69,4.0,0.192,8.5,26.0,68.9,53.4,19.14,1.3,62.5,41.5,1164.0,0,4.0,10.08,11.09
EV285667,2015.0,18731.0,11.0,99.8,0.3736,96.99,110.94,1.0,0.11,1.9,47.1,59.2,52.8,1.43,16.2,62.1,90.5,1148.0,0,1.0,0.2,10.88
EV180827,2015.0,133830.0,259.0,86.13,0.4371,95.75,79.22,3.0,0.361,16.1,44.2,66.8,65.3,19.94,12.4,55.2,59.4,808.0,0,1.0,,11.12
EV153470,2019.0,22193.0,55.0,95.12,0.4503,91.58,67.04,1.0,0.361,4.4,12.1,69.0,74.9,7.36,73.4,46.9,44.3,1064.0,0,3.0,4.88,7.1
EV205619,2018.0,197437.0,454.0,57.19,0.8758,94.98,48.44,9.0,0.425,24.9,79.9,66.5,69.5,32.07,33.2,52.7,24.2,207.0,1,6.0,42.81,8.17
EV195010,2020.0,11453.0,48.0,87.61,0.3504,96.89,49.8,1.0,0.411,1.7,3.0,96.5,53.4,1.03,16.7,59.5,45.1,1145.0,0,2.0,2.16,5.94
EV246853,2017.0,76006.0,318.0,83.64,0.5386,95.14,40.97,5.0,0.049,9.0,25.0,59.9,52.5,18.56,0.0,63.2,46.9,1021.0,0,6.0,16.36,9.11
EV266853,2020.0,226108.0,214.0,66.16,0.6846,91.91,64.02,9.0,0.581,52.0,47.1,68.8,67.4,26.95,50.1,56.9,25.6,528.0,1,3.0,,6.95
EV295168,2023.0,78549.0,22.0,99.8,0.3674,98.69,122.69,1.0,0.056,7.2,19.9,92.9,64.4,11.29,25.5,53.6,100.0,1162.0,0,3.0,0.2,3.03
EV261446,2022.0,78549.0,347.0,83.72,0.5399,94.25,68.27,5.0,0.397,40.6,47.1,80.1,63.0,23.74,27.8,50.7,18.5,970.0,0,3.0,,3.95
EV239243,2021.0,69561.0,214.0,81.72,0.4712,94.82,31.67,8.0,0.115,26.0,31.9,85.6,59.9,20.34,21.9,57.7,63.2,932.0,0,0.0,18.28,5.13
EV291728,2024.0,30912.0,91.0,93.41,0.3854,94.67,68.29,5.0,0.274,19.1,61.0,90.2,63.7,14.94,31.0,54.7,67.6,1032.0,0,1.0,6.59,1.73
EV114452,2020.0,78549.0,492.0,74.71,0.6348,93.83,31.72,9.0,0.145,18.6,63.3,74.9,53.4,22.59,37.6,63.5,52.1,754.0,0,5.0,25.29,5.92
EV251776,2023.0,39730.0,81.0,97.71,0.4081,99.5,64.28,5.0,0.162,19.2,55.6,98.3,42.0,5.6,5.4,69.8,100.0,1383.0,0,0.0,2.29,3.04
EV109832,2023.0,27490.0,146.0,90.2,0.4896,94.45,40.3,6.0,0.526,16.4,32.1,89.9,56.0,18.92,33.2,63.8,51.3,1241.0,0,1.0,9.8,2.84
EV199747,2023.0,22143.0,54.0,93.14,0.4251,96.01,61.66,1.0,0.254,9.0,24.1,80.3,63.6,20.86,52.4,52.4,97.4,1119.0,0,3.0,6.86,3.02
EV167182,2020.0,19856.0,147.0,93.01,0.4442,98.18,35.38,7.0,0.682,2.3,6.9,82.1,45.9,13.46,31.0,66.6,56.1,1231.0,0,1.0,6.99,5.94
EV263245,2018.0,48108.0,169.0,92.14,0.4821,97.19,45.74,6.0,0.241,17.6,24.2,71.4,56.2,19.63,54.3,56.2,100.0,1205.0,0,1.0,,8.34
EV257345,2017.0,108301.0,418.0,59.2,0.7422,91.18,35.99,4.0,0.312,20.4,45.1,61.1,62.3,36.49,35.2,46.3,32.1,216.0,1,3.0,40.8,
EV173402,2022.0,19388.0,10.0,98.17,0.4682,96.7,74.8,1.0,0.44,6.0,18.7,61.3,38.5,6.04,16.3,69.3,49.4,1415.0,0,2.0,1.83,4.04
EV103711,2023.0,19393.0,17.0,97.5,0.362,96.33,116.61,3.0,0.303,16.2,48.0,87.3,48.5,11.89,24.4,67.7,54.3,1417.0,0,2.0,2.5,2.74
EV259588,2015.0,202838.0,448.0,79.62,0.572,93.32,69.89,3.0,0.651,20.4,60.4,59.3,56.0,21.82,18.3,56.5,34.5,814.0,0,4.0,20.38,10.81
EV199053,2023.0,60262.0,125.0,88.57,0.4316,96.99,76.62,8.0,0.176,18.8,58.0,78.9,67.6,28.63,52.4,56.1,88.1,955.0,0,2.0,11.43,2.91
EV242648,2018.0,72657.0,190.0,85.05,0.5292,96.23,77.3,1.0,0.456,7.9,27.0,73.4,51.0,9.94,38.4,56.9,51.6,1114.0,0,1.0,14.95,7.94
EV147477,2020.0,23453.0,39.0,98.29,0.3685,97.02,79.84,2.0,0.08,5.0,11.1,72.8,52.7,18.74,6.5,57.2,92.8,1428.0,0,,1.71,5.88
EV223453,2016.0,140893.0,530.0,71.88,0.5693,94.06,37.03,4.0,0.33,19.6,47.4,52.1,59.4,26.65,64.5,46.5,55.4,708.0,1,2.0,28.12,10.01
EV294295,2017.0,57868.0,170.0,92.16,0.4734,96.36,68.91,7.0,0.225,12.0,21.6,54.2,52.9,26.05,39.3,55.7,73.6,1244.0,0,2.0,7.84,8.88
EV109353,2024.0,34242.0,54.0,87.61,0.3591,94.98,84.5,9.0,0.068,40.3,81.6,86.3,48.7,13.37,10.9,64.2,57.4,1445.0,0,1.0,0.31,1.66
EV170492,2018.0,220869.0,635.0,64.03,0.5994,89.11,42.83,9.0,0.314,33.0,84.5,71.9,84.9,37.13,29.5,34.0,36.8,362.0,1,4.0,35.97,8.13
EV125320,2022.0,132873.0,364.0,82.05,0.5595,92.65,64.3,6.0,0.693,43.2,106.3,94.0,46.7,15.78,46.9,62.8,0.0,867.0,0,2.0,17.95,4.19
EV137291,2018.0,132938.0,363.0,81.0,0.5376,93.51,55.63,7.0,0.621,20.3,58.2,62.0,59.5,20.43,44.2,51.3,9.6,932.0,0,1.0,19.0,7.79
EV272334,2021.0,39478.0,72.0,98.66,0.3711,97.14,82.73,7.0,0.143,18.8,25.8,76.5,56.8,14.44,22.7,67.7,100.0,1357.0,0,,1.34,5.28
EV109624,2015.0,414969.0,1518.0,48.25,0.7975,87.51,25.57,18.0,0.461,89.7,125.5,45.7,68.5,33.92,33.2,45.5,12.7,0.0,1,1.0,51.75,
EV157479,2019.0,182302.0,603.0,69.84,0.6189,91.58,43.42,10.0,0.278,43.6,86.2,72.1,54.4,30.74,52.8,61.9,15.6,627.0,0,3.0,30.16,6.99
EV119934,2017.0,16160.0,25.0,93.72,0.4258,96.8,61.68,1.0,0.343,1.8,3.0,53.0,50.1,24.3,30.0,71.5,62.9,1372.0,0,2.0,6.28,9.1
EV145865,2020.0,115388.0,431.0,73.64,0.5571,93.78,41.13,7.0,0.388,21.3,61.5,71.8,63.7,24.08,57.5,48.0,0.0,613.0,1,1.0,26.36,6.14
EV208256,2019.0,88306.0,278.0,81.67,0.4311,97.66,48.95,6.0,0.511,10.8,37.6,81.6,69.2,14.33,37.4,39.9,70.6,761.0,0,2.0,,7.02
EV135616,2023.0,13694.0,145.0,93.21,0.4762,97.72,57.76,1.0,0.119,3.6,11.5,88.3,51.7,8.66,16.3,56.7,96.4,1266.0,0,3.0,6.79,3.32
EV281485,2015.0,12335.0,64.0,93.83,0.4021,95.29,81.23,2.0,0.176,1.2,3.0,58.4,61.8,11.83,36.7,52.0,78.3,1036.0,0,2.0,6.17,11.21
EV155051,2020.0,199072.0,546.0,73.75,0.5665,91.58,50.89,5.0,0.215,35.3,98.4,80.8,60.0,27.79,37.2,47.9,59.4,712.0,0,3.0,26.25,6.03
EV104637,2022.0,95227.0,313.0,85.13,0.5125,94.01,53.74,9.0,0.141,39.4,75.5,74.7,53.2,12.94,41.4,56.3,70.1,1017.0,0,5.0,14.87,3.78
EV161248,2022.0,46090.0,170.0,88.95,0.4827,95.01,85.14,1.0,0.221,11.4,35.8,72.8,55.0,12.2,15.4,63.5,82.5,1182.0,0,5.0,11.05,3.94
EV193436,2018.0,103240.0,347.0,84.19,0.5283,94.98,57.23,1.0,0.134,20.3,41.5,62.0,46.3,19.85,29.9,62.0,96.4,900.0,0,3.0,15.81,8.01
EV155704,2024.0,18780.0,1.0,97.44,0.3822,98.05,112.17,3.0,0.26,8.4,26.6,88.1,56.8,23.24,27.7,63.1,80.6,1468.0,0,2.0,2.56,2.03
EV100894,2015.0,194363.0,503.0,77.41,0.6203,94.45,72.13,3.0,0.319,19.4,61.1,64.1,62.4,14.53,0.0,55.3,49.9,766.0,0,0.0,22.59,11.14
EV146870,2024.0,4178.0,24.0,97.11,0.3287,95.82,70.91,1.0,0.671,1.4,4.2,87.3,47.9,16.36,34.2,59.0,7.1,1453.0,0,2.0,2.89,1.95
EV166668,2018.0,95984.0,158.0,75.91,0.7285,91.26,91.0,2.0,0.389,18.6,38.6,69.6,63.0,21.37,62.4,44.0,36.0,468.0,1,4.0,24.09,7.89
EV174381,2017.0,3906.0,1.0,98.49,0.3762,94.42,81.95,4.0,0.24,1.4,4.8,61.6,62.2,10.77,46.1,52.8,69.8,1186.0,0,1.0,1.51,9.21
EV289500,2017.0,139840.0,231.0,82.49,0.4252,95.3,103.2,1.0,0.173,20.4,55.1,58.1,65.4,25.88,0.0,52.5,83.5,822.0,0,6.0,17.51,8.86
EV154428,2016.0,259576.0,796.0,66.22,0.7178,91.94,41.91,10.0,0.132,30.0,86.8,32.5,63.5,52.59,0.0,61.4,69.8,463.0,1,7.0,33.78,9.97
EV285557,2022.0,16347.0,214.0,93.81,0.4531,96.61,62.2,1.0,0.205,4.8,47.1,72.8,56.0,12.41,29.4,60.9,92.8,1360.0,0,1.0,6.19,3.95
EV105584,2016.0,159193.0,249.0,88.01,0.4672,94.97,111.21,6.0,0.236,20.4,50.7,54.8,50.5,15.71,10.2,59.0,73.2,1091.0,0,6.0,11.99,10.1
EV272320,2022.0,60027.0,221.0,87.36,0.4833,96.5,38.82,6.0,0.334,15.6,48.2,72.3,55.7,14.54,27.2,63.9,70.3,1030.0,0,1.0,12.64,4.06
EV233077,2020.0,79863.0,328.0,87.61,0.5031,95.26,42.43,4.0,0.328,15.6,45.6,81.7,50.3,17.46,0.0,60.7,49.1,980.0,0,1.0,14.64,
EV250354,2020.0,10173.0,80.0,94.83,0.4457,93.25,70.89,1.0,0.095,1.2,3.0,81.1,56.8,12.68,26.1,60.7,74.7,1323.0,0,2.0,5.17,6.03
EV107657,2024.0,17412.0,22.0,96.79,0.4049,98.17,87.71,2.0,0.48,6.8,23.1,91.8,53.5,6.93,47.9,54.0,41.2,1389.0,0,0.0,,1.78
EV223053,2022.0,13685.0,68.0,98.28,0.3494,98.15,64.02,4.0,0.248,7.8,9.5,72.8,61.3,23.45,25.1,51.0,77.7,1120.0,0,2.0,1.72,4.11
EV263272,2021.0,33956.0,103.0,85.02,0.5685,95.17,80.83,1.0,0.231,11.8,23.2,84.9,37.4,15.56,22.1,69.8,68.6,597.0,0,1.0,14.98,4.76
EV213909,2015.0,203232.0,546.0,74.02,0.6223,95.28,52.97,5.0,0.405,22.0,47.1,57.6,51.1,25.33,17.5,65.3,52.1,762.0,0,1.0,25.98,11.12
EV218837,2023.0,65547.0,147.0,93.32,0.3937,96.1,86.7,4.0,0.125,32.9,78.7,78.3,59.1,16.06,9.2,49.8,97.1,961.0,0,1.0,6.68,3.06
EV169479,2018.0,123543.0,338.0,64.96,0.7053,91.74,43.53,8.0,0.701,34.4,64.3,70.1,50.6,24.22,51.7,67.3,6.8,319.0,0,3.0,35.04,7.81
EV176060,2016.0,105132.0,324.0,87.61,0.4682,94.26,63.49,3.0,0.315,19.3,33.3,72.8,61.9,25.6,48.7,54.7,38.8,679.0,0,3.0,21.9,9.93
EV235811,2018.0,9912.0,3.0,99.8,0.3505,97.13,94.38,1.0,0.22,1.9,3.1,67.3,52.6,5.29,46.7,55.3,73.3,1493.0,0,3.0,0.2,
EV250429,2017.0,171584.0,364.0,81.91,0.5124,95.1,69.29,5.0,0.683,21.7,67.0,66.5,60.4,24.44,52.4,57.9,6.6,901.0,1,3.0,18.09,8.87
EV141321,2020.0,5334.0,36.0,99.8,0.378,96.76,58.43,4.0,0.028,4.7,47.1,67.3,52.8,12.65,29.4,58.5,69.8,1439.0,0,3.0,0.2,5.94
EV198094,2016.0,87926.0,334.0,84.12,0.5344,95.89,43.44,1.0,0.206,17.7,28.3,58.7,57.1,13.98,18.2,62.3,52.9,991.0,0,6.0,15.88,9.84
EV108306,2017.0,153349.0,593.0,72.33,0.6208,92.63,35.29,6.0,0.473,19.3,65.5,72.8,61.0,31.8,54.6,55.7,4.5,657.0,1,2.0,27.67,8.52
EV126931,2023.0,38670.0,189.0,88.34,0.5294,95.73,51.82,11.0,0.382,20.4,56.2,90.9,43.5,8.96,18.1,70.2,56.4,1030.0,0,2.0,11.66,2.9
EV169317,2021.0,72925.0,126.0,96.55,0.4035,96.23,69.09,4.0,0.507,22.5,41.1,76.7,51.5,16.49,34.0,56.9,24.8,1335.0,0,2.0,3.45,4.95
EV229852,2022.0,113826.0,268.0,87.68,0.4705,94.84,80.93,4.0,0.492,34.3,102.4,92.8,46.5,18.98,23.3,61.5,0.0,1126.0,0,0.0,12.32,3.81
EV278615,2022.0,62606.0,367.0,76.32,0.5718,94.06,26.62,9.0,0.306,17.6,49.7,79.3,64.6,34.1,13.7,48.1,45.2,1030.0,0,2.0,,
EV222723,2019.0,500.0,1.0,99.8,0.4182,99.5,101.3,1.0,0.53,1.6,4.4,72.2,53.5,9.73,69.5,55.8,52.7,1030.0,0,0.0,0.2,6.94
EV159807,2015.0,193847.0,555.0,72.43,0.5902,91.32,52.11,4.0,0.257,19.3,59.7,57.4,44.4,12.67,30.5,67.0,34.5,667.0,0,0.0,27.57,11.16
EV260434,2020.0,155609.0,444.0,70.78,0.5767,92.92,47.15,10.0,0.653,29.4,93.2,74.6,68.4,17.42,82.9,56.9,5.5,522.0,1,5.0,29.22,6.04
EV210660,2023.0,115929.0,323.0,80.26,0.5063,95.51,64.68,8.0,0.47,29.0,99.7,80.5,51.2,18.33,47.1,61.2,36.2,1030.0,0,2.0,19.74,3.34
EV179446,2019.0,78549.0,1030.0,47.53,0.7538,89.9,25.07,9.0,0.502,36.4,125.0,71.5,89.6,44.03,44.9,34.3,14.3,53.0,1,5.0,,7.18
EV214259,2019.0,174833.0,656.0,68.61,0.5063,95.12,33.0,14.0,0.463,20.4,79.8,78.4,57.1,34.1,25.1,51.7,37.3,529.0,1,7.0,31.39,
EV200957,2015.0,3657.0,1.0,99.8,0.3506,96.03,89.58,1.0,0.315,1.3,3.0,54.9,71.1,16.26,41.4,41.9,44.2,1179.0,0,2.0,0.2,11.21
EV258112,2016.0,214268.0,601.0,73.77,0.5906,91.18,51.74,10.0,0.319,26.5,66.7,56.4,56.4,34.56,41.0,56.9,29.3,1030.0,1,6.0,26.23,9.94
EV134762,2022.0,22697.0,56.0,99.8,0.3333,97.82,74.28,1.0,0.319,4.5,15.2,74.5,63.3,11.0,4.8,46.8,48.8,1166.0,0,3.0,0.2,3.85
EV285243,2021.0,100322.0,187.0,92.03,0.4873,95.38,68.31,6.0,0.513,38.6,47.1,67.3,49.0,9.3,33.2,54.8,42.2,1220.0,0,,7.97,5.05
EV155209,2023.0,41118.0,214.0,85.83,0.5063,97.73,29.38,7.0,0.193,14.7,45.7,80.7,61.1,19.12,13.1,58.7,71.4,1030.0,0,3.0,14.17,
EV126256,2016.0,197953.0,439.0,54.17,0.5063,91.9,47.72,3.0,0.319,37.7,62.7,39.5,71.3,52.36,11.8,41.3,48.5,1030.0,1,6.0,45.83,10.04
EV258497,2023.0,7104.0,1.0,96.94,0.424,97.63,59.2,3.0,0.491,8.8,14.7,86.4,52.6,13.08,52.8,69.4,39.4,1030.0,0,4.0,3.06,3.31
EV214903,2024.0,17654.0,214.0,87.61,0.3739,98.45,102.77,3.0,0.151,27.2,35.1,99.2,46.8,12.24,24.4,62.5,100.0,1423.0,0,3.0,0.2,
EV255656,2017.0,207180.0,366.0,81.54,0.525,95.05,105.83,1.0,0.261,33.9,76.8,71.8,54.4,20.91,37.2,60.5,50.0,980.0,0,,18.46,8.84
EV262267,2016.0,202066.0,441.0,72.69,0.5394,93.53,66.33,5.0,0.107,18.8,63.9,73.1,56.8,23.58,13.0,51.9,66.8,529.0,0,3.0,27.31,9.82
EV178441,2017.0,11424.0,1.0,99.28,0.344,99.11,84.72,1.0,0.317,2.5,5.9,42.1,61.3,21.28,0.0,52.7,59.9,1174.0,0,6.0,0.72,9.06
EV204022,2023.0,44592.0,184.0,89.53,0.4722,95.53,48.54,1.0,0.266,18.0,40.2,76.3,51.6,10.76,23.3,58.0,60.3,1180.0,0,3.0,10.47,3.17
EV273760,2022.0,12839.0,17.0,98.39,0.3831,97.2,45.42,1.0,0.172,1.0,3.0,78.2,60.8,9.14,49.5,59.3,97.5,1151.0,0,1.0,1.61,4.22
EV213116,2018.0,37809.0,176.0,88.94,0.4711,94.62,39.67,2.0,0.399,5.3,14.2,71.6,49.0,18.87,11.8,67.3,57.2,1175.0,0,2.0,11.06,8.0
EV280432,2022.0,16426.0,54.0,98.73,0.4302,95.99,70.84,1.0,0.017,8.6,23.0,87.2,37.0,19.21,25.9,71.6,44.1,1441.0,0,1.0,1.27,3.95
EV189096,2017.0,290510.0,852.0,59.88,0.6934,91.97,41.1,8.0,0.65,57.8,107.0,55.6,70.8,31.36,47.1,46.5,19.2,402.0,1,4.0,40.12,9.1
EV185391,2017.0,185517.0,457.0,71.64,0.552,95.13,57.77,5.0,0.346,29.7,65.6,68.1,70.8,26.65,46.5,45.0,55.7,558.0,0,2.0,28.36,9.1
EV141493,2018.0,80945.0,214.0,88.66,0.5036,96.11,62.23,2.0,0.126,17.6,33.0,56.3,50.9,27.64,14.4,66.0,83.7,1139.0,0,5.0,11.34,7.95
EV223867,2023.0,16658.0,38.0,99.8,0.3634,97.99,90.46,5.0,0.023,10.2,20.3,87.7,51.5,24.58,0.0,55.9,96.7,1455.0,0,2.0,0.2,2.87
EV297187,2018.0,189366.0,396.0,80.92,0.5215,94.18,64.02,8.0,0.411,37.7,76.3,72.4,49.0,26.55,37.2,58.7,55.1,937.0,0,2.0,19.08,8.14
EV189769,2020.0,78549.0,132.0,95.19,0.3779,96.37,63.89,1.0,0.212,8.5,25.1,82.1,47.3,15.36,17.0,62.8,62.5,1315.0,0,2.0,4.81,4.24
EV170205,2015.0,412459.0,1204.0,85.47,0.7553,93.75,60.95,14.0,0.578,63.5,122.9,72.8,37.8,34.93,54.9,66.5,0.0,2381.0,1,3.0,14.53,11.11
EV218620,2015.0,285601.0,584.0,73.98,0.5859,91.57,73.38,5.0,0.477,49.0,87.4,61.6,55.2,21.97,28.2,56.4,0.0,672.0,1,1.0,26.02,11.01
EV215749,2020.0,107554.0,172.0,84.15,0.5672,94.44,83.52,6.0,0.102,23.8,54.8,63.5,53.6,22.13,39.8,57.7,70.4,1167.0,0,3.0,15.85,6.1
EV191463,2022.0,19925.0,97.0,91.29,0.4556,93.94,38.49,4.0,0.218,10.7,32.2,66.8,61.7,20.03,60.1,48.5,69.8,1274.0,0,0.0,8.71,4.19
EV285229,2022.0,69610.0,212.0,85.15,0.43,93.83,62.05,7.0,0.441,22.6,65.9,90.3,66.8,20.3,60.4,53.7,53.3,843.0,0,1.0,14.85,4.08
EV224349,2024.0,78549.0,72.0,93.26,0.3954,97.7,67.67,8.0,0.57,13.8,41.8,93.1,64.6,13.05,45.6,49.3,18.7,1058.0,0,2.0,6.74,2.04
EV209414,2018.0,105665.0,415.0,72.11,0.6205,94.34,38.94,5.0,0.373,18.1,50.1,72.8,58.9,37.25,22.5,57.8,22.4,775.0,1,6.0,,8.07
EV160029,2019.0,176150.0,214.0,81.95,0.5773,94.98,75.15,6.0,0.351,29.7,82.8,60.7,54.4,19.44,0.0,64.0,59.1,878.0,0,3.0,18.05,7.14
EV283659,2021.0,240990.0,878.0,57.15,0.7274,91.26,32.49,21.0,0.655,50.1,159.7,69.9,68.5,35.55,33.2,55.9,4.0,321.0,1,2.0,42.85,5.09
EV229386,2017.0,156503.0,311.0,70.64,0.5726,91.24,64.84,5.0,0.378,21.1,56.1,65.1,62.2,25.59,49.2,56.9,46.3,622.0,0,3.0,29.36,8.96
EV115580,2022.0,78549.0,1.0,99.8,0.3565,98.11,79.67,1.0,0.241,1.7,3.0,95.4,53.5,13.8,48.2,52.5,69.9,1491.0,0,2.0,0.2,3.94
EV266918,2020.0,72407.0,122.0,93.94,0.4691,95.85,71.03,4.0,0.222,14.7,41.3,71.9,39.9,5.47,27.2,74.2,53.1,1261.0,0,0.0,6.06,6.1
EV191756,2015.0,26080.0,214.0,99.8,0.3759,98.33,75.1,4.0,0.288,2.0,5.9,46.7,43.9,18.33,10.6,57.3,88.6,1429.0,0,0.0,0.2,10.75
EV246540,2023.0,82730.0,193.0,89.39,0.5063,95.81,61.79,6.0,0.248,32.9,86.4,100.0,62.0,19.53,33.2,58.3,73.2,906.0,0,4.0,10.61,
EV191884,2016.0,86347.0,232.0,72.19,0.6803,94.05,55.95,2.0,0.129,16.2,23.5,65.9,53.1,29.81,7.6,57.4,79.2,413.0,0,1.0,27.81,
EV214593,2022.0,144683.0,349.0,70.95,0.5671,91.05,64.26,11.0,0.272,52.8,123.3,56.0,92.2,36.86,52.0,32.2,49.0,645.0,1,3.0,29.05,3.82
EV239520,2017.0,170742.0,566.0,56.72,0.8164,91.16,33.4,4.0,0.292,49.1,60.4,64.0,61.3,34.02,44.8,54.1,60.4,129.0,1,3.0,43.28,9.1
EV146209,2020.0,194533.0,546.0,66.24,0.6367,92.06,44.23,4.0,0.704,24.6,63.3,48.3,59.6,28.37,66.5,51.5,52.1,610.0,1,1.0,33.76,11.07
EV259520,2015.0,144880.0,582.0,71.52,0.5832,90.73,44.72,3.0,0.145,13.1,47.1,51.9,62.5,32.22,31.0,54.0,59.5,722.0,1,3.0,28.48,10.87
EV195510,2024.0,30086.0,100.0,92.48,0.4187,97.13,66.61,6.0,0.358,16.4,46.2,95.9,43.0,17.74,42.8,64.9,62.5,1284.0,0,1.0,7.52,2.07
EV124953,2023.0,26530.0,52.0,96.26,0.5,98.4,65.42,2.0,0.276,10.9,29.2,84.2,62.7,13.83,34.7,52.8,73.2,1347.0,0,4.0,3.74,2.98
EV251330,2020.0,2398.0,1.0,99.8,0.4103,95.71,78.47,1.0,0.184,1.8,3.0,85.2,45.8,11.22,15.9,66.6,52.1,1506.0,0,2.0,0.2,5.79
EV219185,2020.0,84657.0,214.0,87.98,0.5514,95.96,69.95,6.0,0.062,30.9,49.4,89.1,50.8,13.79,23.8,64.4,89.6,1100.0,0,4.0,12.02,5.76
EV112332,2018.0,74591.0,323.0,84.14,0.5347,96.19,37.24,10.0,0.34,22.7,32.6,68.5,47.3,9.5,37.7,68.5,74.3,973.0,0,2.0,15.86,7.96
EV174081,2016.0,11387.0,20.0,99.8,0.3923,97.9,78.56,1.0,0.133,2.0,3.0,59.4,62.4,22.38,0.0,53.0,97.9,1167.0,0,1.0,0.2,10.11
EV233150,2015.0,162578.0,295.0,85.36,0.4302,93.26,82.7,3.0,0.203,16.0,49.7,55.5,62.9,18.58,17.4,53.6,72.4,745.0,0,3.0,14.64,10.96
EV257066,2022.0,57717.0,87.0,87.61,0.3608,97.52,82.76,11.0,0.255,19.6,59.7,79.0,43.4,11.28,17.2,63.1,62.3,1444.0,0,1.0,1.4,3.86
EV276146,2021.0,94693.0,252.0,87.82,0.4769,93.32,67.82,5.0,0.093,38.3,64.3,91.2,42.0,13.52,0.0,61.1,66.9,1114.0,0,,12.18,4.85
EV264297,2017.0,196929.0,436.0,87.61,0.5575,91.47,64.8,1.0,0.422,47.7,68.2,66.7,56.8,20.74,64.8,65.3,32.1,821.0,0,,24.59,9.07
EV144679,2023.0,2512.0,10.0,98.94,0.3445,95.71,84.18,6.0,0.385,4.3,14.7,89.2,54.7,11.21,31.5,56.9,32.7,1132.0,0,2.0,1.06,3.27
EV103765,2015.0,18157.0,55.0,96.42,0.4379,98.19,57.23,1.0,0.313,2.8,7.2,72.8,44.9,17.22,13.2,65.4,50.9,745.0,0,3.0,3.58,10.91
EV233543,2018.0,178331.0,388.0,82.24,0.5123,92.34,66.21,6.0,0.464,20.7,70.5,62.5,53.7,17.44,1.6,53.1,45.5,894.0,0,3.0,17.76,7.99
EV251597,2023.0,41480.0,80.0,96.18,0.3495,97.31,108.79,2.0,0.219,21.9,58.0,91.6,70.1,12.06,35.4,48.6,30.3,1062.0,0,4.0,3.82,3.11
EV215215,2018.0,74180.0,215.0,87.25,0.4605,96.84,62.24,2.0,0.238,30.5,39.7,64.3,67.0,21.37,39.1,47.2,54.6,864.0,0,3.0,12.75,7.71
EV295442,2023.0,78549.0,214.0,98.88,0.3828,95.79,60.07,2.0,0.345,12.8,23.0,89.6,55.9,14.23,37.1,47.0,70.3,1462.0,0,0.0,,2.83
EV147414,2023.0,38111.0,162.0,85.63,0.4874,93.07,35.81,5.0,0.14,24.2,41.3,95.6,61.0,22.5,41.3,50.5,91.4,870.0,0,,14.37,2.88
EV298506,2024.0,5967.0,1.0,99.8,0.2993,98.03,53.43,2.0,0.246,4.1,10.7,100.0,60.1,13.96,11.8,54.7,72.7,1201.0,0,1.0,0.2,
EV100063,2021.0,78549.0,255.0,84.62,0.5172,94.94,81.76,4.0,0.29,24.9,69.0,82.2,59.4,15.18,37.1,48.6,53.0,1075.0,0,2.0,15.38,5.11
EV260620,2016.0,84128.0,159.0,93.09,0.4164,94.58,72.37,3.0,0.13,11.2,28.6,78.1,47.2,12.82,0.0,56.9,88.1,1180.0,0,1.0,6.91,9.99
EV105382,2017.0,110919.0,225.0,84.86,0.5275,93.22,73.52,4.0,0.22,30.5,40.9,51.9,59.0,19.66,40.8,56.2,22.8,1075.0,1,5.0,15.14,8.98
EV144598,2017.0,100653.0,273.0,83.25,0.5605,95.7,81.43,2.0,0.355,24.5,38.3,67.3,45.7,15.57,7.8,57.7,64.8,977.0,0,1.0,16.75,8.75
EV199910,2020.0,18323.0,1.0,99.8,0.3538,96.45,80.74,1.0,0.277,1.6,3.2,82.0,67.0,19.91,43.3,55.0,79.9,1215.0,0,2.0,0.2,5.81
EV124663,2016.0,333049.0,214.0,87.61,0.7757,91.23,34.1,14.0,0.331,50.9,110.0,71.9,65.3,78.435,56.2,49.1,0.0,250.0,1,3.0,40.77,9.76
EV141957,2024.0,58292.0,196.0,83.69,0.5063,92.6,71.93,6.0,0.389,26.4,47.1,94.9,66.9,11.75,14.0,54.8,19.7,832.0,0,3.0,16.31,2.14
EV125095,2020.0,57690.0,140.0,91.09,0.4273,94.72,87.61,5.0,0.278,9.6,32.3,70.6,50.8,24.61,37.4,60.8,73.2,1187.0,0,,8.91,6.94
EV171711,2023.0,26140.0,146.0,87.61,0.4326,96.45,46.92,8.0,0.176,27.2,46.0,85.9,56.2,13.3,31.6,58.7,100.0,1252.0,0,2.0,9.74,3.02
EV282623,2018.0,97316.0,220.0,89.09,0.4827,95.34,76.6,1.0,0.412,15.0,41.3,67.8,56.8,22.54,9.8,56.9,55.8,1120.0,0,1.0,10.91,7.95
EV279861,2017.0,230288.0,737.0,70.74,0.6629,91.75,45.63,10.0,0.315,33.3,90.4,66.8,66.8,28.67,34.1,47.6,39.3,562.0,1,,29.26,9.0
EV213776,2018.0,63347.0,234.0,82.41,0.4802,93.78,43.5,3.0,0.291,16.5,30.6,72.8,56.8,16.37,31.0,42.1,61.7,798.0,0,2.0,17.59,7.87
EV289937,2016.0,273272.0,600.0,71.36,0.6377,93.0,67.69,5.0,0.439,27.9,91.1,53.9,62.3,36.26,37.5,53.2,0.0,631.0,1,7.0,28.64,9.88
EV192691,2020.0,154929.0,363.0,83.93,0.5231,94.67,75.66,9.0,0.105,35.4,84.8,68.5,53.9,21.79,0.0,56.7,70.1,1030.0,0,6.0,16.07,6.01
EV264072,2022.0,24578.0,59.0,99.8,0.3793,95.57,67.28,3.0,0.319,8.5,26.8,92.5,43.5,12.53,25.9,67.9,76.8,1409.0,0,1.0,0.2,3.88
EV127768,2019.0,76283.0,136.0,93.0,0.4645,94.75,84.76,4.0,0.404,18.7,38.9,70.5,57.8,12.14,42.2,50.9,56.2,1288.0,0,3.0,7.0,6.92
EV182942,2023.0,1094.0,1.0,99.8,0.3852,96.28,91.33,3.0,0.208,4.1,7.6,82.4,61.3,13.73,30.5,56.3,48.1,1267.0,0,4.0,0.2,2.86
EV137035,2018.0,24828.0,103.0,95.23,0.3669,94.33,92.31,1.0,0.439,6.8,15.4,66.7,58.4,18.22,15.5,52.6,16.3,1058.0,0,1.0,4.77,7.93
EV216507,2019.0,138938.0,347.0,74.82,0.5379,91.76,70.09,6.0,0.427,24.7,60.7,65.6,68.1,23.92,23.2,52.6,45.8,674.0,0,,25.18,7.1
EV115742,2016.0,20490.0,15.0,99.8,0.4366,94.98,65.8,1.0,0.269,1.6,5.4,54.9,56.1,12.58,25.4,55.4,54.0,1030.0,0,0.0,0.2,9.97
EV265973,2017.0,13310.0,46.0,93.01,0.3542,97.16,81.62,1.0,0.262,1.7,3.0,53.6,62.4,18.3,0.0,56.9,89.5,1095.0,0,0.0,6.99,8.77
EV202368,2016.0,450000.0,1583.0,45.06,0.8231,89.5,26.26,22.0,0.404,46.4,156.8,69.1,58.0,31.22,23.6,58.8,0.0,0.0,1,3.0,54.94,9.9
EV101067,2018.0,139079.0,413.0,80.75,0.5264,95.59,59.54,4.0,0.209,28.0,58.8,75.4,53.5,18.72,9.9,60.3,93.1,899.0,0,3.0,19.25,8.02
EV245345,2017.0,76793.0,137.0,89.72,0.5375,96.12,87.11,1.0,0.371,9.8,31.6,66.1,54.4,12.0,39.8,63.4,47.7,1192.0,0,3.0,10.28,8.93
EV119065,2018.0,176679.0,431.0,81.25,0.5548,94.1,67.78,4.0,0.22,27.3,70.5,71.7,54.6,18.26,47.4,65.2,69.8,910.0,0,4.0,18.75,8.01
EV166306,2017.0,78549.0,227.0,85.62,0.4786,94.34,70.05,6.0,0.491,24.1,48.4,62.3,48.8,19.01,32.1,65.2,43.9,1077.0,0,0.0,14.38,8.96
EV263986,2021.0,500.0,1.0,99.8,0.3941,99.5,51.72,1.0,0.276,1.3,3.0,88.1,60.7,9.24,20.5,60.7,100.0,1478.0,0,4.0,0.2,5.04
EV242788,2024.0,39996.0,71.0,97.82,0.4075,97.24,52.23,4.0,0.169,30.2,52.7,88.4,56.8,4.36,0.0,62.4,97.2,1468.0,0,2.0,2.18,2.12
EV223611,2024.0,1727.0,25.0,95.92,0.4191,97.95,64.27,1.0,0.356,1.7,3.0,87.5,42.6,14.26,36.3,65.2,66.3,1420.0,0,3.0,4.08,2.06
EV295772,2024.0,22357.0,67.0,93.39,0.5536,97.93,78.82,3.0,0.196,11.9,32.8,93.2,41.4,10.9,65.8,71.7,89.1,665.0,0,,6.61,1.92
EV223095,2024.0,500.0,1.0,99.8,0.3342,96.66,50.95,1.0,0.257,1.6,3.0,72.8,60.8,13.09,16.0,44.0,88.3,1182.0,0,1.0,0.2,2.1
EV124773,2015.0,60375.0,78.0,97.55,0.5063,97.42,92.4,4.0,0.078,6.9,18.5,55.7,62.9,6.7,28.8,59.6,87.3,1050.0,0,1.0,2.45,11.01
EV181275,2022.0,55642.0,175.0,93.68,0.4079,96.9,82.72,3.0,0.53,14.6,37.4,83.1,49.3,10.36,38.6,67.9,46.1,1217.0,0,3.0,6.32,3.88
EV161485,2020.0,73353.0,214.0,85.82,0.5243,92.74,39.07,6.0,0.236,13.3,32.0,62.7,54.2,20.78,0.6,61.0,69.0,953.0,0,4.0,14.18,7.72
EV116176,2017.0,99082.0,181.0,94.77,0.4463,95.25,85.39,6.0,0.145,12.3,37.3,69.8,44.3,8.92,14.3,68.9,73.4,1228.0,0,1.0,,9.24
EV158221,2018.0,56446.0,1.0,98.93,0.462,98.47,119.32,1.0,0.198,10.5,25.0,64.7,45.2,7.37,37.4,66.7,66.9,1493.0,0,2.0,1.07,7.97
EV133652,2015.0,2153.0,214.0,98.62,0.4197,95.38,77.41,1.0,0.265,1.0,3.0,54.7,58.1,14.16,20.3,59.3,54.6,1379.0,0,5.0,1.38,10.89
EV110463,2018.0,23669.0,130.0,83.92,0.5789,94.98,52.64,4.0,0.348,5.5,6.7,51.8,69.3,29.6,51.0,48.3,52.1,1186.0,0,1.0,16.08,8.17
EV172768,2022.0,49125.0,128.0,89.1,0.4155,95.92,57.48,8.0,0.176,13.2,32.7,64.5,63.5,13.04,33.8,61.1,81.0,937.0,0,3.0,10.9,4.03
EV217985,2015.0,102934.0,239.0,81.62,0.5063,96.23,63.8,1.0,0.261,12.0,33.9,61.2,68.5,29.1,31.6,48.9,86.7,798.0,0,2.0,18.38,10.93
EV272787,2018.0,78549.0,557.0,76.03,0.6152,93.95,27.85,7.0,0.44,14.4,47.3,62.7,53.1,31.04,29.8,65.6,76.3,755.0,0,1.0,23.97,7.95
EV286465,2020.0,132542.0,236.0,80.59,0.5229,92.35,79.18,3.0,0.663,45.1,76.1,79.0,64.2,21.96,65.6,53.7,33.5,1008.0,0,,19.41,5.77
EV289504,2024.0,20441.0,1.0,99.8,0.2901,96.99,101.15,3.0,0.107,10.4,27.0,82.3,60.4,8.34,27.6,56.8,72.2,1135.0,0,0.0,0.2,2.08
EV249781,2019.0,89150.0,206.0,87.91,0.4563,95.98,100.98,3.0,0.324,11.6,39.6,57.4,49.3,18.23,31.0,55.6,52.1,1120.0,0,2.0,,7.05
EV219169,2022.0,9222.0,214.0,96.73,0.4503,95.5,94.2,1.0,0.306,2.1,7.1,92.2,52.1,18.47,66.1,58.7,58.0,1438.0,0,4.0,3.27,3.8
EV265732,2017.0,9980.0,25.0,87.61,0.4388,94.93,81.01,1.0,0.301,1.0,3.0,54.5,41.2,9.91,33.2,69.6,50.7,726.0,0,1.0,,9.03
EV102667,2018.0,276454.0,652.0,63.01,0.10497,93.51,55.53,13.0,0.63,44.9,116.1,72.8,61.6,38.77,49.7,48.7,1.3,543.0,1,6.0,36.99,8.01
EV134671,2020.0,54035.0,101.0,93.92,0.4667,96.29,84.52,1.0,0.332,7.5,26.0,65.1,57.8,22.77,43.4,63.1,74.6,1309.0,0,0.0,6.08,5.94
EV225673,2020.0,94203.0,372.0,87.61,0.5763,93.0,51.56,5.0,0.326,16.0,48.1,72.8,57.5,31.94,18.4,53.5,25.5,862.0,0,2.0,21.16,6.02
EV234837,2016.0,335863.0,932.0,51.36,2.83626,89.89,38.24,10.0,0.422,67.5,113.4,45.8,84.5,38.73,41.2,44.8,17.6,155.0,1,6.0,48.64,9.92
EV267024,2017.0,132929.0,570.0,75.45,0.6279,94.77,33.71,6.0,0.154,16.9,57.6,76.1,52.8,23.31,35.4,56.7,79.9,720.0,0,1.0,24.55,9.11
EV129073,2021.0,78549.0,255.0,78.71,0.4847,94.51,42.33,4.0,0.394,18.8,50.4,76.8,56.8,33.42,31.8,51.6,52.1,742.0,0,3.0,21.29,4.99
EV263366,2017.0,78549.0,367.0,74.1,0.5387,93.98,44.62,1.0,0.201,12.7,36.8,64.3,72.5,31.68,16.3,47.8,56.7,626.0,0,3.0,25.9,9.22
EV249164,2024.0,31478.0,93.0,91.67,0.4973,94.71,79.25,4.0,0.288,16.5,44.5,77.3,55.4,13.38,31.1,55.6,61.9,1341.0,0,4.0,8.33,1.84
EV225766,2020.0,49505.0,206.0,87.51,0.5077,94.68,56.96,1.0,0.334,20.3,30.8,81.0,70.5,17.51,57.6,47.8,46.8,1158.0,0,3.0,12.49,5.87
EV115789,2021.0,138764.0,428.0,79.25,0.5466,95.24,51.03,11.0,0.595,26.6,88.9,80.4,52.5,22.86,66.5,64.0,7.1,814.0,0,1.0,,4.97
EV250325,2019.0,144099.0,323.0,64.26,0.6962,92.65,50.8,8.0,0.317,21.8,67.3,62.8,60.8,25.44,16.3,58.8,39.0,288.0,0,0.0,35.74,6.93
EV237369,2015.0,162365.0,477.0,68.75,0.5687,91.45,55.15,6.0,0.252,15.1,45.4,57.9,76.5,26.31,33.2,44.1,18.9,473.0,1,4.0,31.25,10.84
EV194730,2020.0,78549.0,17.0,87.61,0.3267,94.98,88.48,2.0,0.49,8.9,12.3,80.6,39.7,12.39,0.1,68.1,48.8,1409.0,0,1.0,0.2,5.97
EV141770,2020.0,47529.0,118.0,85.77,0.4897,96.3,75.97,3.0,0.236,12.6,35.6,84.6,46.6,15.1,48.7,58.1,82.0,1030.0,0,2.0,14.23,5.8
EV224268,2019.0,72128.0,241.0,88.43,0.4792,95.86,57.49,2.0,0.055,12.7,31.7,66.0,54.1,25.34,18.0,60.5,70.6,1108.0,0,3.0,,7.1
EV122547,2018.0,94367.0,261.0,78.79,0.6109,92.99,52.45,8.0,0.082,21.6,42.3,71.3,71.1,21.54,28.8,51.3,70.8,760.0,0,3.0,21.21,8.03
EV290372,2016.0,117850.0,248.0,80.58,0.4827,94.6,68.67,3.0,0.495,15.5,38.0,75.9,66.7,18.33,1.8,53.8,25.1,1030.0,0,4.0,19.42,9.99
EV220765,2020.0,18066.0,16.0,97.82,0.4187,98.34,76.41,1.0,0.118,15.7,20.5,80.7,56.8,6.68,4.1,64.4,99.8,1441.0,0,2.0,2.18,6.18
EV174778,2021.0,162999.0,214.0,56.98,0.6986,89.49,35.99,12.0,0.296,20.4,98.1,58.9,83.7,39.89,50.2,31.6,28.6,383.0,1,5.0,43.02,5.26
EV247236,2019.0,82264.0,245.0,89.8,0.4713,94.6,53.97,3.0,0.21,19.8,38.7,84.0,48.1,12.81,40.6,55.8,57.0,1108.0,0,1.0,10.2,7.21
EV160956,2015.0,48533.0,145.0,97.19,0.316,95.81,79.89,1.0,0.054,2.6,8.7,64.5,50.4,17.8,33.2,57.5,83.1,1010.0,0,2.0,2.81,10.96
EV161500,2019.0,88237.0,205.0,89.59,0.473,93.33,70.59,4.0,0.326,11.5,37.9,66.8,62.3,21.01,29.2,59.9,65.4,1180.0,0,2.0,10.41,6.98
EV283391,2022.0,63579.0,187.0,76.57,0.6137,93.64,52.85,5.0,0.601,23.7,51.0,82.0,55.3,16.6,32.2,54.4,0.0,478.0,0,0.0,23.43,3.97
EV230615,2020.0,57634.0,214.0,98.24,0.4242,96.99,110.74,1.0,0.283,20.4,30.1,63.4,41.7,15.2,30.3,68.0,58.3,1396.0,0,3.0,1.76,6.29
EV143999,2015.0,425201.0,1119.0,43.59,0.7844,89.4,31.79,12.0,0.625,43.1,130.8,54.5,80.8,37.45,39.2,42.4,0.0,9.0,1,3.0,56.41,10.86
EV211638,2018.0,117207.0,375.0,74.04,0.4948,91.31,48.13,6.0,0.381,16.0,50.2,52.2,76.6,25.82,30.6,47.1,51.1,642.0,0,8.0,25.96,8.06
EV111241,2022.0,46408.0,96.0,97.86,0.4134,96.45,63.2,1.0,0.217,15.1,36.0,77.4,63.2,16.53,12.0,60.2,85.3,1062.0,0,6.0,2.14,4.14
EV185686,2015.0,198998.0,601.0,66.96,0.6504,90.95,45.94,5.0,0.254,18.5,60.9,59.1,65.8,28.16,57.1,56.9,15.3,531.0,1,,33.04,11.33
EV110012,2017.0,9149.0,1.0,97.87,0.3578,96.59,88.91,3.0,0.375,1.3,3.0,63.2,67.5,18.32,42.4,53.3,58.8,1154.0,0,2.0,2.13,8.88
EV296517,2019.0,53647.0,134.0,93.77,0.325,96.0,75.6,4.0,0.312,13.9,32.7,54.2,68.4,23.81,26.1,50.6,41.3,1036.0,0,4.0,6.23,6.89
EV209936,2015.0,10252.0,48.0,91.51,0.4823,95.79,80.14,1.0,0.174,2.2,3.0,60.3,42.0,20.23,20.4,68.4,63.6,690.0,0,2.0,8.49,11.16
EV124491,2020.0,105764.0,327.0,84.89,0.5186,96.69,64.02,7.0,0.025,22.0,58.2,74.9,62.3,31.7,18.0,49.9,65.3,1013.0,0,3.0,,5.74
EV283581,2019.0,13672.0,111.0,92.81,0.3785,98.19,51.17,3.0,0.47,1.7,3.0,69.7,60.3,12.22,50.6,55.7,63.2,976.0,0,2.0,7.19,6.9
EV137353,2016.0,109908.0,394.0,80.52,0.5063,93.95,44.81,5.0,0.355,13.9,34.6,54.7,53.0,22.56,38.5,57.9,30.7,934.0,0,1.0,19.48,10.15
EV255672,2016.0,436902.0,1588.0,46.92,0.8235,90.25,25.11,13.0,0.833,71.4,147.0,69.2,69.9,39.82,92.1,47.7,0.0,1030.0,1,3.0,53.08,9.89
EV173543,2020.0,52850.0,138.0,89.87,0.5063,95.36,65.92,2.0,0.669,15.8,23.2,77.0,49.8,12.27,11.2,60.5,3.6,1201.0,0,1.0,,5.84
EV129934,2021.0,52024.0,221.0,85.82,0.3908,97.8,50.18,5.0,0.208,20.0,34.1,81.4,66.4,11.08,10.4,45.5,85.1,791.0,0,0.0,14.18,5.3
EV166705,2021.0,50326.0,82.0,99.67,0.3433,97.3,73.11,4.0,0.319,8.4,28.8,80.4,61.6,4.87,21.5,55.2,88.0,1030.0,0,4.0,0.33,5.04
EV218241,2023.0,74215.0,205.0,86.39,0.4916,92.8,63.49,8.0,0.319,33.6,76.4,77.4,53.1,12.87,51.4,54.8,0.0,1080.0,0,0.0,,3.1
EV198624,2024.0,53174.0,123.0,96.03,0.4192,96.56,54.74,9.0,0.027,20.4,66.6,84.1,50.8,12.54,2.5,57.8,96.2,1338.0,0,3.0,3.97,1.9
EV291845,2016.0,129329.0,426.0,79.17,0.5073,94.27,43.61,2.0,0.266,14.8,45.6,72.1,63.3,22.29,20.2,52.3,40.0,831.0,0,,20.83,9.83
EV165593,2023.0,1151.0,36.0,99.8,0.3759,98.29,117.5,1.0,0.3,1.0,3.0,82.6,53.2,13.34,33.8,58.0,75.4,1469.0,0,3.0,0.2,3.12
EV228435,2022.0,67981.0,273.0,87.15,0.446,94.91,42.87,6.0,0.222,14.6,44.3,72.8,53.3,15.77,12.3,53.9,75.6,1076.0,0,1.0,12.85,4.04
EV116857,2024.0,38301.0,123.0,98.15,0.392,95.98,46.65,4.0,0.141,9.4,31.6,72.8,50.0,8.84,15.9,62.9,89.0,1353.0,0,2.0,,2.24
EV116689,2023.0,118384.0,514.0,69.76,0.6964,90.75,30.32,15.0,0.72,93.8,116.4,81.0,63.6,21.74,96.8,52.2,0.0,712.0,1,5.0,30.24,3.28
EV273668,2022.0,72447.0,114.0,97.04,0.372,97.34,75.36,6.0,0.281,20.0,64.8,97.6,42.8,5.97,22.7,65.9,78.7,1303.0,0,2.0,2.96,3.67
EV136353,2017.0,106302.0,276.0,90.77,0.4535,97.61,76.0,3.0,0.163,25.6,40.1,58.3,53.8,21.6,33.2,64.3,78.0,1125.0,0,1.0,9.23,8.95
EV246634,2016.0,106594.0,244.0,90.15,0.47,96.6,84.2,1.0,0.222,12.7,33.0,53.9,49.3,15.39,8.9,71.0,84.3,1087.0,0,4.0,9.85,10.08
EV188110,2019.0,52156.0,116.0,90.46,0.5129,95.81,91.52,2.0,0.203,12.6,22.8,76.9,61.2,7.37,66.3,53.1,72.8,1232.0,0,2.0,9.54,7.09
EV203410,2021.0,53565.0,156.0,85.14,0.5929,94.91,87.55,2.0,0.255,16.7,40.9,68.6,56.8,11.71,52.9,55.9,41.1,1131.0,0,2.0,14.86,5.01
EV213973,2015.0,169325.0,695.0,87.61,0.6619,91.82,30.62,10.0,0.499,32.0,46.1,58.3,60.7,26.56,57.3,56.5,0.0,578.0,1,2.0,33.69,11.04
EV275717,2017.0,273841.0,862.0,50.83,0.6949,92.74,31.29,16.0,0.423,55.0,110.9,49.8,83.7,33.13,45.0,44.5,29.7,210.0,1,3.0,49.17,8.71
EV182538,2016.0,345876.0,1230.0,43.76,0.7156,87.88,24.51,18.0,0.377,54.7,115.3,46.1,91.0,45.14,9.7,30.5,19.8,15.0,1,2.0,56.24,9.92
EV190197,2016.0,334200.0,853.0,51.77,0.6871,94.18,42.31,13.0,0.673,82.3,112.6,61.5,85.3,21.97,35.7,39.4,0.0,124.0,1,2.0,48.23,10.0
EV269362,2020.0,67793.0,220.0,87.61,0.5633,97.36,72.44,8.0,0.284,22.4,37.7,72.8,75.9,18.33,44.3,50.4,97.6,1086.0,0,1.0,15.54,5.69
EV289944,2016.0,226724.0,1196.0,51.25,0.5063,90.37,20.39,15.0,0.501,28.9,73.3,72.8,68.1,36.85,75.4,51.5,21.7,148.0,1,1.0,48.75,
EV194895,2018.0,15525.0,25.0,99.8,0.2916,95.74,74.41,1.0,0.078,1.3,3.0,67.0,56.5,6.52,25.6,61.8,89.3,1443.0,0,1.0,0.2,7.86
EV267851,2020.0,285019.0,1307.0,52.29,0.7666,90.18,23.53,12.0,0.611,47.7,84.4,65.2,65.7,29.68,44.8,48.6,22.7,77.0,1,1.0,47.71,10.69
EV169143,2019.0,78549.0,412.0,83.49,0.5216,95.48,49.29,9.0,0.269,25.7,57.1,79.1,56.7,13.88,34.3,55.7,74.5,919.0,0,2.0,16.51,7.03
EV196872,2020.0,80233.0,298.0,88.47,0.4455,95.52,42.84,8.0,0.018,35.5,66.0,80.9,49.4,3.61,0.0,63.1,58.4,1071.0,0,1.0,11.53,4.07
EV154538,2020.0,100208.0,214.0,84.85,0.5063,96.3,73.06,3.0,0.3,22.5,62.9,87.0,59.9,16.69,28.5,58.1,54.2,1089.0,0,1.0,15.15,5.97
EV148068,2019.0,103069.0,380.0,76.67,0.6159,94.49,33.32,5.0,0.295,16.8,49.3,76.6,57.6,24.16,28.5,53.7,70.1,934.0,0,5.0,23.33,6.94
EV144823,2016.0,335283.0,214.0,52.38,0.8851,88.73,34.31,12.0,0.395,53.0,114.5,59.6,85.0,35.76,33.2,39.0,0.0,291.0,1,0.0,47.62,
EV178749,2024.0,28086.0,26.0,99.45,0.3775,99.05,91.86,1.0,0.109,11.2,18.1,100.0,42.4,3.54,8.9,61.7,100.0,1443.0,0,1.0,0.55,2.31
EV109172,2015.0,191373.0,699.0,59.34,0.6791,93.35,35.17,9.0,0.512,19.6,57.1,53.2,89.5,31.78,31.3,40.0,47.0,269.0,1,4.0,40.66,11.11
EV275540,2020.0,13160.0,36.0,96.83,0.428,96.29,42.99,1.0,0.59,1.0,3.0,82.2,36.4,3.46,40.4,76.5,38.3,752.0,0,2.0,3.17,3.21
EV182442,2020.0,48370.0,147.0,75.67,0.7156,92.35,66.16,3.0,0.227,20.4,26.6,91.9,61.5,18.14,72.0,56.0,73.7,513.0,0,5.0,24.33,4.88
EV141941,2015.0,395732.0,1051.0,57.23,0.7425,90.57,44.02,10.0,0.603,97.3,119.0,67.1,64.3,27.44,41.8,50.4,0.0,273.0,1,2.0,42.77,11.04
EV292675,2020.0,8258.0,62.0,98.67,0.3837,93.74,38.18,4.0,0.375,4.2,12.8,79.6,38.7,16.98,68.0,69.7,66.1,1030.0,0,2.0,1.33,6.05
EV254700,2020.0,76366.0,109.0,95.38,0.429,96.12,106.3,4.0,0.169,19.3,36.5,89.7,50.7,5.26,13.5,60.0,71.6,1309.0,0,0.0,4.62,5.93
EV176382,2017.0,131406.0,432.0,77.27,0.6206,93.55,53.93,6.0,0.125,20.4,53.5,70.3,52.1,18.33,0.0,62.9,63.6,860.0,0,0.0,22.73,9.07
EV283914,2022.0,78549.0,120.0,91.94,0.4073,98.73,64.02,4.0,0.38,13.7,33.3,96.6,49.6,10.15,39.5,57.1,63.2,1284.0,0,,,4.13
EV205814,2020.0,500.0,12.0,94.8,0.4262,96.77,64.65,2.0,0.39,1.0,3.0,85.0,47.0,16.22,31.8,60.2,44.0,1466.0,0,4.0,5.2,2.0
EV101385,2019.0,500.0,1.0,97.98,0.5063,96.42,79.89,1.0,0.392,1.0,3.0,74.5,60.8,15.11,21.4,56.9,73.4,1150.0,0,3.0,2.02,7.15
EV290442,2016.0,91716.0,434.0,66.17,0.5063,93.15,26.48,4.0,0.458,11.4,29.5,61.8,84.4,28.37,33.2,39.0,38.5,495.0,1,6.0,33.83,9.75
EV196556,2023.0,53495.0,126.0,89.36,0.3983,98.05,51.87,5.0,0.118,26.8,59.7,85.9,65.0,17.91,13.7,54.0,97.9,981.0,0,3.0,10.64,2.82
EV263092,2020.0,1096.0,1.0,99.57,0.3217,98.33,75.15,1.0,0.319,1.8,3.0,77.4,60.0,11.77,23.9,55.9,64.4,1196.0,0,3.0,0.43,3.86
EV172017,2020.0,119652.0,297.0,80.55,0.4964,96.73,76.13,5.0,0.686,17.9,59.2,76.4,65.1,16.41,48.5,49.0,55.3,774.0,0,2.0,19.45,6.12
EV213599,2020.0,123284.0,312.0,73.86,0.5157,94.98,53.8,6.0,0.113,24.5,65.9,68.0,65.5,21.4,73.0,52.7,44.3,669.0,0,,26.14,6.18
EV104240,2016.0,186929.0,317.0,84.64,0.5042,92.17,102.67,1.0,0.369,18.0,47.1,66.4,64.2,21.81,39.8,47.6,58.3,949.0,0,3.0,15.36,9.86
EV124140,2022.0,60459.0,349.0,83.19,0.5928,95.54,30.83,7.0,0.214,25.3,47.1,90.4,60.8,19.7,38.6,51.7,76.6,982.0,0,4.0,16.81,4.05
EV146060,2023.0,103902.0,437.0,76.3,0.5986,92.94,44.84,9.0,0.557,40.5,100.9,88.8,61.9,20.56,75.5,44.2,32.9,772.0,0,2.0,23.7,3.21
EV203304,2017.0,10192.0,65.0,98.7,0.3372,96.01,52.55,1.0,0.125,1.2,3.0,59.0,67.8,18.45,24.7,57.5,77.0,1114.0,0,1.0,,
EV151756,2018.0,201218.0,603.0,52.37,0.7736,88.77,31.75,10.0,0.338,28.0,82.7,63.8,88.1,24.18,100.0,28.6,0.0,314.0,1,3.0,47.63,7.93
EV134596,2016.0,53429.0,63.0,94.75,0.4272,94.98,100.76,3.0,0.514,16.4,20.9,49.6,56.8,15.69,47.7,65.5,31.2,1342.0,0,1.0,5.25,9.96
EV262009,2023.0,76190.0,193.0,93.99,0.431,94.1,79.19,7.0,0.24,46.3,73.8,82.2,43.1,18.33,30.1,73.0,46.3,1215.0,0,1.0,6.01,3.04
EV173824,2021.0,31039.0,130.0,87.81,0.5333,95.04,37.84,6.0,0.506,11.1,28.0,80.7,51.0,17.32,34.7,63.2,52.1,608.0,0,2.0,12.19,4.94
EV157726,2020.0,7372.0,38.0,98.49,0.3519,98.92,120.38,1.0,0.089,1.0,3.0,71.8,68.6,16.56,36.7,57.4,100.0,1134.0,0,1.0,1.51,
EV101682,2015.0,78549.0,1015.0,58.62,0.7029,91.99,40.61,11.0,0.432,36.2,106.3,72.8,68.5,39.16,32.2,44.3,13.9,287.0,1,1.0,41.38,11.12
EV226634,2023.0,51376.0,214.0,82.31,0.6389,93.37,50.96,7.0,0.662,17.7,55.4,91.3,62.0,12.8,35.2,60.5,52.1,1030.0,0,4.0,,2.96
EV162539,2020.0,71119.0,95.0,98.13,0.4002,96.79,94.96,2.0,0.219,23.3,42.8,72.1,56.8,7.77,33.2,73.4,72.8,1403.0,0,3.0,1.87,5.91
EV146779,2022.0,78549.0,55.0,87.61,0.3927,94.41,82.73,1.0,0.118,2.0,3.0,90.7,51.3,1.55,19.2,53.7,80.4,1456.0,0,,0.2,4.23
EV221583,2016.0,74103.0,145.0,88.41,0.4666,95.54,68.35,4.0,0.618,7.9,20.7,58.3,56.7,15.41,30.7,57.6,33.5,961.0,0,2.0,11.59,9.96
EV206914,2017.0,266522.0,1040.0,53.77,0.7478,88.76,26.7,10.0,0.477,27.8,97.3,72.8,64.4,36.53,30.8,51.3,0.0,1030.0,1,4.0,46.23,9.13
EV128145,2018.0,162001.0,583.0,52.88,0.8883,88.52,28.19,8.0,0.389,18.7,62.3,65.4,70.3,32.14,36.2,44.6,9.8,111.0,1,0.0,47.12,8.17
EV117625,2022.0,149224.0,498.0,64.6,0.6937,90.54,35.45,17.0,0.286,63.5,136.4,77.4,77.6,31.17,82.0,43.1,52.1,1030.0,1,10.0,35.4,3.99
EV128659,2016.0,6105.0,65.0,96.07,0.4299,97.68,57.11,1.0,0.33,1.2,3.0,63.9,50.0,18.52,23.7,62.7,71.3,1414.0,0,3.0,3.93,9.94
EV103707,2015.0,169951.0,768.0,64.7,0.7085,90.55,28.97,5.0,0.316,37.8,48.6,54.9,69.8,29.92,49.3,44.6,28.9,513.0,1,4.0,35.3,11.17
EV215810,2019.0,226822.0,533.0,67.46,0.5409,91.2,61.35,10.0,0.157,33.8,99.1,70.1,75.6,18.33,42.2,39.8,44.6,442.0,0,3.0,32.54,7.25
EV158487,2017.0,67640.0,186.0,93.35,0.4625,95.37,81.42,3.0,0.326,7.2,25.1,64.6,46.5,15.94,0.0,68.4,78.2,1165.0,0,2.0,6.65,
EV172466,2021.0,60385.0,191.0,83.95,0.4671,94.8,60.17,4.0,0.294,19.2,32.2,83.2,68.2,21.98,0.0,49.2,43.1,880.0,0,3.0,16.05,5.05
EV213738,2022.0,42134.0,120.0,96.2,0.365,96.02,64.02,4.0,0.265,10.8,36.8,92.4,67.4,11.25,36.3,50.4,79.5,1051.0,0,0.0,3.8,4.15
EV132841,2024.0,37635.0,204.0,85.8,0.504,94.57,64.02,8.0,0.284,30.5,51.8,99.6,45.1,11.6,34.5,62.8,67.4,1136.0,0,2.0,14.2,1.9
EV205154,2020.0,21895.0,1.0,99.8,0.3645,97.18,53.03,4.0,0.163,20.4,14.5,80.9,38.4,6.97,13.1,76.2,92.0,1539.0,0,1.0,0.2,6.16
EV231846,2020.0,78549.0,149.0,87.61,0.4665,95.69,57.36,2.0,0.25,11.5,37.4,89.1,49.7,16.07,40.1,65.0,81.1,1271.0,0,2.0,5.14,2.89
EV230243,2024.0,32116.0,94.0,91.07,0.3985,97.53,49.67,7.0,0.434,22.5,50.9,92.1,65.6,15.91,62.1,45.6,11.3,1032.0,0,1.0,8.93,2.26
EV265812,2018.0,179699.0,404.0,76.31,0.6141,94.17,66.92,3.0,0.319,24.1,73.2,49.0,53.2,28.5,45.7,57.5,18.4,896.0,0,1.0,23.69,7.92
EV251812,2018.0,153529.0,214.0,83.37,0.4592,94.26,75.54,3.0,0.319,24.6,55.4,68.8,64.9,19.35,34.5,47.6,66.9,721.0,0,3.0,16.63,8.1
EV132703,2021.0,25028.0,19.0,99.8,0.4046,99.1,102.52,1.0,0.352,11.3,27.0,79.3,53.4,13.24,10.1,59.2,54.5,1485.0,0,0.0,,4.74
EV226238,2021.0,96581.0,214.0,85.76,0.561,94.63,69.86,5.0,0.572,45.5,65.6,72.8,51.7,21.97,55.2,60.9,26.3,1118.0,0,2.0,14.24,4.77
EV143206,2022.0,113203.0,220.0,87.95,0.5051,94.98,94.65,9.0,0.393,32.4,97.3,72.7,57.1,21.01,37.2,54.0,33.2,1130.0,0,1.0,12.05,4.11
EV205624,2024.0,14456.0,1.0,99.8,0.3572,97.0,57.7,1.0,0.266,6.4,20.6,92.8,51.6,12.52,20.8,63.6,84.5,1475.0,0,3.0,,1.73
EV220334,2018.0,311368.0,873.0,49.83,0.7215,91.5,34.53,16.0,0.718,40.6,127.1,70.8,80.2,28.92,90.1,46.4,0.0,172.0,1,6.0,50.17,8.16
EV222308,2019.0,500.0,10.0,95.73,0.4008,96.21,77.92,3.0,0.434,1.3,3.0,64.1,54.0,17.48,9.9,61.2,70.8,1456.0,0,4.0,4.27,6.81
EV120909,2019.0,27969.0,45.0,99.73,0.3838,97.43,67.93,2.0,0.346,5.8,12.9,69.9,45.6,13.66,31.0,70.5,60.2,1535.0,0,4.0,0.27,7.1
EV236130,2016.0,102263.0,314.0,83.43,0.5144,96.64,41.38,2.0,0.146,12.7,34.5,50.4,54.3,17.31,0.4,68.4,88.1,993.0,0,3.0,16.57,10.16
EV265330,2015.0,135368.0,238.0,87.66,0.4772,96.78,86.93,4.0,0.254,24.1,45.3,41.5,54.1,27.93,43.0,58.1,59.5,1111.0,0,3.0,12.34,11.23
EV273975,2016.0,171121.0,533.0,74.81,0.6522,95.54,45.72,4.0,0.319,33.0,56.9,72.8,60.5,26.42,13.4,57.0,71.7,687.0,0,0.0,25.19,9.61
EV248724,2024.0,38745.0,128.0,98.31,0.4306,97.83,43.06,6.0,0.182,20.4,56.2,99.1,47.1,14.18,7.2,68.2,69.8,1353.0,0,1.0,1.69,2.26
EV291376,2020.0,8105.0,1.0,99.8,0.3533,94.89,51.62,4.0,0.257,4.5,14.7,79.0,51.7,12.23,24.4,61.8,53.0,1180.0,0,2.0,0.2,6.09
EV268693,2024.0,8957.0,104.0,92.38,0.4019,96.6,53.9,4.0,0.572,12.9,22.9,100.0,58.1,18.33,62.7,54.3,70.7,1287.0,0,1.0,7.62,1.92
EV156232,2017.0,273613.0,1028.0,34.78,1.2283,94.98,18.16,12.0,0.389,35.6,97.6,59.1,82.7,52.08,96.4,33.1,0.0,0.0,1,,65.22,8.85
EV240710,2020.0,21602.0,19.0,99.8,0.3883,99.5,64.13,4.0,0.142,3.8,12.1,86.7,46.6,14.57,26.4,60.4,100.0,1440.0,0,2.0,0.2,5.99
EV171093,2015.0,500.0,1.0,99.8,0.4225,96.8,103.59,1.0,0.092,1.1,3.0,50.9,52.3,19.94,26.9,69.1,66.7,1514.0,0,0.0,0.2,10.94
EV205867,2022.0,33082.0,92.0,89.54,0.417,96.28,84.38,6.0,0.503,15.1,45.4,61.3,67.7,25.74,36.1,50.7,53.4,1003.0,0,0.0,10.46,3.99
EV187005,2020.0,75005.0,110.0,97.79,0.4159,97.59,93.18,1.0,0.106,12.0,40.9,82.2,43.1,1.8,17.5,61.0,86.1,1353.0,0,1.0,2.21,5.75
EV121828,2022.0,106995.0,275.0,80.28,0.6107,92.75,50.88,7.0,0.63,34.3,76.9,83.5,59.5,20.98,49.4,56.4,7.5,994.0,0,0.0,19.72,4.22
EV208106,2021.0,500.0,1.0,99.8,0.3955,99.24,38.37,2.0,0.676,1.1,3.3,74.2,54.9,16.45,18.6,65.9,53.5,1477.0,0,1.0,0.2,5.25
EV231969,2024.0,62064.0,151.0,88.4,0.3731,92.43,73.18,10.0,0.221,35.8,92.0,93.3,60.7,13.35,48.3,47.3,0.2,968.0,0,1.0,11.6,1.97
EV204299,2018.0,168010.0,556.0,69.82,0.6785,91.02,40.65,8.0,0.329,41.5,66.6,75.1,68.7,22.27,30.6,46.9,48.3,707.0,0,2.0,30.18,8.13
EV173140,2019.0,109774.0,530.0,77.98,0.5728,94.44,35.61,6.0,0.293,17.8,61.4,72.8,54.6,29.41,7.4,64.3,49.4,771.0,0,2.0,22.02,6.74
EV168581,2019.0,196250.0,299.0,87.61,0.4689,96.16,107.96,2.0,0.178,41.3,94.8,59.7,78.4,26.35,8.3,46.8,41.0,706.0,0,2.0,21.1,6.84
EV114059,2022.0,137028.0,411.0,67.77,0.5815,92.24,51.71,16.0,0.565,52.9,120.3,72.0,66.8,38.14,67.6,52.5,15.8,528.0,1,,32.23,3.83
EV252249,2021.0,143991.0,259.0,71.28,0.5063,91.47,69.17,6.0,0.462,20.4,86.5,81.1,68.6,24.63,31.5,45.6,0.0,383.0,0,2.0,28.72,5.08
EV288706,2017.0,45917.0,127.0,95.65,0.4093,93.68,64.43,1.0,0.194,7.6,23.4,64.2,48.2,13.42,40.8,65.6,54.9,1315.0,0,6.0,4.35,8.8
EV102301,2015.0,66680.0,214.0,55.69,1.019,85.04,25.42,4.0,0.137,12.0,23.2,38.6,72.6,36.12,82.4,45.3,0.0,273.0,1,3.0,44.31,10.97
EV154783,2015.0,386926.0,1797.0,40.17,0.9303,89.34,17.47,4.0,0.319,32.4,111.1,55.8,69.4,46.9,33.2,47.9,9.6,0.0,1,2.0,59.83,11.26
EV114531,2018.0,33308.0,141.0,92.26,0.4491,97.75,41.0,9.0,0.376,7.4,20.5,74.1,53.8,17.8,45.3,57.5,43.9,1266.0,0,3.0,7.74,8.28
EV252449,2023.0,4888.0,1.0,99.8,0.345,96.73,114.8,1.0,0.063,9.1,25.9,85.3,44.3,11.88,0.4,72.7,82.5,1030.0,0,2.0,0.2,2.99
EV174856,2020.0,101456.0,238.0,89.05,0.4638,97.26,73.02,6.0,0.47,42.9,71.4,93.0,54.6,9.37,29.3,56.7,47.1,1097.0,0,,10.95,4.76
EV281308,2022.0,127519.0,390.0,78.98,0.5621,94.43,64.88,4.0,0.264,52.7,91.2,85.5,48.7,18.25,50.2,61.3,68.8,844.0,0,3.0,21.02,4.38
EV155302,2017.0,78549.0,58.0,97.67,0.3744,97.87,69.72,1.0,0.28,9.7,15.4,51.7,45.8,15.85,19.9,62.7,65.0,1030.0,0,1.0,2.33,8.8
EV246111,2019.0,42505.0,28.0,98.37,0.3716,95.44,99.29,6.0,0.142,9.1,24.2,70.4,49.1,5.5,32.0,62.9,96.1,1384.0,0,1.0,1.63,
EV275023,2021.0,38199.0,122.0,94.85,0.4015,98.05,112.56,1.0,0.091,11.9,28.6,78.7,45.6,8.28,0.0,56.9,81.1,1030.0,0,2.0,5.15,5.22
EV165992,2021.0,81716.0,299.0,81.76,0.4839,95.3,45.5,10.0,0.226,19.3,52.9,72.8,57.1,20.25,3.8,61.2,78.3,1026.0,0,4.0,18.24,4.75
EV155989,2021.0,500.0,17.0,99.8,0.3994,96.34,69.69,2.0,0.359,1.0,3.0,88.7,61.9,13.02,34.7,42.8,73.8,1510.0,0,1.0,0.2,4.85
EV292522,2018.0,64067.0,307.0,71.06,0.619,88.6,64.02,5.0,0.325,6.6,21.5,59.1,81.5,32.21,63.1,37.8,24.1,654.0,1,,28.94,8.31
EV170421,2021.0,78549.0,322.0,83.49,0.6142,93.15,71.64,9.0,0.39,28.4,86.6,89.2,54.8,16.19,23.7,63.6,27.3,938.0,0,4.0,16.51,5.03
EV169731,2016.0,15401.0,56.0,94.4,0.4412,95.37,58.48,1.0,0.553,2.1,7.1,49.6,60.9,14.6,47.9,51.1,28.3,1355.0,0,2.0,5.6,10.0
EV153192,2018.0,29607.0,1.0,99.8,0.472,94.98,100.72,1.0,0.374,4.2,10.0,75.7,51.9,5.85,33.2,54.4,50.7,1515.0,0,2.0,0.2,7.83
EV249278,2023.0,12453.0,1.0,99.8,0.3555,95.29,115.22,1.0,0.126,9.6,11.5,90.0,66.0,11.33,21.3,46.7,63.0,1173.0,0,2.0,,2.96
EV289533,2021.0,36392.0,128.0,87.94,0.4979,93.31,58.49,2.0,0.214,14.0,26.5,72.8,68.0,33.04,30.5,43.1,69.5,1211.0,0,4.0,12.06,4.76
EV234083,2020.0,87868.0,330.0,83.51,0.5143,94.22,64.02,6.0,0.288,26.0,42.3,71.2,48.7,18.33,22.9,56.9,68.8,961.0,0,3.0,16.49,6.26
EV286871,2017.0,102731.0,214.0,80.2,0.5083,95.79,55.88,4.0,0.357,18.2,36.4,80.9,70.0,17.16,16.3,47.5,32.8,672.0,0,2.0,19.8,8.78
EV104530,2018.0,78549.0,488.0,70.04,0.7141,93.44,66.89,6.0,0.145,31.3,76.1,65.7,65.2,22.36,46.4,51.8,94.6,693.0,0,5.0,,8.11
EV179456,2020.0,97636.0,146.0,93.89,0.4472,96.53,73.38,1.0,0.223,22.7,53.8,59.1,47.1,21.17,31.4,62.0,50.2,1246.0,0,4.0,6.11,5.86
EV229289,2024.0,6351.0,7.0,99.8,0.3939,95.42,55.38,1.0,0.133,16.1,27.5,93.7,39.1,11.33,2.6,72.6,73.9,1508.0,0,0.0,0.2,1.88
EV163832,2023.0,90777.0,125.0,90.19,0.3969,95.13,89.01,7.0,0.565,34.9,88.7,72.8,65.1,6.12,24.9,52.8,13.1,978.0,0,1.0,9.81,
EV219423,2015.0,93331.0,129.0,88.95,0.4261,96.37,90.95,1.0,0.628,11.5,31.7,52.5,69.5,27.48,32.4,53.1,18.2,969.0,0,1.0,11.05,10.94
EV265647,2021.0,28990.0,1.0,99.34,0.4029,96.64,93.49,1.0,0.697,6.0,13.5,84.7,43.0,5.67,50.4,66.1,11.1,1446.0,0,2.0,0.66,4.97
EV194094,2017.0,4381.0,214.0,99.75,0.3366,94.59,86.95,1.0,0.341,1.8,3.0,53.9,46.2,1.75,37.4,62.3,52.8,1496.0,0,2.0,0.25,8.92
EV142915,2023.0,17615.0,214.0,90.4,0.4763,94.45,60.85,4.0,0.285,5.8,15.5,78.1,56.8,15.67,25.4,67.9,63.6,666.0,0,5.0,9.6,3.03
EV187353,2024.0,36975.0,164.0,94.32,0.3514,92.98,84.71,2.0,0.088,31.4,64.8,98.8,48.9,8.13,19.9,69.7,81.1,1258.0,0,2.0,5.68,2.1
EV228635,2020.0,11952.0,6.0,98.33,0.5063,98.3,90.9,4.0,0.119,1.5,3.0,65.0,53.9,22.72,17.7,56.9,68.2,756.0,0,1.0,1.67,7.02
EV299999,2024.0,54982.0,174.0,87.31,0.4339,94.91,77.18,10.0,0.417,31.9,100.6,83.4,65.0,25.03,47.7,49.6,32.0,925.0,0,1.0,12.69,2.08
EV163676,2021.0,500.0,17.0,96.12,0.3932,96.47,78.45,2.0,0.337,1.4,3.0,80.2,54.4,22.53,36.5,59.0,62.5,1434.0,0,0.0,3.88,4.95
EV241432,2021.0,7303.0,11.0,97.72,0.509,95.87,71.46,1.0,0.129,1.9,3.0,73.6,53.0,9.56,53.3,59.1,52.1,776.0,0,0.0,2.28,5.09
EV254954,2016.0,363042.0,832.0,59.31,0.7002,89.79,56.37,11.0,0.893,35.3,123.4,63.1,68.5,33.08,60.2,54.7,0.0,378.0,1,2.0,40.69,9.56
EV286125,2016.0,76709.0,199.0,89.71,0.4618,95.3,56.95,5.0,0.582,16.5,28.8,74.2,52.7,8.36,31.5,57.7,42.1,1173.0,0,,10.29,10.01
EV184409,2018.0,5645.0,1.0,99.8,0.3673,96.21,76.78,2.0,0.112,2.0,3.0,55.9,63.9,13.57,0.0,54.4,84.6,1202.0,0,3.0,0.2,8.0
EV287597,2023.0,44786.0,60.0,96.47,0.4244,95.57,79.08,2.0,0.39,16.0,52.5,81.4,49.2,9.3,43.6,65.3,54.9,1397.0,0,2.0,3.53,3.18
EV105882,2015.0,58382.0,214.0,92.6,0.458,96.46,95.12,3.0,0.318,11.1,14.6,51.7,54.9,16.55,30.3,57.3,64.0,1287.0,0,,7.4,10.92
EV140400,2021.0,35381.0,92.0,97.22,0.3437,95.8,67.37,7.0,0.125,10.9,30.6,76.5,60.7,17.26,40.7,56.8,83.0,1053.0,0,4.0,2.78,4.89
EV217042,2019.0,14510.0,21.0,94.28,0.4268,93.35,59.06,2.0,0.451,1.5,3.0,73.1,59.5,6.5,69.3,48.4,11.8,1132.0,0,3.0,5.72,6.94
EV299127,2019.0,85238.0,187.0,77.49,0.647,95.7,65.88,1.0,0.328,20.4,34.7,70.1,40.3,18.09,33.2,72.2,71.3,503.0,0,4.0,22.51,7.28
EV258754,2020.0,90984.0,181.0,91.91,0.4316,95.08,91.44,2.0,0.366,22.2,51.4,74.9,57.0,18.5,37.3,55.7,36.5,1166.0,0,,8.09,5.71
EV261694,2017.0,202849.0,1030.0,55.51,0.8716,87.57,22.35,4.0,0.349,28.3,69.7,59.5,73.6,36.1,68.4,48.3,52.1,286.0,1,1.0,44.49,8.99
EV176516,2016.0,76041.0,327.0,86.96,0.5385,94.7,43.66,3.0,0.029,9.7,28.0,47.8,52.4,31.18,15.4,62.5,57.8,1026.0,0,6.0,13.04,10.09
EV206038,2024.0,18475.0,135.0,89.5,0.4281,94.31,78.98,1.0,0.319,14.5,33.2,87.0,68.3,14.63,24.8,48.4,93.1,974.0,0,8.0,10.5,2.2
EV157372,2015.0,187530.0,413.0,79.81,0.5419,93.05,60.39,6.0,0.288,19.8,49.9,52.6,62.2,26.51,23.2,49.1,45.2,907.0,0,4.0,20.19,11.2
EV123168,2023.0,102998.0,209.0,83.34,0.4645,93.12,70.6,8.0,0.397,41.1,100.8,87.4,62.4,21.49,63.5,40.1,16.4,874.0,0,4.0,16.66,3.03
EV196043,2017.0,50008.0,262.0,88.31,0.4541,96.12,33.76,2.0,0.069,11.7,19.1,48.0,54.8,24.0,0.0,62.5,74.9,1089.0,0,1.0,11.69,9.21
EV186261,2024.0,59229.0,214.0,87.6,0.4638,97.65,79.15,8.0,0.41,47.0,80.1,83.0,81.3,4.55,78.8,40.8,36.1,1030.0,0,4.0,12.4,2.19
EV198976,2018.0,500.0,1.0,99.63,0.4124,98.0,64.82,1.0,0.275,1.2,3.0,66.2,61.7,20.1,34.8,52.8,82.8,1465.0,0,3.0,0.37,7.75
EV274398,2020.0,26668.0,147.0,86.61,0.4733,94.52,43.3,4.0,0.598,2.5,8.9,80.2,77.2,24.11,74.1,44.1,33.1,953.0,1,8.0,13.39,5.82
EV151393,2023.0,54703.0,257.0,87.86,0.5073,97.34,41.85,8.0,0.195,19.8,49.1,88.5,54.0,9.58,41.0,54.7,100.0,1046.0,0,1.0,12.14,2.96
EV167465,2018.0,101118.0,286.0,83.61,0.5003,93.53,74.57,2.0,0.432,23.2,43.2,58.4,57.4,22.54,16.1,54.6,4.7,1015.0,0,2.0,16.39,8.16
EV139065,2017.0,158028.0,214.0,69.42,0.5122,92.79,46.39,8.0,0.472,16.6,47.1,58.1,69.1,31.78,16.4,50.4,26.6,474.0,0,0.0,30.58,9.1
EV187636,2024.0,26674.0,43.0,99.8,0.4123,97.62,77.91,5.0,0.047,16.2,51.9,85.2,43.1,18.33,0.0,70.2,96.0,1489.0,0,1.0,0.2,2.19
EV273712,2022.0,47429.0,164.0,89.04,0.3897,94.38,59.59,1.0,0.312,10.8,35.3,83.4,61.8,20.42,37.1,53.8,68.5,946.0,0,1.0,10.96,4.05
EV167402,2019.0,86249.0,218.0,93.1,0.4287,97.6,87.1,3.0,0.319,20.9,36.1,66.2,46.5,25.16,42.0,59.8,0.0,1200.0,0,3.0,6.9,7.1
EV250728,2021.0,11981.0,19.0,97.61,0.3944,97.02,84.3,1.0,0.292,1.8,3.0,79.5,45.6,8.12,43.1,64.6,51.4,1465.0,0,3.0,2.39,5.01
EV101314,2020.0,78549.0,1315.0,43.83,0.7008,87.98,26.43,11.0,0.711,71.5,132.4,73.9,90.6,36.04,59.8,31.2,0.0,0.0,1,5.0,56.17,10.13
EV253679,2023.0,22893.0,88.0,87.61,0.5063,95.8,54.59,1.0,0.506,2.3,6.0,89.2,36.8,12.15,36.0,73.6,35.8,644.0,0,1.0,9.12,2.94
EV125126,2024.0,20600.0,75.0,95.71,0.3815,96.96,60.5,1.0,0.707,12.6,35.8,93.7,54.3,8.66,64.2,66.4,6.7,1378.0,0,2.0,4.29,2.32
EV267516,2019.0,110361.0,255.0,91.81,0.4783,93.64,64.66,4.0,0.079,22.3,52.2,69.0,56.8,13.23,24.0,54.4,90.5,1125.0,0,5.0,8.19,7.19
EV223203,2015.0,21300.0,151.0,88.32,0.4535,95.44,35.03,2.0,0.035,2.0,6.6,65.1,63.9,21.1,8.4,54.7,100.0,922.0,0,5.0,11.68,11.03
EV178003,2022.0,72572.0,84.0,91.5,0.4309,96.08,86.36,1.0,0.552,21.8,58.8,78.9,56.8,11.09,57.8,39.7,37.8,1035.0,0,1.0,8.5,4.03
EV208233,2017.0,238154.0,665.0,49.61,0.8644,88.9,34.39,8.0,0.51,30.1,87.0,61.4,61.6,46.23,10.4,54.6,0.0,73.0,1,3.0,50.39,9.33
EV220469,2023.0,32794.0,103.0,80.4,0.7097,93.54,72.68,4.0,0.239,14.7,50.9,77.1,62.9,27.59,60.8,51.1,58.6,564.0,0,4.0,19.6,2.78
EV160740,2017.0,78333.0,312.0,87.61,0.5489,94.98,42.42,2.0,0.305,9.1,26.3,70.7,66.1,13.81,49.2,49.6,60.3,1023.0,0,3.0,15.01,8.91
EV236848,2021.0,49828.0,219.0,89.09,0.495,95.72,42.53,5.0,0.319,7.6,25.7,71.7,61.9,23.46,0.0,55.9,63.1,1187.0,0,7.0,10.91,4.9
EV258598,2017.0,354317.0,856.0,55.77,0.7353,93.58,49.02,11.0,0.594,80.7,122.7,52.2,78.0,18.33,61.5,39.7,13.0,349.0,1,3.0,44.23,9.23
EV279920,2019.0,207152.0,487.0,72.74,0.6108,92.27,64.26,6.0,0.534,47.6,98.4,72.6,55.2,18.6,22.3,58.8,36.7,776.0,0,3.0,,7.22
EV242508,2017.0,124415.0,679.0,66.15,0.616,90.43,26.83,4.0,0.739,18.1,49.2,80.3,67.0,37.69,49.7,56.9,24.9,550.0,1,4.0,33.85,8.99
EV247583,2020.0,70087.0,263.0,81.5,0.4925,93.87,63.08,4.0,0.52,13.9,37.4,73.1,54.5,24.99,37.3,56.2,26.6,1042.0,0,2.0,18.5,5.84
EV218124,2019.0,21551.0,96.0,96.0,0.4023,96.56,82.71,1.0,0.321,4.2,11.9,63.4,49.3,11.15,34.4,63.0,81.4,1387.0,0,2.0,4.0,6.97
EV173256,2023.0,37803.0,153.0,93.22,0.3822,95.66,55.83,2.0,0.282,18.3,48.6,95.6,67.4,8.33,42.1,49.3,81.4,958.0,0,1.0,6.78,2.79
EV233719,2017.0,8421.0,16.0,95.89,0.4708,97.37,40.96,1.0,0.319,2.3,3.0,65.9,44.8,17.44,59.3,69.2,41.0,1471.0,0,1.0,4.11,9.43
EV111815,2022.0,124945.0,204.0,84.62,0.5549,96.91,110.15,4.0,0.542,28.2,92.7,72.3,59.4,22.75,31.6,51.8,28.2,1093.0,1,1.0,15.38,4.04
EV254254,2018.0,93201.0,247.0,87.11,0.5116,91.99,82.66,3.0,0.117,20.4,35.2,72.2,46.5,23.13,20.6,63.3,68.9,1124.0,0,4.0,12.89,8.06
EV279107,2017.0,196071.0,844.0,56.17,0.6556,94.98,26.88,4.0,0.168,24.2,74.6,49.0,68.3,27.97,58.0,52.7,43.6,175.0,1,4.0,43.83,8.7
EV187183,2019.0,61100.0,122.0,94.62,0.4335,94.98,74.14,4.0,0.035,12.6,30.1,75.2,58.9,11.46,0.0,55.3,85.7,1037.0,0,1.0,5.38,6.97
EV256380,2020.0,23330.0,170.0,89.84,0.5063,96.8,72.4,1.0,0.014,10.3,26.1,72.8,41.2,21.35,22.0,67.0,96.4,1156.0,0,0.0,10.16,6.01
EV130517,2022.0,43760.0,35.0,99.8,0.3727,94.29,102.93,1.0,0.407,27.9,44.1,90.1,42.3,3.56,23.1,73.6,58.2,1466.0,0,1.0,0.2,3.72
EV118269,2017.0,500.0,22.0,99.8,0.3749,95.33,64.02,1.0,0.158,1.0,3.0,78.3,40.6,2.13,29.9,69.3,66.3,1444.0,0,3.0,0.2,8.77
EV135930,2020.0,24145.0,29.0,99.8,0.5063,95.93,67.12,5.0,0.108,10.0,27.9,76.3,50.3,12.11,42.0,56.3,95.9,1520.0,0,2.0,0.2,2.31
EV116608,2016.0,104846.0,171.0,84.72,0.4296,93.66,64.02,1.0,0.389,20.1,36.6,56.1,63.4,22.7,51.1,54.1,58.2,825.0,0,3.0,15.28,10.02
EV293903,2024.0,78549.0,38.0,96.76,0.315,94.98,71.55,1.0,0.405,1.3,3.0,89.9,59.0,9.81,35.5,50.6,67.0,1146.0,0,1.0,,2.12
EV250158,2021.0,147721.0,414.0,69.16,0.5063,91.6,44.68,9.0,0.928,62.9,101.3,71.7,65.4,32.24,76.5,43.0,0.0,1030.0,1,4.0,30.84,
EV294419,2021.0,48695.0,207.0,87.47,0.4809,95.03,68.99,3.0,0.632,7.9,20.3,85.0,53.1,15.55,55.6,63.5,6.1,1155.0,0,2.0,12.53,4.78
EV265169,2017.0,180578.0,475.0,71.19,0.6401,92.38,64.72,3.0,0.545,20.4,62.5,54.0,73.4,28.76,63.5,35.3,52.3,1030.0,1,8.0,28.81,8.98
EV248506,2024.0,27866.0,27.0,99.8,0.3726,97.99,92.92,6.0,0.403,40.0,58.0,100.0,43.7,0.0,50.6,72.8,57.2,1492.0,0,0.0,0.2,1.92
EV120028,2022.0,103016.0,217.0,93.16,0.4612,96.98,88.3,2.0,0.376,29.4,86.4,84.8,53.6,16.42,7.6,66.8,36.3,1201.0,0,3.0,6.84,4.15
EV179955,2019.0,137814.0,315.0,86.44,0.5389,94.98,72.62,4.0,0.096,39.6,60.8,63.8,57.8,20.26,16.1,58.1,92.0,1097.0,0,,13.56,6.77
EV283054,2022.0,15853.0,86.0,96.54,0.4184,94.98,90.8,3.0,0.107,3.2,8.6,84.5,49.4,13.18,30.0,65.7,61.2,1335.0,0,2.0,3.46,4.16
EV186405,2015.0,258184.0,214.0,60.81,0.5654,90.79,57.57,7.0,0.345,48.5,80.8,56.0,75.3,31.95,13.0,45.3,0.0,357.0,1,3.0,39.19,
EV134791,2017.0,240215.0,601.0,66.99,0.6842,91.94,52.0,4.0,0.487,27.1,90.0,53.0,57.3,31.42,61.5,53.3,7.9,581.0,1,5.0,33.01,9.06
EV171080,2022.0,68113.0,145.0,93.79,0.3997,93.92,65.89,2.0,0.136,30.1,46.0,61.4,66.8,20.1,33.7,55.3,53.2,1063.0,0,5.0,6.21,4.37
EV195835,2017.0,78303.0,81.0,95.77,0.3791,96.74,92.11,5.0,0.104,10.7,26.1,62.3,55.7,21.65,0.0,53.3,100.0,1369.0,0,1.0,4.23,8.91
EV249446,2023.0,75081.0,191.0,78.5,0.5506,94.89,56.23,6.0,0.277,29.7,86.8,90.2,45.1,13.52,30.2,63.0,57.1,479.0,0,1.0,,3.05
EV123515,2024.0,25701.0,27.0,99.8,0.3617,96.55,103.67,4.0,0.146,8.7,23.2,92.6,50.1,9.53,5.6,53.1,69.8,1469.0,0,2.0,0.2,1.73
EV265138,2017.0,255621.0,1099.0,56.03,0.7862,92.82,25.64,15.0,0.628,40.1,97.9,52.1,66.0,31.24,51.1,48.7,0.0,209.0,1,5.0,43.97,8.84
EV190364,2018.0,292374.0,214.0,74.36,0.5567,92.54,64.02,9.0,0.844,73.1,119.6,63.5,72.1,27.88,79.2,42.4,0.0,706.0,1,3.0,25.64,8.13
EV113806,2017.0,500.0,16.0,99.53,0.5063,96.72,92.71,1.0,0.426,1.1,3.0,77.6,42.3,14.55,47.8,64.5,53.0,1456.0,0,1.0,,8.91
EV210179,2024.0,25245.0,116.0,92.07,0.4377,95.71,70.0,6.0,0.498,21.0,62.6,89.7,57.1,17.62,40.1,59.6,44.5,1270.0,0,2.0,7.93,1.98
EV183378,2019.0,78549.0,286.0,89.64,0.4824,95.76,85.72,6.0,0.054,34.8,65.8,79.9,53.3,14.55,18.3,66.5,76.3,1038.0,0,0.0,10.36,7.04
EV201677,2017.0,229887.0,1004.0,56.4,0.7643,89.46,25.55,13.0,0.762,64.6,85.7,59.6,56.8,23.55,63.6,47.3,0.0,345.0,1,2.0,43.6,9.03
EV155574,2019.0,500.0,52.0,97.93,0.3661,99.29,88.1,1.0,0.203,1.0,3.0,74.2,49.5,10.88,20.6,67.2,89.7,1393.0,0,3.0,2.07,6.91
EV201083,2024.0,22648.0,65.0,87.61,0.3417,96.27,46.0,5.0,0.193,11.5,25.0,98.0,43.8,2.31,0.0,68.7,92.3,1438.0,0,2.0,0.79,2.17
EV222196,2015.0,100243.0,272.0,87.61,0.462,93.26,69.07,2.0,0.123,12.7,32.6,47.0,52.1,24.96,0.0,56.9,63.3,1059.0,0,7.0,13.58,11.07
EV287184,2022.0,182054.0,605.0,64.09,0.6394,92.48,37.47,26.0,0.386,57.0,144.9,71.9,70.8,31.81,42.3,51.9,25.8,375.0,1,7.0,35.91,4.2
EV276464,2022.0,57165.0,193.0,92.34,0.4634,96.47,60.34,7.0,0.259,15.5,47.6,72.2,48.0,14.17,30.4,59.3,63.6,1247.0,0,3.0,,3.98
EV281051,2021.0,11163.0,73.0,92.78,0.4098,95.72,53.97,1.0,0.466,1.0,3.0,87.7,46.4,11.55,22.2,56.9,29.6,1314.0,0,1.0,,5.12
EV260479,2017.0,41101.0,52.0,99.8,0.359,96.33,104.12,1.0,0.073,3.4,9.7,48.5,64.8,24.81,0.0,41.0,100.0,1194.0,0,1.0,0.2,9.15
EV294028,2018.0,156582.0,439.0,82.28,0.5556,93.47,56.49,4.0,0.319,38.8,65.8,75.9,47.6,16.8,8.9,59.6,49.0,839.0,0,4.0,17.72,8.1
EV106132,2023.0,47154.0,125.0,91.82,0.5063,96.4,71.92,2.0,0.484,24.5,46.6,83.2,52.0,15.17,52.9,59.1,59.0,1205.0,0,3.0,8.18,3.11
EV199170,2018.0,33931.0,141.0,99.8,0.3385,98.32,43.67,4.0,0.102,7.2,18.7,66.3,51.7,20.61,8.0,57.6,63.7,1364.0,0,1.0,0.2,7.98
EV274377,2018.0,148349.0,321.0,78.19,0.6337,96.51,60.23,5.0,0.504,22.1,58.6,78.7,61.0,20.88,34.6,60.1,53.6,1030.0,0,3.0,21.81,8.06
EV236543,2015.0,370692.0,935.0,83.35,0.7596,92.89,74.02,5.0,0.715,46.9,113.1,56.5,37.5,26.34,55.3,64.7,0.0,2562.0,1,1.0,16.65,10.61
EV156304,2022.0,63490.0,170.0,92.62,0.4341,95.38,79.41,8.0,0.215,28.2,59.0,73.5,56.4,21.25,29.2,56.5,51.0,1207.0,0,1.0,7.38,3.83
EV177345,2015.0,397293.0,1030.0,58.65,0.7133,89.89,47.25,13.0,0.494,40.3,117.8,61.6,67.8,34.58,59.0,46.8,4.9,1030.0,1,7.0,41.35,10.91
EV246251,2018.0,70237.0,119.0,91.72,0.4745,94.94,68.2,4.0,0.448,11.9,28.1,71.4,50.9,12.13,17.6,61.3,35.3,1287.0,0,0.0,8.28,7.86
EV144133,2022.0,50770.0,96.0,87.61,0.507,93.91,77.48,4.0,0.124,17.8,39.6,80.3,44.6,20.81,12.0,68.4,73.0,626.0,0,2.0,12.51,4.02
EV217858,2015.0,163538.0,560.0,74.27,0.6338,93.26,43.54,6.0,0.207,16.1,50.9,49.6,63.8,36.55,42.0,44.8,81.2,746.0,1,2.0,25.73,11.09
EV229102,2020.0,500.0,1.0,99.8,0.331,97.23,54.65,1.0,0.269,1.6,3.0,83.4,60.8,10.78,58.0,52.6,84.7,1221.0,0,2.0,0.2,1.94
EV183013,2018.0,169474.0,767.0,61.68,0.606,92.4,25.55,11.0,0.264,22.8,69.5,57.6,80.9,35.42,33.2,36.1,21.5,268.0,1,7.0,38.32,8.14
EV272339,2024.0,11494.0,22.0,99.8,0.3463,96.01,64.02,4.0,0.123,8.5,21.6,100.0,55.5,7.06,22.4,56.5,82.8,1168.0,0,3.0,0.2,2.14
EV289117,2017.0,78549.0,285.0,74.0,0.56,93.56,49.61,5.0,0.312,13.0,34.1,71.6,90.0,19.47,65.9,38.1,72.2,706.0,1,6.0,26.0,9.04
EV213815,2016.0,251405.0,797.0,44.53,0.9017,91.91,27.51,9.0,0.362,24.3,83.5,61.7,64.4,37.8,51.9,54.3,39.7,32.0,1,2.0,,10.15
EV106935,2023.0,87312.0,196.0,89.14,0.5074,97.95,110.28,4.0,0.421,46.5,107.9,79.0,61.4,19.91,42.3,55.8,11.5,1175.0,0,2.0,10.86,
EV276039,2018.0,197355.0,330.0,78.6,0.4759,92.31,98.56,4.0,0.745,28.5,80.4,78.1,64.0,14.28,43.8,55.8,3.2,654.0,0,3.0,21.4,8.16
EV200656,2023.0,7815.0,1.0,99.8,0.43,97.19,64.02,2.0,0.062,20.4,23.6,96.4,52.8,10.64,34.5,55.0,89.4,1485.0,0,2.0,0.2,2.72
EV141290,2021.0,60450.0,140.0,92.64,0.486,97.48,85.86,5.0,0.455,15.2,43.5,85.9,50.5,11.93,3.0,61.6,55.7,1246.0,0,2.0,7.36,4.96
EV233071,2023.0,21041.0,1.0,99.8,0.374,96.96,84.13,1.0,0.074,7.2,14.7,72.8,50.0,3.52,24.1,59.5,90.4,1497.0,0,1.0,0.2,3.0
EV162572,2024.0,29036.0,33.0,98.16,0.421,96.86,67.9,1.0,0.373,16.8,33.0,100.0,65.5,10.01,34.9,52.8,48.3,1168.0,0,1.0,1.84,2.02
EV216233,2017.0,207177.0,725.0,46.13,0.9216,90.63,27.63,9.0,0.411,40.5,76.8,63.9,63.4,18.33,33.2,48.1,37.4,33.0,1,3.0,53.87,8.8
EV295410,2016.0,166339.0,789.0,62.2,0.6853,91.21,29.3,9.0,0.258,17.6,54.5,49.2,68.8,40.68,26.4,42.9,36.8,428.0,1,3.0,37.8,10.2
EV195365,2022.0,71704.0,180.0,89.98,0.3848,94.98,87.83,6.0,0.138,37.2,55.5,81.3,57.3,12.04,0.0,56.7,80.0,909.0,0,1.0,10.02,3.84
EV111213,2015.0,352353.0,932.0,49.08,0.7725,93.51,36.28,12.0,0.66,68.6,106.3,62.9,96.0,34.58,69.8,29.1,26.8,133.0,1,4.0,50.92,10.99
EV243898,2016.0,254526.0,1144.0,87.61,0.9779,86.13,20.13,13.0,0.276,24.3,79.9,53.1,56.8,29.99,83.3,29.4,12.0,1030.0,1,4.0,53.06,10.14
EV228504,2016.0,408438.0,577.0,73.26,0.6237,93.59,102.43,6.0,0.393,76.4,138.3,52.9,57.5,30.12,33.9,56.9,17.6,637.0,1,5.0,26.74,10.08
EV226488,2018.0,101708.0,407.0,74.46,0.4922,94.02,42.73,3.0,0.117,29.9,41.1,62.4,69.2,32.39,12.3,46.1,61.2,607.0,0,1.0,25.54,8.05
EV131805,2020.0,8539.0,45.0,97.01,0.4412,98.21,66.13,1.0,0.319,1.1,3.0,83.8,58.3,4.7,34.9,60.0,85.9,1131.0,0,2.0,2.99,1.97
EV237571,2023.0,65719.0,211.0,89.62,0.5023,95.72,81.49,2.0,0.281,22.4,72.7,78.0,49.0,17.19,15.1,63.7,61.4,1121.0,0,2.0,10.38,2.88
EV238817,2016.0,122815.0,531.0,78.78,0.5456,93.57,36.21,5.0,0.063,24.3,41.1,70.9,53.5,13.84,0.0,60.3,78.7,742.0,0,3.0,21.22,10.17
EV259402,2020.0,43466.0,111.0,90.27,0.4281,95.12,80.46,1.0,0.717,12.8,25.8,65.2,65.6,16.51,68.1,50.8,0.0,1011.0,0,4.0,9.73,6.18
EV251546,2017.0,221670.0,429.0,77.9,0.4355,94.93,72.94,9.0,0.239,34.1,85.7,69.8,70.2,18.69,13.7,43.0,0.1,599.0,0,5.0,22.1,9.0
EV107833,2022.0,78549.0,37.0,87.61,0.3842,96.86,85.18,2.0,0.167,13.7,23.2,72.8,46.2,7.34,31.5,65.4,99.6,1435.0,0,3.0,3.17,4.0
EV106078,2022.0,22231.0,1.0,99.8,0.367,97.32,123.95,4.0,0.438,5.3,14.9,72.8,47.6,9.54,42.7,68.3,47.4,1445.0,0,4.0,0.2,3.94
EV230808,2016.0,332602.0,723.0,60.66,0.6168,89.64,54.52,9.0,0.415,43.1,109.6,56.8,75.9,27.54,39.5,48.7,0.0,273.0,1,6.0,39.34,10.16
EV155510,2016.0,76242.0,227.0,87.61,0.459,95.76,67.46,3.0,0.319,14.9,27.4,58.0,52.3,17.8,30.0,57.1,26.1,1166.0,0,2.0,9.04,10.02
EV161691,2017.0,22312.0,18.0,97.76,0.4796,95.35,84.0,1.0,0.09,4.7,15.9,60.9,49.2,18.33,56.7,61.0,100.0,1465.0,0,0.0,2.24,9.06
EV203188,2018.0,235210.0,519.0,64.13,0.5491,92.86,56.74,5.0,0.528,20.4,95.9,65.9,76.4,28.29,60.1,56.9,21.0,423.0,1,5.0,35.87,8.03
EV247791,2024.0,14970.0,58.0,97.54,0.3769,97.33,96.66,4.0,0.117,9.1,29.2,96.1,67.4,10.05,23.3,53.7,97.1,1115.0,0,4.0,2.46,2.26
EV129905,2015.0,450000.0,1198.0,45.02,0.7553,89.18,35.5,11.0,0.766,39.9,138.2,57.5,91.2,35.85,33.5,35.3,0.0,17.0,1,2.0,54.98,10.85
EV249116,2021.0,14412.0,82.0,97.31,0.3754,97.56,70.29,1.0,0.17,2.3,3.0,73.8,65.3,16.78,29.8,51.9,98.2,1099.0,0,7.0,2.69,4.74
EV116238,2020.0,106508.0,250.0,86.81,0.4225,96.02,59.28,2.0,0.206,10.5,29.1,57.3,65.1,18.33,27.4,46.7,89.9,830.0,0,1.0,13.19,11.19
EV278068,2018.0,97748.0,117.0,95.17,0.4083,96.41,114.99,3.0,0.051,12.2,38.1,69.0,49.8,18.62,30.7,56.9,74.5,1327.0,0,4.0,4.83,8.11
EV195637,2020.0,35589.0,140.0,89.29,0.5004,95.16,58.15,6.0,0.292,14.7,43.1,74.0,43.0,17.41,66.9,65.3,30.5,1186.0,0,2.0,10.71,2.97
EV258061,2017.0,86977.0,221.0,85.12,0.4516,96.29,78.43,6.0,0.173,10.9,29.0,63.5,71.3,22.01,0.0,50.2,79.7,821.0,0,1.0,14.88,8.85
EV218529,2015.0,65252.0,62.0,99.47,0.3796,98.18,85.18,3.0,0.336,9.6,20.7,45.4,48.8,19.94,27.9,66.4,63.4,1396.0,0,2.0,0.53,11.03
EV109371,2015.0,387794.0,1056.0,52.25,0.8457,89.19,38.02,12.0,0.455,40.0,116.0,57.5,81.3,32.94,58.9,38.9,0.0,207.0,1,4.0,47.75,10.99
EV192492,2016.0,316090.0,887.0,54.45,0.6636,91.37,37.48,14.0,0.395,20.4,47.1,45.6,85.9,37.15,27.8,34.3,38.3,199.0,1,4.0,45.55,10.11
EV215606,2020.0,78549.0,124.0,96.26,0.409,96.42,55.71,1.0,0.161,14.9,31.7,80.0,57.6,13.39,33.9,51.8,99.6,1363.0,0,1.0,3.74,6.05
EV282497,2017.0,80962.0,237.0,80.59,0.5621,94.12,48.89,4.0,0.523,12.9,26.4,53.3,63.7,25.04,48.6,45.8,45.6,1001.0,0,4.0,19.41,9.21
EV149792,2019.0,80882.0,144.0,95.15,0.3725,98.54,96.63,6.0,0.187,23.1,39.0,56.5,54.7,23.84,26.1,59.1,78.3,1280.0,0,3.0,,7.02
EV261902,2015.0,68102.0,248.0,87.2,0.5443,96.58,56.97,2.0,0.397,19.2,24.0,59.3,55.9,22.5,40.0,57.9,28.8,1030.0,0,1.0,12.8,11.19
EV144103,2020.0,28745.0,122.0,90.89,0.5034,98.2,36.67,4.0,0.252,7.0,14.7,79.9,48.8,10.72,31.5,63.2,83.1,1234.0,0,2.0,9.11,6.0
EV157844,2015.0,75099.0,194.0,83.4,0.4862,95.23,64.07,4.0,0.361,13.5,47.1,57.4,74.6,17.43,29.3,51.2,70.3,822.0,0,4.0,16.6,11.01
EV159585,2015.0,78549.0,65.0,97.77,0.3799,97.42,102.53,1.0,0.404,1.0,3.0,64.3,69.4,2.68,32.7,42.9,64.8,1093.0,0,3.0,2.23,11.04
EV265594,2018.0,54115.0,64.0,98.92,0.3769,97.33,83.7,3.0,0.27,9.9,47.1,69.4,50.3,14.46,21.3,59.9,82.0,1440.0,0,7.0,1.08,8.15
EV104304,2020.0,55607.0,214.0,81.25,0.5063,96.8,28.75,5.0,0.529,8.6,25.5,76.8,65.9,13.33,36.2,53.9,49.9,771.0,0,4.0,18.75,5.86
EV137637,2020.0,500.0,214.0,99.5,0.3424,95.15,79.04,1.0,0.273,1.8,3.0,86.1,61.3,5.93,46.0,58.0,45.7,1171.0,0,2.0,0.5,5.63
EV237180,2019.0,138247.0,321.0,73.53,0.5759,94.98,66.15,4.0,0.275,50.5,67.2,74.2,76.5,22.07,43.2,41.6,38.8,666.0,0,5.0,26.47,6.86
EV168614,2020.0,15324.0,13.0,98.67,0.3902,98.72,85.61,4.0,0.35,1.3,3.0,72.6,63.9,18.33,23.3,52.5,80.2,1182.0,0,1.0,1.33,5.88
EV291419,2015.0,239466.0,627.0,64.87,0.5644,94.98,50.12,5.0,0.427,32.2,74.7,39.4,78.4,49.2,44.0,41.1,17.3,337.0,1,3.0,35.13,11.14
EV263672,2019.0,123339.0,298.0,83.34,0.553,93.72,72.63,1.0,0.173,20.4,47.1,72.8,54.5,20.01,30.4,59.5,73.1,1017.0,0,3.0,16.66,6.82
EV130889,2018.0,82998.0,134.0,95.93,0.4225,96.39,76.54,4.0,0.232,11.2,34.7,67.3,53.1,20.58,5.4,58.5,55.3,1273.0,0,1.0,4.07,7.99
EV182773,2022.0,12671.0,36.0,99.06,0.4186,97.01,71.24,4.0,0.319,1.4,3.0,94.6,43.0,18.33,37.7,65.6,80.0,1030.0,0,1.0,0.94,3.92
EV194074,2016.0,78713.0,184.0,77.11,0.7098,93.14,66.01,3.0,0.144,8.5,23.2,63.1,48.5,20.46,30.0,63.8,45.4,471.0,0,1.0,22.89,10.03
EV241624,2016.0,183728.0,777.0,54.33,0.761,84.65,26.74,8.0,0.425,29.0,65.4,54.2,90.8,40.24,75.1,31.9,0.0,184.0,1,1.0,45.67,9.92
EV109509,2016.0,8672.0,77.0,94.27,0.4577,95.19,49.3,1.0,0.14,1.6,47.1,56.2,48.3,18.11,23.3,62.3,66.6,1312.0,0,0.0,5.73,9.97
EV236829,2021.0,29864.0,147.0,89.89,0.4163,94.86,55.63,4.0,0.522,15.5,24.6,72.8,54.3,27.24,33.2,53.5,52.1,1178.0,0,1.0,10.11,5.11
EV108554,2018.0,279966.0,752.0,43.19,0.9823,87.84,32.87,11.0,0.721,55.2,120.2,67.4,67.7,46.43,64.1,48.0,0.0,21.0,1,2.0,,7.91
EV244336,2022.0,15012.0,111.0,87.61,0.4566,98.0,49.5,4.0,0.226,5.2,16.1,77.9,53.5,14.63,15.7,68.6,72.8,1342.0,0,0.0,4.74,3.89
EV214849,2017.0,170498.0,388.0,63.05,0.7831,92.86,57.73,8.0,0.253,24.6,60.7,56.3,60.7,35.45,8.9,53.7,29.1,261.0,1,4.0,36.95,9.22
EV264788,2016.0,40233.0,140.0,75.66,0.5941,94.98,30.87,5.0,0.621,5.8,14.5,55.5,91.5,34.81,81.3,37.2,4.5,768.0,1,3.0,24.34,
EV233737,2024.0,27992.0,20.0,98.27,0.3677,95.74,81.22,3.0,0.642,15.0,30.5,86.7,39.6,18.77,18.8,69.8,52.1,1475.0,0,5.0,1.73,2.03
EV196798,2015.0,37578.0,111.0,87.61,0.5425,93.89,63.08,1.0,0.253,4.8,10.2,56.8,64.1,17.73,57.7,53.3,67.3,1218.0,0,1.0,8.78,10.96
EV239497,2021.0,52266.0,190.0,77.52,0.6141,94.98,39.65,2.0,0.244,9.8,33.4,77.8,46.9,22.09,11.0,70.3,29.2,473.0,0,6.0,22.48,5.04
EV147791,2020.0,229083.0,602.0,68.35,0.7417,93.93,55.85,13.0,0.664,47.3,118.7,73.5,80.3,27.09,84.8,31.1,23.5,617.0,1,4.0,31.65,6.24
EV247793,2019.0,122114.0,425.0,76.78,0.5701,93.58,44.71,4.0,0.554,25.5,57.4,73.9,63.2,25.94,37.3,53.1,18.0,844.0,0,2.0,,6.92
EV106257,2019.0,96471.0,151.0,85.3,0.4259,96.63,71.26,5.0,0.366,15.3,45.7,71.5,65.4,24.1,26.7,52.2,26.8,869.0,0,1.0,14.7,6.88
EV187356,2021.0,59921.0,214.0,98.45,0.3353,97.53,88.93,1.0,0.391,14.8,36.4,91.9,58.4,0.0,51.8,47.6,67.9,1118.0,0,2.0,1.55,4.97
EV245770,2017.0,26973.0,6.0,99.8,0.3798,96.36,94.86,1.0,0.147,1.5,3.0,64.7,43.9,11.72,13.2,59.0,86.7,1505.0,0,2.0,0.2,9.26
EV292572,2018.0,9670.0,59.0,99.36,0.3457,96.43,92.94,2.0,0.056,3.1,5.5,69.8,59.3,16.38,33.2,59.2,96.2,1154.0,0,2.0,0.64,7.77
EV230158,2020.0,150615.0,441.0,77.17,0.558,94.29,58.52,4.0,0.312,22.4,63.0,62.0,63.1,17.57,17.0,56.9,41.5,813.0,0,3.0,22.83,7.98
EV137642,2024.0,35865.0,152.0,94.98,0.4462,95.95,64.02,8.0,0.265,50.3,61.5,93.2,56.2,0.0,1.0,58.8,63.1,1030.0,0,3.0,5.02,2.21
EV226374,2017.0,78549.0,384.0,77.4,0.5546,95.93,72.97,1.0,0.406,19.6,51.5,64.5,58.0,20.65,26.1,56.2,45.4,845.0,0,3.0,22.6,9.46
EV197627,2024.0,13723.0,29.0,99.12,0.3532,99.5,74.92,4.0,0.228,13.3,27.5,75.8,64.8,7.89,40.7,49.0,36.1,1169.0,0,2.0,0.88,1.99
EV225502,2020.0,78777.0,182.0,91.31,0.4031,96.38,81.41,2.0,0.351,22.4,34.9,87.5,56.0,13.22,32.6,59.5,45.0,1198.0,0,1.0,8.69,5.9
EV173522,2022.0,51102.0,150.0,90.83,0.4356,94.4,62.6,3.0,0.474,14.3,44.8,79.8,67.6,16.92,39.6,44.7,17.9,949.0,0,3.0,9.17,3.83
EV294716,2018.0,134125.0,248.0,86.71,0.414,94.56,81.8,1.0,0.121,16.8,52.5,76.3,66.8,15.46,12.1,56.9,55.1,802.0,0,3.0,13.29,7.92
EV216032,2020.0,84263.0,252.0,93.25,0.4244,96.26,66.55,2.0,0.228,25.6,48.6,65.4,46.0,22.3,33.2,66.5,60.6,1179.0,0,1.0,6.75,5.98
EV270365,2020.0,20527.0,48.0,90.16,0.5343,92.58,54.38,1.0,0.316,10.0,12.3,75.0,57.1,6.68,67.1,53.6,49.7,1271.0,0,3.0,9.84,
EV210398,2020.0,137510.0,385.0,85.1,0.4473,94.63,74.04,11.0,0.044,29.4,73.8,77.7,58.9,15.2,7.3,54.7,57.7,1000.0,0,4.0,14.9,5.86
EV115666,2018.0,112794.0,282.0,86.27,0.4933,94.67,64.9,7.0,0.048,14.3,47.8,61.2,47.5,24.62,0.0,68.7,100.0,1033.0,0,3.0,13.73,8.0
EV250823,2018.0,161223.0,345.0,82.49,0.5863,95.23,74.65,2.0,0.448,19.1,63.1,79.8,50.9,14.97,53.3,59.9,53.4,949.0,0,2.0,17.51,8.03
EV163800,2018.0,99361.0,199.0,88.94,0.4386,95.67,77.14,3.0,0.161,19.3,43.7,81.9,50.3,4.64,3.1,64.1,88.3,1197.0,0,7.0,11.06,7.77
EV265558,2020.0,190217.0,487.0,78.86,0.55,94.91,74.18,7.0,0.166,22.8,72.2,57.3,54.3,21.38,0.1,57.1,52.1,766.0,0,2.0,21.14,8.98
EV296877,2019.0,29475.0,86.0,87.61,0.3474,96.33,119.73,2.0,0.142,7.2,14.1,70.9,56.8,9.7,35.3,61.3,93.7,1062.0,0,3.0,5.32,
EV179325,2024.0,38462.0,152.0,95.93,0.4475,95.26,96.74,1.0,0.072,39.3,53.5,89.7,53.5,9.25,8.0,60.2,97.9,1272.0,0,1.0,4.07,2.02
EV149958,2015.0,73086.0,306.0,82.39,0.5063,95.33,37.43,2.0,0.414,9.4,25.0,41.1,56.5,37.44,17.4,46.3,61.3,1030.0,1,3.0,17.61,10.88
EV202428,2021.0,21900.0,1.0,98.04,0.4008,96.29,91.12,1.0,0.211,6.7,16.8,71.4,54.8,19.72,30.4,59.3,63.8,1426.0,0,5.0,,4.91
EV275710,2024.0,34990.0,95.0,98.82,0.5063,95.35,64.97,6.0,0.144,16.2,53.5,96.6,43.7,16.15,17.1,56.9,68.3,1332.0,0,1.0,1.18,2.03
EV120165,2023.0,78549.0,50.0,87.61,0.5423,96.88,76.65,1.0,0.348,9.4,26.3,82.9,51.4,25.02,62.8,64.5,100.0,1273.0,0,3.0,10.87,2.97
EV193247,2019.0,112047.0,235.0,88.06,0.5063,97.37,78.4,3.0,0.419,41.6,56.6,75.1,49.8,13.78,41.4,60.6,14.6,1030.0,0,5.0,11.94,7.16
EV119758,2018.0,106243.0,290.0,85.53,0.4854,94.67,77.02,4.0,0.172,18.1,42.1,70.1,53.8,21.33,26.4,61.7,71.9,1033.0,0,4.0,14.47,8.03
EV219236,2021.0,10923.0,1.0,87.61,0.3572,97.35,86.81,1.0,0.188,3.0,9.5,87.2,41.4,14.5,33.2,56.9,94.7,1481.0,0,2.0,0.2,5.03
EV292392,2020.0,130367.0,356.0,84.43,0.558,94.68,66.04,6.0,0.337,32.7,80.6,76.9,63.0,12.1,48.4,47.4,24.1,966.0,0,3.0,15.57,5.91
EV107870,2020.0,113606.0,258.0,89.14,0.4803,94.98,82.93,9.0,0.182,35.8,58.7,81.5,48.0,12.48,25.2,63.9,58.5,1078.0,0,2.0,10.86,6.87
EV294564,2016.0,44523.0,1.0,98.18,0.4385,98.93,74.92,1.0,0.2,12.3,15.1,67.1,57.2,15.64,27.2,56.6,97.7,1470.0,0,4.0,1.82,10.0
EV209386,2024.0,19747.0,8.0,99.8,0.3176,99.5,80.02,2.0,0.276,6.4,21.9,89.2,46.1,5.54,15.3,66.7,74.5,1472.0,0,3.0,0.2,2.15
EV288038,2022.0,89634.0,229.0,87.02,0.4893,94.92,65.11,7.0,0.589,24.0,79.7,76.4,51.2,17.65,35.6,54.3,57.3,1096.0,0,5.0,12.98,3.8
EV209625,2021.0,52464.0,55.0,95.73,0.3511,94.64,98.47,1.0,0.167,11.8,47.1,77.0,58.3,11.41,22.7,57.1,52.1,1106.0,0,4.0,4.27,5.05
EV237506,2017.0,15657.0,11.0,98.96,0.4068,97.23,72.73,3.0,0.037,2.3,3.0,54.6,47.6,17.66,0.0,68.6,41.5,1440.0,0,3.0,1.04,9.05
EV118246,2018.0,6304.0,1.0,98.12,0.3918,97.76,66.18,1.0,0.319,1.3,3.0,66.1,56.9,23.19,30.8,56.9,85.5,1516.0,0,2.0,1.88,8.15
EV140280,2017.0,172902.0,631.0,64.04,0.6132,91.61,34.0,5.0,0.41,23.9,57.4,54.2,76.0,27.16,54.7,43.7,41.3,396.0,1,8.0,35.96,9.13
EV171529,2023.0,80318.0,322.0,85.4,0.4917,95.8,37.26,12.0,0.543,24.4,84.2,89.7,63.8,9.81,37.2,56.9,0.0,975.0,0,4.0,14.6,3.19
EV227017,2015.0,52994.0,213.0,91.38,0.4371,94.98,72.5,1.0,0.524,3.4,9.5,61.4,48.8,14.92,43.2,63.3,24.6,1204.0,0,2.0,8.62,11.09
EV149925,2024.0,32807.0,30.0,96.46,0.5265,98.05,116.22,1.0,0.055,12.7,37.0,86.2,51.3,12.11,21.8,61.6,85.3,736.0,0,,3.54,2.07
EV198726,2016.0,78549.0,739.0,63.1,0.7261,92.73,41.33,7.0,0.19,29.4,80.8,57.0,60.6,28.31,19.1,55.8,50.1,469.0,1,5.0,36.9,9.97
EV264863,2015.0,10794.0,60.0,94.88,0.3488,95.6,50.53,1.0,0.319,2.9,6.4,40.9,58.3,19.32,23.8,57.7,71.0,1093.0,0,,5.12,10.91
EV171220,2022.0,54937.0,87.0,96.77,0.3871,95.71,98.83,5.0,0.225,13.5,34.5,76.9,39.8,14.89,34.7,72.9,70.7,1030.0,0,0.0,3.23,4.36
EV213187,2017.0,85777.0,293.0,79.58,0.5063,94.52,49.67,6.0,0.175,20.9,34.4,72.8,65.0,24.72,27.4,58.9,51.3,747.0,0,0.0,20.42,9.06
EV244935,2021.0,105259.0,234.0,87.59,0.5063,94.95,79.77,4.0,0.033,16.6,57.8,75.8,56.8,6.55,39.3,58.0,65.5,859.0,0,3.0,12.41,5.4
EV295626,2021.0,82092.0,370.0,65.21,0.7347,87.73,30.44,9.0,0.274,20.5,63.8,65.5,91.5,28.64,93.6,35.4,40.9,535.0,1,3.0,34.79,4.75
EV216942,2019.0,273896.0,1184.0,51.11,0.7936,90.82,22.21,24.0,0.822,90.4,126.5,77.7,81.4,23.26,58.0,36.1,0.0,124.0,1,8.0,48.89,7.0
EV198287,2018.0,86790.0,192.0,86.3,0.4968,95.05,92.77,2.0,0.645,18.1,39.4,74.4,56.1,23.47,47.1,66.0,41.5,1135.0,0,4.0,13.7,7.95
EV136366,2022.0,101272.0,293.0,83.75,0.5714,93.22,62.15,9.0,0.401,44.3,47.1,80.8,56.8,28.24,37.6,55.5,24.4,1002.0,0,1.0,16.25,
EV265616,2023.0,30484.0,84.0,99.8,0.4033,96.33,74.85,1.0,0.063,9.4,32.3,86.7,49.2,8.66,39.8,63.2,100.0,1419.0,0,0.0,,2.71
EV213242,2019.0,160742.0,730.0,70.44,0.6181,94.98,29.64,8.0,0.268,22.3,68.4,70.1,60.6,34.56,5.0,57.5,24.8,525.0,1,4.0,29.56,6.88
EV232985,2015.0,79141.0,161.0,81.41,0.6238,93.91,87.05,4.0,0.135,8.8,23.9,43.9,69.9,28.04,34.8,56.9,61.8,534.0,1,4.0,18.59,10.98
EV258865,2019.0,178141.0,571.0,87.61,0.6668,92.66,42.48,8.0,0.246,32.0,87.3,79.2,56.8,33.07,60.6,51.6,46.2,706.0,0,4.0,29.01,7.02
EV157441,2021.0,90611.0,437.0,71.16,0.5063,93.54,30.84,6.0,0.356,27.5,52.8,84.5,56.8,20.31,23.7,43.3,51.0,592.0,0,2.0,28.84,5.24
EV274213,2024.0,36818.0,3.0,99.8,0.5063,94.98,94.24,5.0,0.175,37.8,65.4,95.9,44.4,18.33,33.7,56.9,77.8,1415.0,0,2.0,0.2,2.12
EV206458,2018.0,73866.0,279.0,86.28,0.4186,94.94,55.45,1.0,0.445,20.4,47.1,85.8,63.8,9.53,41.2,48.4,30.8,800.0,0,5.0,13.72,7.82
EV101641,2020.0,27575.0,26.0,99.8,0.4888,96.78,76.75,4.0,0.268,5.5,16.2,85.7,50.9,13.74,11.0,59.0,85.0,1444.0,0,3.0,0.2,6.04
EV269768,2016.0,78549.0,590.0,48.1,0.9177,91.02,63.91,2.0,0.583,42.9,128.1,67.1,63.7,24.44,70.0,54.9,6.1,89.0,1,0.0,51.9,10.02
EV206095,2022.0,35324.0,92.0,94.29,0.4519,97.2,65.74,1.0,0.189,20.4,39.1,80.1,53.1,10.09,31.1,63.8,41.2,1412.0,0,2.0,5.71,3.99
EV269999,2022.0,138501.0,335.0,64.69,0.8169,91.86,55.59,7.0,0.493,52.7,106.3,88.1,59.8,27.77,53.4,56.9,0.0,323.0,1,2.0,35.31,4.16
EV135517,2018.0,252126.0,590.0,62.25,0.6927,89.17,55.14,8.0,0.358,20.4,101.3,65.5,89.5,23.0,41.6,25.2,38.4,314.0,1,5.0,37.75,8.07
EV254997,2017.0,117081.0,212.0,90.38,0.4691,94.06,86.29,2.0,0.727,35.5,44.5,66.1,58.6,23.04,43.7,51.8,25.8,1096.0,0,2.0,9.62,9.28
EV105372,2021.0,78549.0,275.0,85.91,0.4881,95.71,54.09,4.0,0.192,29.9,50.4,77.7,55.9,23.74,33.5,56.4,69.2,1022.0,0,1.0,14.09,5.03
EV249202,2023.0,45476.0,32.0,98.01,0.3729,96.99,90.85,1.0,0.454,16.3,50.9,72.8,55.5,7.59,31.8,56.5,21.7,1442.0,0,2.0,1.99,2.77
EV205324,2022.0,40391.0,140.0,95.69,0.4357,97.61,62.9,6.0,0.079,29.7,36.4,88.2,41.3,3.13,0.0,71.6,59.8,1359.0,0,0.0,4.31,4.02
EV224070,2020.0,33117.0,106.0,94.9,0.451,97.83,86.22,1.0,0.052,6.3,22.0,84.0,58.8,18.56,0.0,62.1,86.0,1369.0,0,4.0,5.1,5.94
EV290606,2023.0,31987.0,164.0,83.09,0.5063,95.85,36.05,7.0,0.05,31.5,42.8,84.5,41.9,20.92,0.0,59.0,70.2,522.0,0,0.0,16.91,3.18
EV192127,2021.0,100873.0,495.0,74.59,0.5872,94.02,44.77,3.0,0.21,23.9,64.1,81.3,63.7,26.39,10.2,48.9,41.2,695.0,0,5.0,25.41,4.88
EV115757,2020.0,50066.0,214.0,90.07,0.4148,95.89,51.35,1.0,0.319,7.8,25.9,71.6,64.0,19.62,19.4,51.1,50.2,956.0,0,4.0,9.93,6.13
EV181430,2019.0,39208.0,1.0,99.8,0.394,98.24,83.07,1.0,0.21,7.3,23.6,71.8,50.5,17.27,14.9,63.7,80.5,1545.0,0,5.0,0.2,7.19
EV236250,2017.0,78549.0,1052.0,47.36,0.6973,88.88,26.3,13.0,0.723,53.5,104.9,67.2,86.5,37.61,39.3,25.4,0.0,83.0,1,3.0,52.64,9.15
EV259199,2018.0,500.0,1.0,99.8,0.3406,98.3,50.0,1.0,0.249,2.0,3.0,58.8,58.0,10.07,27.7,60.4,76.5,1258.0,0,0.0,,7.68
EV258862,2019.0,9675.0,1.0,99.8,0.5063,96.08,77.09,1.0,0.477,4.0,7.8,65.7,42.7,1.03,36.0,63.1,4.1,818.0,0,3.0,0.2,6.92
EV178662,2024.0,35494.0,94.0,96.53,0.3445,97.34,84.94,4.0,0.106,13.3,41.1,81.8,68.8,15.8,11.3,46.3,52.1,1032.0,0,3.0,3.47,2.09
EV276784,2019.0,51158.0,214.0,94.62,0.4144,95.74,73.08,1.0,0.123,26.5,33.3,71.1,61.9,18.2,42.4,51.0,100.0,1050.0,0,2.0,5.38,7.1
EV186789,2024.0,29766.0,47.0,88.0,0.5915,95.83,81.88,7.0,0.495,20.2,54.3,97.2,47.5,13.52,32.0,53.6,51.8,672.0,0,,12.0,1.87
EV139559,2024.0,17151.0,52.0,96.88,0.2751,95.6,90.58,1.0,0.311,25.8,32.1,85.6,56.8,4.93,20.6,61.4,73.1,1104.0,0,1.0,3.12,1.77
EV101171,2016.0,167630.0,423.0,76.59,0.5063,93.62,53.02,4.0,0.448,18.4,60.9,64.2,55.7,19.81,45.0,54.7,55.3,803.0,0,2.0,23.41,9.91
EV160019,2015.0,299397.0,867.0,56.72,0.7861,88.87,39.32,10.0,0.546,25.4,86.9,64.3,65.4,32.93,39.1,48.8,0.0,366.0,1,4.0,43.28,11.06
EV270821,2020.0,42209.0,231.0,86.32,0.415,94.68,31.18,11.0,0.533,18.1,50.3,88.0,62.5,15.18,33.6,60.0,44.4,864.0,0,2.0,13.68,2.76
EV127977,2017.0,27942.0,90.0,99.8,0.3666,96.44,96.02,1.0,0.084,8.2,12.7,61.4,51.1,14.99,54.2,62.8,89.4,1365.0,0,3.0,0.2,9.13
EV156017,2015.0,37650.0,159.0,90.59,0.485,95.54,61.58,2.0,0.069,4.5,12.4,61.0,46.8,18.33,33.1,64.5,71.7,1212.0,0,5.0,9.41,10.78
EV251775,2022.0,19623.0,71.0,96.4,0.3634,95.79,84.03,4.0,0.404,5.3,17.7,82.1,39.3,17.46,32.8,62.1,74.5,1387.0,0,2.0,3.6,3.94
EV221873,2021.0,113708.0,445.0,87.61,0.5873,92.42,41.11,9.0,0.479,20.0,69.9,69.8,56.9,22.22,43.6,62.2,26.6,818.0,0,2.0,21.53,5.11
EV155653,2016.0,171843.0,427.0,65.76,0.6568,87.67,61.73,5.0,0.504,25.8,58.3,56.0,92.1,29.58,70.0,33.2,32.9,499.0,1,2.0,,9.9
EV284788,2016.0,330469.0,954.0,60.49,0.7295,91.13,40.5,16.0,0.661,50.6,111.1,69.9,55.3,23.72,51.0,60.8,0.0,345.0,1,2.0,39.51,9.82
EV106015,2018.0,49781.0,63.0,96.22,0.4284,95.72,94.26,1.0,0.356,17.8,27.7,66.1,50.3,20.34,28.7,62.5,60.2,1388.0,0,2.0,3.78,7.99
EV135521,2018.0,77789.0,219.0,88.91,0.5071,96.33,105.37,4.0,0.16,15.4,34.4,74.9,50.6,16.03,8.8,61.7,85.1,1134.0,0,,11.09,7.72
EV114490,2018.0,111451.0,276.0,88.54,0.4891,96.07,75.02,5.0,0.371,18.0,44.1,68.2,57.7,20.65,13.3,54.0,39.9,1075.0,0,2.0,,7.98
EV209205,2018.0,500.0,84.0,95.62,0.4148,94.77,40.79,2.0,0.319,1.2,3.0,58.0,48.8,15.48,5.6,61.0,76.0,1313.0,0,0.0,4.38,
EV120956,2020.0,55441.0,92.0,90.91,0.4175,97.21,56.09,7.0,0.684,17.6,50.8,86.5,62.0,17.26,29.1,57.5,35.3,1231.0,0,2.0,9.09,4.15
EV193567,2023.0,71863.0,166.0,85.52,0.437,94.83,72.32,8.0,0.656,33.6,95.9,88.2,54.4,13.47,22.7,49.2,0.0,845.0,0,1.0,14.48,2.73
EV254109,2020.0,78549.0,580.0,63.76,0.5707,91.41,48.4,6.0,0.225,25.0,68.8,62.1,77.6,24.97,38.9,48.2,60.6,417.0,0,2.0,36.24,9.88
EV265821,2015.0,170340.0,439.0,72.36,0.5786,91.43,60.44,7.0,0.426,22.2,48.6,44.1,60.9,34.99,25.8,55.7,52.1,780.0,0,3.0,27.64,11.24
EV249501,2017.0,89823.0,303.0,83.95,0.568,94.98,54.24,5.0,0.127,9.1,31.6,57.4,49.9,18.87,7.3,62.6,62.6,1025.0,0,4.0,16.05,
EV125486,2017.0,80968.0,219.0,87.36,0.4651,96.1,74.69,6.0,0.337,13.7,33.9,67.3,45.6,13.06,48.8,60.3,68.6,1069.0,0,4.0,12.64,9.19
EV233464,2022.0,500.0,1.0,99.8,0.283,96.27,52.93,1.0,0.395,1.4,3.0,88.4,54.3,4.49,49.5,61.8,64.7,1214.0,0,1.0,0.2,3.82
EV235022,2021.0,151184.0,555.0,75.37,0.6247,91.99,42.93,10.0,0.322,31.5,97.5,78.9,59.9,18.25,19.6,50.8,41.0,730.0,0,4.0,24.63,4.77
EV136839,2024.0,37003.0,149.0,80.12,0.6358,92.17,55.27,4.0,0.043,30.5,65.0,82.3,63.6,22.49,62.0,62.0,65.3,1054.0,0,4.0,19.88,1.92
EV194760,2016.0,162650.0,252.0,85.91,0.4911,94.27,107.07,2.0,0.379,32.1,55.0,46.4,61.9,21.63,18.0,51.2,0.0,1030.0,0,1.0,14.09,9.91
EV269714,2019.0,210289.0,650.0,69.24,0.7056,91.73,45.13,14.0,0.571,69.1,105.7,72.8,74.7,33.36,57.6,43.5,0.0,610.0,1,3.0,30.76,7.0
EV152178,2019.0,78549.0,174.0,78.21,0.7189,95.58,72.4,2.0,0.193,20.4,38.0,79.9,45.7,16.82,34.2,67.2,84.4,503.0,0,3.0,21.79,7.05
EV290001,2023.0,85877.0,225.0,88.13,0.4254,97.39,103.21,6.0,0.426,48.8,99.3,72.8,58.6,10.75,63.3,52.8,22.4,1105.0,0,1.0,11.87,3.41
EV288083,2018.0,500.0,55.0,99.5,0.3447,97.38,67.73,2.0,0.36,1.0,3.0,59.9,48.7,18.33,47.7,73.3,71.2,1434.0,0,3.0,0.5,8.03
EV244639,2019.0,68254.0,370.0,84.68,0.5146,94.12,64.02,5.0,0.319,9.1,29.8,74.9,53.4,14.14,26.8,59.1,31.6,952.0,0,3.0,15.32,7.08
EV174387,2024.0,30407.0,74.0,92.76,0.4199,96.45,65.61,3.0,0.351,20.9,31.9,100.0,47.7,11.01,39.0,67.1,36.9,1329.0,0,4.0,7.24,1.93
EV205321,2023.0,40537.0,65.0,96.9,0.3951,99.32,64.02,6.0,0.238,19.5,56.3,94.5,59.0,4.0,10.0,55.7,79.8,1110.0,0,3.0,3.1,2.97
EV188917,2023.0,60064.0,183.0,88.23,0.3922,94.37,84.12,6.0,0.28,31.6,56.6,90.5,64.2,12.54,29.9,57.8,54.7,883.0,0,1.0,11.77,3.06
EV215437,2022.0,33316.0,109.0,92.14,0.5375,92.71,68.61,4.0,0.185,18.4,42.7,78.2,42.6,16.9,48.6,66.4,46.7,1030.0,0,3.0,7.86,3.87
EV286242,2020.0,20301.0,46.0,97.99,0.3918,97.48,92.49,4.0,0.139,5.3,14.5,89.4,52.3,12.49,11.4,57.8,59.7,1411.0,0,1.0,2.01,3.96
EV147079,2018.0,44009.0,78.0,96.18,0.4066,95.67,93.88,1.0,0.133,10.7,15.1,81.3,43.1,8.85,29.0,64.6,89.9,1398.0,0,2.0,,7.81
EV123102,2020.0,205168.0,672.0,61.51,0.6509,92.85,40.2,12.0,0.998,76.2,111.2,75.4,69.4,23.41,54.3,43.2,0.0,535.0,1,4.0,38.49,
EV281573,2021.0,53904.0,43.0,95.65,0.3455,95.61,97.77,1.0,0.269,11.8,29.5,61.4,59.2,16.17,26.2,55.2,43.5,1109.0,0,3.0,4.35,5.09
EV168800,2019.0,207057.0,764.0,66.56,0.6432,91.81,37.12,12.0,0.361,32.9,100.1,75.7,60.7,17.41,55.0,54.5,17.6,500.0,1,5.0,33.44,6.9
EV158171,2023.0,21050.0,86.0,92.88,0.4977,94.16,64.02,7.0,0.155,20.4,28.8,84.2,50.4,8.16,38.1,66.3,45.8,1314.0,0,3.0,7.12,3.16
EV112376,2023.0,53630.0,214.0,87.61,0.4151,94.98,82.73,3.0,0.497,33.0,60.1,77.6,48.7,9.22,22.7,61.6,71.4,1241.0,0,0.0,6.51,2.88
EV220033,2020.0,27070.0,71.0,96.6,0.4488,95.73,78.52,1.0,0.437,4.5,9.7,73.6,46.7,7.94,36.8,61.6,33.2,1330.0,0,3.0,3.4,5.9
EV116341,2024.0,59804.0,214.0,87.61,0.4532,95.7,73.06,6.0,0.248,48.2,76.6,92.5,41.0,16.25,27.8,69.7,47.1,1229.0,0,3.0,8.99,2.21
EV111538,2018.0,101025.0,199.0,82.48,0.5452,95.89,76.11,4.0,0.665,18.6,38.3,72.7,55.1,25.35,52.2,59.4,35.7,1101.0,0,4.0,,7.89
EV180204,2022.0,11798.0,91.0,87.44,0.5256,95.59,37.16,1.0,0.177,1.1,3.0,77.9,46.8,19.09,44.4,59.6,43.1,638.0,0,2.0,12.56,4.21
EV209037,2019.0,67146.0,157.0,92.65,0.3853,94.62,74.92,1.0,0.084,17.6,37.4,74.7,62.3,11.85,24.0,54.7,90.4,969.0,0,3.0,,6.86
EV285756,2022.0,139086.0,284.0,78.79,0.5074,91.6,76.12,8.0,0.402,28.9,100.7,90.3,81.4,17.71,37.0,37.1,30.8,1030.0,0,3.0,21.21,4.15
EV197058,2016.0,176010.0,508.0,76.88,0.5932,94.4,60.76,2.0,0.259,38.5,47.1,68.5,60.7,17.53,30.0,50.5,37.4,815.0,0,1.0,,9.76
EV204359,2017.0,328299.0,871.0,44.22,0.8614,87.14,32.29,9.0,0.531,61.6,121.7,72.0,87.3,34.43,100.0,36.6,0.0,142.0,1,3.0,55.78,9.08
EV181979,2019.0,89477.0,305.0,86.49,0.4691,97.2,52.63,1.0,0.319,14.0,37.7,76.3,53.5,24.82,36.9,58.0,71.2,1095.0,0,1.0,13.51,7.13
EV265310,2016.0,377863.0,880.0,58.94,0.7706,92.21,49.92,10.0,0.542,43.6,128.3,66.9,66.6,33.38,26.4,47.6,17.3,370.0,1,2.0,41.06,9.93
EV268492,2021.0,42456.0,178.0,90.6,0.4872,94.79,70.17,2.0,0.319,15.4,27.0,82.6,49.0,23.36,48.1,62.3,14.2,1187.0,0,4.0,9.4,4.96
EV172913,2022.0,80935.0,162.0,93.8,0.4511,96.61,119.94,1.0,0.369,23.2,64.3,83.9,51.1,14.85,49.9,57.5,39.6,1030.0,0,4.0,6.2,3.82
EV256353,2019.0,78549.0,94.0,87.08,0.5032,92.32,75.27,4.0,0.056,17.1,22.7,73.1,75.8,21.62,60.2,46.6,70.8,957.0,0,6.0,12.92,6.83
EV224607,2016.0,356586.0,1968.0,45.44,0.8639,89.59,17.0,26.0,0.571,77.0,122.0,75.2,72.6,25.14,77.9,46.0,0.0,0.0,1,4.0,54.56,9.92
EV177953,2017.0,20833.0,27.0,99.8,0.3976,95.14,82.06,3.0,0.269,10.8,14.4,75.3,42.7,7.73,37.6,70.7,83.7,1433.0,0,2.0,0.2,8.78
EV142717,2022.0,500.0,1.0,99.8,0.2579,97.56,97.34,1.0,0.256,4.0,9.0,78.2,56.8,9.1,17.0,49.0,73.9,1210.0,0,1.0,0.2,3.78
EV172702,2020.0,87673.0,235.0,91.86,0.4474,97.7,85.94,4.0,0.138,31.5,50.6,76.5,53.2,1.35,23.8,65.5,95.6,1221.0,0,4.0,8.14,5.92
EV242247,2018.0,40172.0,129.0,95.53,0.3817,97.38,85.53,2.0,0.356,11.4,20.0,70.4,64.2,11.07,13.9,49.0,74.6,995.0,0,,4.47,7.92
EV109677,2022.0,25699.0,85.0,98.14,0.4501,97.56,64.02,1.0,0.093,8.6,12.8,90.1,41.3,12.49,0.0,69.6,100.0,1353.0,0,1.0,1.86,4.17
EV160994,2020.0,64536.0,214.0,84.65,0.4564,97.53,55.42,5.0,0.102,23.8,44.0,76.7,73.4,10.47,8.4,46.9,88.0,865.0,0,2.0,15.35,6.14
EV243966,2018.0,294177.0,627.0,63.94,0.5467,90.06,63.15,10.0,0.498,61.9,119.3,71.2,75.1,28.04,14.1,39.0,0.0,1030.0,1,7.0,36.06,7.89
EV133257,2023.0,40866.0,193.0,88.42,0.4404,94.21,82.77,4.0,0.548,24.9,44.2,92.5,47.7,12.48,32.1,59.1,42.4,1189.0,0,1.0,11.58,3.12
EV247772,2015.0,49729.0,124.0,96.58,0.4147,96.13,109.71,2.0,0.319,4.4,13.6,58.9,40.2,4.99,25.3,63.8,43.5,1299.0,0,0.0,3.42,11.18
EV231198,2021.0,93887.0,304.0,87.61,0.4329,96.35,56.46,6.0,0.194,39.7,64.6,78.1,53.0,20.51,13.1,59.7,87.5,1082.0,0,1.0,11.24,4.78
EV292535,2018.0,5783.0,1.0,95.47,0.4124,98.08,107.45,1.0,0.444,20.4,3.0,59.0,66.8,16.68,16.0,44.3,64.8,1138.0,0,0.0,4.53,8.01
EV161131,2017.0,346896.0,752.0,57.63,0.7291,88.41,54.14,11.0,0.841,72.0,132.8,63.5,73.6,44.25,71.0,43.0,0.0,423.0,1,4.0,42.37,8.86
EV257794,2021.0,132669.0,214.0,68.48,0.6533,91.77,25.71,16.0,0.543,20.4,85.5,83.9,64.2,18.33,42.3,48.0,0.0,1030.0,1,5.0,31.52,4.92
EV134658,2022.0,117940.0,214.0,74.41,0.5211,93.33,62.51,5.0,0.334,42.3,86.6,83.4,73.0,25.23,21.5,47.8,19.9,611.0,0,1.0,25.59,4.28
EV254152,2022.0,35634.0,51.0,95.96,0.4459,97.96,64.02,2.0,0.725,26.0,33.2,75.0,56.8,13.8,42.8,63.9,42.4,1339.0,0,4.0,4.04,4.18
EV279424,2019.0,3683.0,3.0,99.8,0.3845,97.84,77.81,1.0,0.197,1.1,3.0,66.5,48.9,19.75,14.7,69.3,77.0,1442.0,0,2.0,0.2,6.8
EV227128,2016.0,100172.0,283.0,87.21,0.4731,93.66,60.85,3.0,0.21,11.1,33.1,72.8,56.6,26.98,14.9,53.6,73.9,1083.0,0,,12.79,9.9
EV106041,2024.0,1632.0,1.0,99.8,0.4453,96.66,72.07,2.0,0.358,1.7,4.2,100.0,48.3,7.23,46.5,64.1,31.8,1494.0,0,1.0,0.2,1.99
EV118724,2017.0,229775.0,524.0,65.6,0.5691,91.74,51.51,5.0,0.649,36.5,82.6,65.4,75.9,30.62,60.3,40.7,25.1,414.0,0,4.0,34.4,8.94
EV126228,2024.0,1828.0,24.0,99.8,0.3352,97.09,36.29,1.0,0.07,1.1,3.4,99.5,63.3,9.44,9.7,54.4,95.1,1030.0,0,2.0,0.2,2.1
EV223760,2022.0,80187.0,100.0,92.32,0.4799,94.98,84.79,2.0,0.423,21.4,56.4,88.2,62.3,10.9,60.4,53.3,58.0,1277.0,0,1.0,7.68,4.07
EV220099,2020.0,42808.0,141.0,87.22,0.5206,94.97,55.58,1.0,0.148,16.8,24.9,83.2,46.2,18.0,6.2,73.1,87.3,527.0,0,1.0,12.78,
EV184473,2016.0,149736.0,289.0,82.88,0.4878,95.7,70.6,2.0,0.524,38.0,52.4,66.3,58.9,18.89,35.8,53.2,37.3,1016.0,0,6.0,,10.1
EV172362,2024.0,23761.0,57.0,92.94,0.4533,95.14,65.54,5.0,0.155,17.7,59.2,92.9,38.4,9.68,11.1,67.5,76.5,682.0,0,3.0,7.06,1.75
EV260874,2020.0,15189.0,79.0,89.58,0.4823,95.9,67.56,2.0,0.134,9.1,27.4,91.9,32.0,17.93,35.3,78.0,89.4,656.0,0,1.0,10.42,1.95
EV142349,2020.0,208692.0,575.0,87.61,0.691,93.89,51.59,6.0,0.659,20.4,59.3,37.8,62.8,40.28,71.0,57.5,29.9,695.0,1,1.0,30.19,11.03
EV250832,2018.0,93749.0,224.0,74.47,0.661,93.33,70.97,7.0,0.186,11.9,37.5,73.7,48.6,25.78,33.2,64.5,76.3,420.0,0,5.0,25.53,7.88
EV232599,2022.0,35910.0,243.0,85.81,0.5013,96.96,31.27,10.0,0.441,12.1,35.7,83.2,50.3,13.96,59.9,65.1,44.7,1035.0,0,3.0,14.19,4.5
EV172729,2020.0,239549.0,742.0,60.71,0.7031,94.33,35.89,13.0,0.651,45.6,140.0,74.9,66.4,32.9,62.5,51.6,0.0,464.0,1,6.0,39.29,5.87
EV287533,2021.0,3707.0,1.0,99.8,0.3828,99.12,80.93,1.0,0.055,2.5,7.1,64.4,70.2,17.97,55.6,50.1,71.4,1202.0,0,3.0,0.2,4.99
EV221776,2018.0,2549.0,1.0,95.46,0.3718,96.23,64.02,1.0,0.513,1.2,3.0,70.0,61.9,11.73,53.7,57.8,29.7,1140.0,0,3.0,4.54,7.8
EV292269,2023.0,42440.0,98.0,95.69,0.4568,97.21,73.02,2.0,0.167,20.5,42.2,89.5,46.2,9.14,43.3,68.1,71.0,1329.0,0,0.0,4.31,2.93
EV105740,2017.0,347113.0,1274.0,50.98,0.782,87.75,29.96,16.0,0.378,49.5,127.3,50.4,69.3,49.82,19.0,49.5,0.0,138.0,1,4.0,49.02,8.99
EV160432,2024.0,16123.0,55.0,97.24,0.3778,95.61,83.56,2.0,0.095,10.8,27.7,92.9,50.8,9.33,26.6,60.3,79.8,1497.0,0,3.0,2.76,1.92
EV199981,2024.0,19384.0,62.0,82.68,0.5122,88.32,78.18,1.0,0.337,5.9,19.8,73.6,56.8,93.17,100.0,30.6,53.4,956.0,1,5.0,,2.13
EV270336,2022.0,47703.0,77.0,97.92,0.3956,97.27,120.05,1.0,0.294,18.0,43.6,95.8,57.5,10.33,44.7,57.9,76.0,1072.0,0,6.0,2.08,3.79
EV107684,2017.0,77324.0,187.0,87.61,0.4742,96.38,64.02,2.0,0.319,12.3,29.4,48.2,66.5,32.09,6.7,48.8,32.4,918.0,0,,12.81,9.19
EV225146,2022.0,147280.0,264.0,69.61,0.7383,87.31,87.05,4.0,0.707,60.4,120.2,71.2,67.3,31.25,100.0,54.3,0.0,897.0,1,2.0,30.39,3.91
EV133741,2023.0,10550.0,7.0,99.8,0.2983,98.02,64.02,3.0,0.562,9.1,47.1,84.2,54.5,14.47,55.9,52.8,44.9,1149.0,0,3.0,0.2,2.75
EV193457,2024.0,60568.0,167.0,81.32,0.6022,95.74,58.98,9.0,0.229,52.6,87.9,92.2,48.2,28.21,18.9,70.6,73.7,497.0,0,0.0,18.68,1.81
EV214435,2018.0,110489.0,263.0,72.47,0.6178,92.76,58.86,4.0,0.402,13.5,43.5,68.6,54.7,18.33,23.5,59.8,10.1,398.0,0,0.0,27.53,
EV295119,2022.0,49700.0,163.0,92.23,0.4607,97.08,123.92,1.0,0.319,43.7,54.5,87.2,43.4,10.09,36.6,71.2,62.8,1240.0,0,2.0,7.77,3.62
EV119659,2020.0,164041.0,209.0,84.52,0.4893,93.12,112.82,4.0,0.691,35.8,47.1,69.8,78.5,22.76,75.5,34.6,52.1,826.0,1,4.0,15.48,5.82
EV172315,2015.0,10792.0,47.0,98.71,0.4143,96.25,59.52,1.0,0.501,1.4,3.0,54.4,61.6,6.75,62.8,51.7,67.9,1467.0,0,0.0,1.29,11.25
EV102446,2020.0,129093.0,257.0,81.57,0.4488,92.62,80.7,6.0,0.472,21.1,71.8,72.3,68.0,19.02,31.9,56.2,32.1,759.0,0,2.0,18.43,5.82
EV240040,2022.0,34934.0,71.0,98.74,0.3465,95.3,76.35,3.0,0.16,10.0,24.5,80.8,54.3,15.06,3.8,58.1,82.9,1108.0,0,1.0,1.26,3.82
EV114727,2020.0,64903.0,271.0,79.84,0.4765,97.44,63.2,2.0,0.111,9.5,19.8,53.8,69.5,23.98,30.3,49.4,100.0,767.0,0,2.0,20.16,11.12
EV178202,2017.0,197787.0,447.0,71.58,0.531,93.04,61.82,5.0,0.196,33.6,73.1,55.6,64.1,27.47,20.3,44.9,70.1,535.0,0,4.0,28.42,8.97
EV279893,2019.0,64160.0,237.0,85.26,0.5206,94.98,47.13,6.0,0.224,26.2,34.0,87.7,60.1,12.98,61.4,55.2,60.1,1079.0,0,1.0,14.74,7.15
EV134524,2018.0,95349.0,248.0,91.26,0.4189,95.56,73.31,3.0,0.238,27.8,35.2,68.9,42.9,15.07,23.1,70.4,61.5,1202.0,0,0.0,8.74,
EV182368,2017.0,306919.0,710.0,57.08,0.6628,93.31,45.68,14.0,0.908,43.4,112.3,61.4,95.5,38.11,70.8,28.8,2.7,270.0,1,2.0,42.92,9.2
EV116003,2016.0,78549.0,352.0,79.37,0.5888,94.03,60.8,4.0,0.521,20.5,47.9,63.7,60.7,30.25,66.9,57.0,0.0,859.0,1,4.0,20.63,9.92
EV183908,2019.0,121061.0,202.0,87.61,0.4171,94.0,90.64,4.0,0.319,16.7,54.7,64.0,56.8,20.94,39.6,52.3,51.0,837.0,0,4.0,14.93,7.15
EV167805,2023.0,24764.0,24.0,99.8,0.3324,94.98,91.58,4.0,0.244,10.6,47.1,90.8,60.3,15.93,29.3,51.7,63.7,1201.0,0,1.0,0.2,2.86
EV101468,2020.0,7429.0,1.0,99.8,0.398,97.09,84.22,1.0,0.239,5.6,7.4,82.9,42.6,4.67,21.8,76.1,86.0,1472.0,0,0.0,0.2,6.05
EV112085,2019.0,87151.0,216.0,74.59,0.7136,92.56,65.29,7.0,0.322,30.0,40.5,56.0,56.8,30.55,48.7,66.3,58.7,419.0,0,2.0,25.41,6.98
EV273222,2020.0,55273.0,201.0,90.86,0.4236,96.32,79.25,1.0,0.563,10.5,25.3,84.3,41.4,13.64,51.2,68.7,51.6,1150.0,0,1.0,9.14,5.74
EV205426,2023.0,26364.0,108.0,97.59,0.4529,94.79,51.63,2.0,0.477,6.0,17.2,82.0,50.7,21.88,32.8,65.4,41.9,1362.0,0,1.0,2.41,3.1
EV289551,2016.0,82836.0,211.0,89.25,0.477,96.6,57.55,1.0,0.382,19.1,25.6,63.9,50.1,19.74,60.1,56.3,34.7,1154.0,0,1.0,,10.08
EV253138,2020.0,115084.0,283.0,91.23,0.4479,97.4,81.63,5.0,0.026,21.9,61.4,84.2,49.2,12.59,5.2,69.8,52.1,1124.0,0,1.0,8.77,5.98
EV131942,2021.0,131360.0,303.0,88.29,0.4598,94.72,64.02,10.0,0.225,45.5,88.9,76.9,45.4,12.96,12.1,65.8,31.2,1038.0,0,3.0,11.71,4.82
EV206478,2019.0,96615.0,337.0,79.57,0.525,94.99,54.65,6.0,0.378,20.7,44.9,71.4,72.9,22.77,28.9,54.2,67.8,670.0,0,2.0,20.43,7.22
EV155031,2018.0,78549.0,517.0,73.69,0.7278,91.3,63.03,3.0,0.084,50.3,79.5,62.4,72.6,22.51,48.3,51.9,66.4,713.0,0,4.0,26.31,8.12
EV141499,2023.0,8079.0,1.0,95.78,0.4264,96.49,83.99,1.0,0.555,3.4,11.1,77.5,60.4,5.57,32.3,53.4,55.2,1409.0,0,1.0,4.22,3.09
EV132154,2016.0,195812.0,576.0,61.75,0.7616,86.39,41.24,3.0,0.346,47.6,61.5,56.7,77.1,35.62,49.1,36.5,8.0,596.0,1,0.0,38.25,
EV139667,2024.0,78549.0,79.0,98.27,0.367,96.06,72.06,3.0,0.094,38.1,47.4,87.6,61.6,11.94,33.1,51.0,83.6,1090.0,0,2.0,1.73,2.02
EV131295,2017.0,152005.0,399.0,69.12,0.5582,93.38,46.91,7.0,0.319,23.2,55.2,71.1,75.5,33.64,37.7,44.9,20.0,543.0,1,5.0,30.88,9.06
EV108740,2020.0,78549.0,267.0,86.09,0.4615,95.7,79.57,6.0,0.438,18.9,58.5,72.8,58.3,24.33,36.0,51.8,55.9,1050.0,0,3.0,13.91,6.93
EV101175,2021.0,62703.0,187.0,91.46,0.4754,94.98,73.55,3.0,0.271,20.4,44.1,80.6,54.8,7.61,41.9,58.9,53.0,1163.0,0,2.0,8.54,4.91
EV243349,2017.0,134808.0,368.0,81.88,0.533,94.51,61.75,7.0,0.325,21.2,47.1,66.4,52.1,16.04,10.6,62.0,57.3,980.0,0,3.0,18.12,9.18
EV200960,2022.0,61711.0,220.0,90.5,0.4265,96.28,57.42,6.0,0.269,15.6,45.7,79.2,53.0,10.7,10.9,63.1,74.2,1201.0,0,3.0,9.5,4.17
EV110355,2017.0,180329.0,306.0,80.89,0.5079,94.5,81.44,4.0,0.535,40.6,68.4,79.3,62.1,14.7,41.4,51.5,52.1,999.0,0,1.0,19.11,8.94
EV191240,2020.0,41383.0,46.0,99.8,0.3663,98.42,76.6,4.0,0.456,44.5,61.0,93.5,43.8,1.95,47.9,61.9,64.5,1393.0,0,1.0,0.2,2.13
EV106243,2016.0,376278.0,903.0,39.61,1.0254,85.95,33.66,9.0,0.447,43.0,119.3,55.7,78.9,41.89,83.5,37.5,0.0,0.0,1,5.0,60.39,10.28
EV171105,2018.0,103843.0,279.0,89.08,0.4776,96.44,58.01,4.0,0.287,26.3,42.8,73.2,52.9,12.04,29.7,62.2,62.6,1045.0,0,1.0,10.92,7.93
EV110609,2023.0,76518.0,160.0,88.26,0.5701,96.9,78.93,6.0,0.244,25.3,47.1,70.3,48.1,9.82,39.7,62.8,73.9,1174.0,0,3.0,11.74,3.11
EV130629,2017.0,176174.0,496.0,71.76,0.6531,93.28,51.27,5.0,0.7,21.2,64.9,64.1,61.7,28.88,66.9,57.4,0.0,739.0,1,,28.24,8.97
EV287071,2022.0,38334.0,146.0,93.26,0.4676,94.65,85.1,6.0,0.128,11.9,41.0,76.3,59.4,10.7,46.5,56.5,71.0,1231.0,0,0.0,6.74,4.04
EV202184,2021.0,78692.0,396.0,74.61,0.5817,92.74,28.94,10.0,0.467,20.4,50.5,80.8,55.7,30.32,47.6,63.8,31.6,832.0,0,2.0,25.39,5.07
EV273519,2019.0,131690.0,619.0,69.91,0.631,93.5,31.66,8.0,0.468,16.9,57.0,79.9,69.5,22.86,36.8,52.6,56.2,574.0,0,3.0,30.09,7.09
EV222449,2015.0,90632.0,308.0,85.8,0.44,95.36,59.13,4.0,0.358,11.5,26.4,46.3,57.6,27.59,62.3,52.5,52.1,986.0,0,0.0,14.2,10.94
EV273601,2017.0,58320.0,182.0,77.91,0.6192,95.34,49.68,1.0,0.356,20.2,24.7,48.3,58.8,31.41,27.4,55.0,72.1,484.0,0,6.0,22.09,9.23
EV198887,2015.0,96787.0,210.0,89.39,0.4716,95.43,67.92,5.0,0.252,25.9,31.5,59.8,53.7,17.0,44.6,53.0,69.5,1138.0,0,3.0,,
EV141872,2020.0,82711.0,303.0,84.3,0.5063,93.13,36.91,9.0,0.151,10.3,30.4,66.8,49.4,20.23,34.8,57.3,61.6,1022.0,0,4.0,15.7,9.74
EV260074,2016.0,204992.0,551.0,69.97,0.5063,93.78,50.4,7.0,0.069,30.1,73.3,65.3,71.5,21.24,22.8,52.5,84.2,460.0,0,4.0,30.03,9.9
EV182270,2020.0,92549.0,253.0,84.81,0.5186,94.71,70.31,3.0,0.204,26.6,46.9,72.8,51.4,15.41,50.7,59.1,76.6,1071.0,0,0.0,15.19,5.97
EV183315,2016.0,17253.0,80.0,94.89,0.411,98.39,60.8,1.0,0.135,1.3,3.0,54.9,45.6,19.95,33.2,66.1,53.4,1337.0,0,0.0,5.11,9.74
EV235413,2019.0,500.0,1.0,99.8,0.4152,97.7,81.24,2.0,0.312,1.6,3.0,51.0,54.7,23.52,23.1,64.6,92.3,1509.0,0,2.0,0.2,7.08
EV168034,2022.0,83608.0,205.0,91.91,0.5063,95.41,80.01,5.0,0.286,32.1,72.1,86.2,48.7,10.14,19.1,60.4,61.3,1222.0,0,2.0,8.09,3.95
EV118675,2023.0,23017.0,43.0,99.62,0.3537,98.94,104.26,2.0,0.155,17.2,24.2,85.6,58.2,11.63,0.0,58.1,92.6,1182.0,0,3.0,0.38,2.83
EV234517,2015.0,401668.0,1313.0,34.57,1.0718,94.98,21.02,11.0,0.51,20.4,120.0,67.4,72.5,36.69,36.4,42.8,0.0,0.0,1,6.0,65.43,10.84
EV299974,2015.0,67902.0,191.0,93.72,0.5063,95.76,74.6,1.0,0.08,7.1,21.3,57.8,50.1,14.89,0.0,54.6,70.9,1207.0,0,3.0,6.28,10.74
EV240236,2022.0,12288.0,133.0,99.74,0.3474,95.55,43.98,1.0,0.319,7.6,16.1,82.6,56.2,13.96,7.9,50.0,64.3,1414.0,0,1.0,0.26,4.26
EV229222,2022.0,500.0,97.0,96.03,0.402,95.73,64.02,1.0,0.149,1.0,3.0,78.0,50.2,11.83,9.2,61.9,86.1,1030.0,0,2.0,3.97,3.77
EV150174,2020.0,51357.0,118.0,89.4,0.4187,97.13,88.82,3.0,0.199,14.0,38.4,71.9,68.2,23.68,32.9,51.2,51.4,941.0,0,3.0,10.6,5.11
EV216259,2024.0,74916.0,225.0,75.38,0.6874,90.74,57.56,12.0,0.529,51.7,131.1,83.6,80.6,17.75,100.0,42.3,0.0,986.0,1,4.0,24.62,1.77
EV109018,2016.0,9728.0,16.0,99.8,0.3506,94.98,89.53,1.0,0.039,3.6,6.7,56.2,53.3,24.19,33.2,56.5,100.0,1468.0,0,4.0,0.2,9.99
EV187732,2023.0,7002.0,71.0,97.19,0.5063,97.69,60.41,2.0,0.148,1.6,3.0,78.9,64.9,20.75,1.5,49.4,80.9,1071.0,0,1.0,2.81,3.25
EV205778,2020.0,191143.0,608.0,75.28,0.5699,93.47,43.37,4.0,0.487,40.3,61.1,72.8,55.5,19.89,25.9,59.9,46.8,634.0,0,2.0,24.72,9.79
EV202871,2019.0,224618.0,1348.0,87.61,0.8744,88.37,15.89,27.0,0.453,35.6,106.7,69.1,70.6,39.69,41.3,47.8,0.0,57.0,1,2.0,54.16,7.01
EV248119,2021.0,10661.0,6.0,99.8,0.3088,99.0,59.15,2.0,0.227,1.9,3.0,76.4,60.9,5.75,17.2,57.4,73.7,1141.0,0,4.0,0.2,4.92
EV180012,2019.0,13575.0,23.0,87.61,0.3689,98.33,122.71,1.0,0.367,3.6,5.8,71.3,28.6,4.72,33.2,78.1,88.1,749.0,0,2.0,1.5,7.22
EV202878,2016.0,136208.0,329.0,85.23,0.491,95.88,76.05,3.0,0.239,16.8,48.4,60.3,53.3,18.89,25.1,56.9,22.2,1035.0,0,1.0,14.77,9.98
EV141673,2021.0,70423.0,196.0,81.42,0.6265,95.8,64.21,2.0,0.188,15.3,41.6,67.9,55.0,29.15,20.8,59.2,68.2,486.0,0,1.0,18.58,5.19
EV202191,2017.0,15673.0,86.0,97.11,0.4498,96.92,51.58,1.0,0.113,20.4,3.2,60.4,50.6,18.59,13.6,62.9,97.4,1339.0,0,2.0,2.89,9.19
EV223634,2017.0,58515.0,122.0,96.59,0.4145,96.05,63.9,1.0,0.198,7.1,18.3,69.9,51.8,12.44,2.0,62.5,94.8,1353.0,0,2.0,3.41,8.9
EV165755,2019.0,164826.0,492.0,75.44,0.5063,93.35,45.31,6.0,0.393,42.6,80.8,60.9,61.1,16.36,45.2,59.9,28.3,780.0,0,3.0,,7.18
EV286640,2022.0,65558.0,97.0,96.12,0.4546,95.38,92.78,8.0,0.204,21.7,63.8,80.6,63.3,20.22,18.5,48.8,66.0,1327.0,0,,3.88,3.89
EV206067,2023.0,18799.0,49.0,99.36,0.3716,97.53,59.18,2.0,0.276,7.5,21.5,87.6,47.3,7.51,20.2,56.7,68.0,1030.0,0,0.0,,2.94
EV170512,2023.0,1784.0,2.0,98.22,0.3734,95.03,69.51,3.0,0.548,1.9,4.0,85.6,49.6,16.28,63.1,51.9,41.6,1451.0,0,2.0,1.78,2.65
EV224508,2022.0,46308.0,156.0,89.36,0.4605,97.29,90.74,1.0,0.386,23.9,35.8,89.9,48.3,16.69,19.7,54.8,48.6,1215.0,0,2.0,10.64,4.08
EV102427,2018.0,130317.0,354.0,81.35,0.526,94.32,74.68,6.0,0.554,17.0,56.7,76.5,53.2,5.1,18.8,57.8,46.6,924.0,0,1.0,18.65,8.16
EV254395,2021.0,18031.0,28.0,94.82,0.4921,95.66,72.11,1.0,0.408,12.1,16.7,84.6,45.2,19.95,37.5,66.4,45.3,713.0,0,3.0,5.18,4.79
EV233342,2020.0,78549.0,62.0,93.65,0.4215,95.6,51.15,6.0,0.266,18.3,24.8,76.6,71.4,5.69,17.8,49.6,52.1,1080.0,0,4.0,6.35,2.15
EV160014,2024.0,500.0,1.0,99.8,0.3832,96.19,91.13,1.0,0.319,1.1,3.0,87.3,40.0,7.68,7.6,64.9,57.6,1500.0,0,0.0,0.2,1.79
EV259976,2021.0,54785.0,110.0,91.0,0.4652,95.68,82.36,1.0,0.4,21.8,43.5,78.1,53.4,20.18,47.5,62.9,56.2,1030.0,0,1.0,9.0,5.11
EV135252,2015.0,32314.0,147.0,92.68,0.4232,96.53,63.89,1.0,0.222,4.6,7.9,45.0,56.4,27.72,12.8,60.2,85.5,1257.0,0,3.0,7.32,10.91
EV168387,2020.0,13088.0,1.0,87.61,0.348,97.96,71.75,2.0,0.098,1.4,3.0,72.8,47.0,11.99,0.0,72.4,100.0,1448.0,0,1.0,0.2,6.07
EV137717,2021.0,94567.0,234.0,87.32,0.5767,95.33,77.48,5.0,0.108,26.4,62.9,70.7,49.1,15.27,33.5,56.2,100.0,1213.0,0,0.0,12.68,4.89
EV161360,2018.0,253615.0,1118.0,56.97,0.7397,89.77,27.54,20.0,0.555,55.3,107.0,70.2,70.9,28.23,42.2,52.0,52.1,174.0,1,2.0,43.03,7.91
EV121026,2023.0,20297.0,88.0,82.69,0.6412,93.71,44.97,1.0,0.396,7.6,21.7,90.8,53.2,14.52,41.6,50.9,27.6,582.0,0,3.0,17.31,2.96
EV272632,2023.0,60341.0,142.0,87.61,0.3815,96.7,64.13,3.0,0.222,26.0,55.7,88.7,67.3,13.59,16.9,42.4,63.2,953.0,0,4.0,9.51,3.0
EV299802,2019.0,130729.0,444.0,76.7,0.4488,94.98,64.02,7.0,0.12,33.7,64.6,67.1,66.9,18.78,33.2,53.5,64.9,616.0,0,2.0,23.3,6.65
EV215411,2021.0,10672.0,1.0,99.8,0.4361,99.23,69.04,2.0,0.069,5.0,9.2,72.6,52.5,10.44,0.0,67.3,100.0,1509.0,0,2.0,0.2,5.3
EV133993,2022.0,49190.0,181.0,89.34,0.4749,94.38,56.06,6.0,0.133,25.7,41.3,81.7,52.2,5.74,26.6,59.2,55.4,1110.0,0,0.0,10.66,3.94
EV198208,2017.0,340737.0,865.0,55.73,0.7691,89.3,42.33,15.0,0.85,44.6,129.8,67.8,71.2,18.33,81.3,37.4,0.0,378.0,1,3.0,44.27,8.81
EV145730,2017.0,67408.0,302.0,86.34,0.4812,93.96,40.06,4.0,0.177,9.0,23.9,69.7,49.6,10.66,8.3,61.2,75.7,1023.0,0,,13.66,9.12
EV222860,2019.0,96130.0,128.0,91.8,0.4407,95.9,111.57,6.0,0.528,31.6,42.4,69.8,49.8,13.92,35.9,57.6,41.4,1215.0,0,3.0,8.2,6.97
EV123517,2017.0,206610.0,485.0,73.9,0.5635,93.89,62.02,8.0,0.184,33.2,75.6,57.3,56.9,34.15,45.6,57.7,52.4,739.0,0,,26.1,9.21
EV286452,2020.0,164585.0,592.0,75.76,0.5063,92.93,36.87,8.0,0.327,41.7,86.9,63.5,56.1,19.57,32.9,55.3,41.2,746.0,0,5.0,24.24,6.19
EV101317,2023.0,22920.0,66.0,96.72,0.3212,97.69,64.02,5.0,0.242,12.0,27.9,77.3,64.3,6.07,10.5,58.6,90.1,1111.0,0,2.0,3.28,2.78
EV230828,2016.0,255358.0,637.0,59.56,0.636,91.55,43.47,7.0,0.774,66.9,88.8,58.9,73.1,40.29,28.9,39.1,0.0,371.0,1,4.0,40.44,9.88
EV136067,2024.0,43018.0,82.0,95.16,0.4021,96.33,75.65,6.0,0.02,24.6,45.1,89.9,54.3,9.29,7.6,60.6,72.5,1063.0,0,3.0,4.84,1.83
EV250191,2019.0,10957.0,1.0,99.8,0.3911,93.28,86.45,1.0,0.349,2.7,6.2,72.5,43.1,16.93,45.1,65.9,54.9,1505.0,0,0.0,0.2,7.08
EV221600,2024.0,500.0,1.0,87.61,0.3727,96.21,120.94,2.0,0.148,8.7,22.4,85.7,44.7,12.94,2.3,71.9,87.3,1483.0,0,3.0,0.2,1.98
EV241719,2015.0,11282.0,24.0,96.82,0.4643,94.77,58.5,1.0,0.627,1.7,3.0,60.2,48.4,14.1,57.6,61.0,61.8,1378.0,0,1.0,3.18,10.89
EV257834,2023.0,34881.0,172.0,90.14,0.4214,96.17,63.41,1.0,0.09,16.4,32.6,80.9,70.7,14.69,28.5,44.7,56.5,897.0,0,3.0,9.86,3.26
EV273341,2024.0,28966.0,126.0,99.14,0.3823,95.62,43.93,4.0,0.069,25.6,47.1,91.4,49.4,12.29,6.5,64.2,78.4,1357.0,0,0.0,0.86,2.11
EV133643,2019.0,116439.0,215.0,88.34,0.4171,94.56,71.2,2.0,0.16,19.3,56.1,66.8,64.2,23.22,17.2,52.6,69.9,880.0,0,,11.66,7.09
EV159743,2017.0,119921.0,360.0,68.06,2.05345,94.98,46.16,6.0,0.577,13.9,39.8,69.9,94.0,35.8,47.9,28.6,32.1,549.0,1,4.0,31.94,8.73
EV176216,2019.0,202308.0,287.0,83.34,0.4849,93.93,105.82,4.0,0.713,46.7,97.9,52.3,62.4,28.28,43.1,53.1,7.0,1021.0,0,,16.66,6.97
EV235456,2024.0,34979.0,118.0,95.63,0.3554,95.31,66.78,2.0,0.254,20.1,54.7,76.8,47.0,14.31,0.0,62.9,35.9,1333.0,0,3.0,4.37,2.16
EV257590,2022.0,20506.0,114.0,88.21,0.4618,93.9,38.89,3.0,0.158,9.5,28.6,74.3,53.1,21.44,53.8,60.8,62.9,1264.0,0,3.0,11.79,4.03
EV240033,2022.0,87631.0,142.0,92.39,0.4235,95.52,80.77,5.0,0.171,41.2,72.8,84.1,50.8,18.33,23.3,57.4,52.6,1230.0,0,2.0,7.61,3.74
EV120583,2021.0,51623.0,45.0,99.01,0.3315,95.0,87.04,4.0,0.399,13.7,41.1,76.1,60.6,8.2,31.7,48.8,73.8,1083.0,0,2.0,0.99,
EV170818,2017.0,191479.0,214.0,78.17,0.5744,94.37,53.5,4.0,0.287,21.0,70.7,56.7,63.1,28.24,29.2,51.3,64.4,717.0,0,4.0,21.83,8.72
EV160552,2022.0,45829.0,130.0,94.62,0.3963,96.49,64.45,3.0,0.141,20.4,36.8,72.5,56.8,17.46,8.2,64.1,82.4,1315.0,0,1.0,5.38,4.15
EV194125,2020.0,150240.0,460.0,70.08,0.5326,92.33,59.17,8.0,0.389,48.8,90.0,73.7,71.5,26.88,23.0,42.9,52.1,523.0,0,0.0,29.92,5.73
EV150476,2021.0,28799.0,214.0,99.8,0.3775,95.22,78.21,1.0,0.058,9.0,27.6,71.9,46.7,11.29,44.7,69.5,77.5,1531.0,0,1.0,0.2,
EV240187,2016.0,339361.0,1236.0,51.87,0.7239,88.24,64.02,18.0,0.385,39.4,47.1,52.2,69.2,38.18,44.8,51.0,13.5,141.0,1,4.0,48.13,9.9
EV148462,2023.0,500.0,1.0,97.09,0.4068,95.42,88.94,1.0,0.29,1.7,3.0,72.3,55.9,16.2,51.7,63.1,62.0,1169.0,0,4.0,2.91,
EV155231,2015.0,61986.0,191.0,85.65,0.495,93.72,70.17,2.0,0.614,7.4,19.8,62.7,58.2,11.15,52.4,56.1,0.0,1141.0,0,1.0,14.35,10.97
EV226701,2019.0,61239.0,67.0,99.8,0.4415,97.88,73.99,3.0,0.415,16.5,28.3,74.7,51.0,5.68,49.2,63.5,60.0,1456.0,0,0.0,,6.88
EV261776,2016.0,200513.0,527.0,68.15,0.5823,91.67,54.46,7.0,0.242,21.8,70.4,61.1,76.7,32.91,23.3,43.3,27.0,420.0,0,4.0,31.85,9.85
EV204760,2020.0,105507.0,420.0,83.31,0.5066,92.54,47.13,1.0,0.203,10.6,29.3,59.7,51.2,18.33,33.8,62.1,52.1,854.0,0,2.0,16.69,11.15
EV275118,2023.0,3918.0,2.0,99.29,0.4149,96.26,84.09,1.0,0.335,1.0,3.0,74.0,37.8,6.77,19.2,72.0,78.1,819.0,0,1.0,0.71,2.75
EV119626,2017.0,225507.0,615.0,87.61,0.604,92.4,56.63,8.0,0.248,27.1,86.5,62.7,57.9,18.33,11.8,61.7,27.4,1030.0,0,1.0,24.06,8.82
EV265194,2024.0,58074.0,146.0,91.96,0.4782,96.17,103.38,6.0,0.312,20.4,102.8,89.6,49.6,11.71,20.9,59.1,68.4,1298.0,0,1.0,8.04,2.03
EV251654,2020.0,29728.0,44.0,97.63,0.3871,94.4,81.51,4.0,0.268,6.8,19.3,78.9,43.3,18.33,33.2,65.0,58.1,1369.0,0,1.0,2.37,5.12
EV175396,2022.0,500.0,1.0,99.8,0.3843,94.97,93.68,5.0,0.139,2.3,3.0,81.5,63.5,13.28,0.0,53.8,85.0,1211.0,0,,0.2,
EV235210,2022.0,18551.0,1.0,99.8,0.363,96.88,68.68,1.0,0.22,8.5,15.9,97.5,47.6,10.89,42.6,56.9,30.4,1508.0,0,,0.2,3.88
EV231195,2015.0,14457.0,1.0,99.8,0.3863,95.99,54.99,1.0,0.424,1.0,3.0,37.8,39.9,19.85,47.7,61.3,56.1,1505.0,0,3.0,0.2,
EV184433,2024.0,20400.0,147.0,90.44,0.4803,94.81,64.02,8.0,0.268,27.7,39.9,95.9,66.1,10.81,64.6,45.2,76.0,943.0,0,2.0,9.56,
EV287000,2022.0,116742.0,207.0,86.61,0.5149,95.72,95.84,6.0,0.461,31.5,95.6,83.0,53.7,9.0,66.3,49.2,36.4,1088.0,0,5.0,13.39,3.97
EV271986,2018.0,81793.0,264.0,81.17,0.5758,95.77,51.97,1.0,0.084,12.8,33.9,67.0,64.6,21.62,33.2,51.1,85.9,738.0,0,3.0,18.83,8.09
EV103358,2015.0,177686.0,578.0,65.92,0.7924,88.52,41.7,4.0,0.303,41.8,51.1,49.9,78.3,24.31,96.2,47.1,0.0,572.0,1,2.0,34.08,10.83
EV176553,2022.0,69330.0,274.0,81.71,0.4628,95.09,47.27,4.0,0.32,20.1,47.1,76.4,67.2,16.64,23.2,38.6,56.4,735.0,0,4.0,18.29,4.2
EV207337,2016.0,123212.0,253.0,86.52,0.5063,94.44,75.84,1.0,0.388,14.2,41.6,47.3,59.1,20.42,45.6,56.2,45.3,1082.0,0,1.0,13.48,9.99
EV299197,2020.0,82231.0,317.0,79.6,0.4943,93.86,39.17,6.0,0.331,20.4,52.8,55.1,70.1,22.69,31.4,54.4,51.5,718.0,0,4.0,20.4,6.32
EV155106,2020.0,2086.0,82.0,96.97,0.4044,98.49,73.59,1.0,0.42,1.0,3.0,68.5,46.0,20.54,22.8,67.4,80.0,1448.0,0,0.0,3.03,5.87
EV198207,2024.0,38294.0,206.0,87.61,0.4639,94.08,29.08,11.0,0.363,22.0,68.5,88.0,74.2,26.93,38.4,37.1,54.7,784.0,0,1.0,16.7,2.08
EV127915,2023.0,84432.0,124.0,88.62,0.4508,94.41,100.88,6.0,0.41,27.8,84.4,94.4,44.8,10.85,28.4,56.9,21.4,1249.0,0,1.0,11.38,3.05
EV143688,2017.0,104266.0,246.0,84.56,0.456,96.39,68.79,6.0,0.224,10.5,36.0,61.5,75.0,24.69,16.2,50.3,58.7,770.0,0,5.0,15.44,9.04
EV101481,2023.0,78963.0,252.0,86.33,0.5076,94.33,69.74,1.0,0.167,52.2,64.8,73.5,53.1,12.99,19.9,62.7,78.7,1087.0,0,1.0,13.67,3.12
EV273210,2020.0,500.0,22.0,99.8,0.4022,96.29,83.13,3.0,0.047,3.7,6.2,84.4,44.9,6.44,16.9,70.4,92.5,1462.0,0,1.0,0.2,2.98
EV214833,2017.0,7234.0,1.0,99.8,0.3503,95.28,87.05,1.0,0.152,1.6,3.0,55.8,44.0,12.11,46.4,74.1,75.0,1521.0,0,1.0,0.2,9.11
EV269576,2015.0,9166.0,82.0,95.22,0.3729,94.43,87.19,1.0,0.461,1.1,47.1,51.1,61.4,18.84,54.3,52.0,35.3,1053.0,0,2.0,4.78,11.18
EV149071,2019.0,239687.0,693.0,57.85,0.6544,91.8,64.02,14.0,0.455,86.2,115.7,68.0,71.1,28.87,33.2,41.0,0.0,299.0,1,4.0,,7.11
EV185649,2023.0,78549.0,242.0,84.93,0.5476,96.52,55.92,9.0,0.092,21.8,50.9,95.2,56.2,15.9,1.4,57.3,84.9,1089.0,0,3.0,15.07,2.75
EV274100,2023.0,13684.0,88.0,93.79,0.442,96.38,113.71,1.0,0.258,2.1,3.0,87.7,44.1,12.13,20.4,65.7,62.1,1286.0,0,,6.21,3.16
EV116753,2024.0,9163.0,214.0,96.96,0.4093,96.85,79.13,2.0,0.589,17.1,30.1,97.6,42.0,9.39,38.0,70.0,40.9,1431.0,0,3.0,3.04,2.02
EV196508,2019.0,103590.0,263.0,85.18,0.4949,93.03,59.03,2.0,0.208,36.0,48.4,73.3,61.9,26.81,25.5,59.3,77.6,1036.0,0,5.0,,7.0
EV295212,2015.0,172889.0,788.0,42.25,0.5063,90.34,18.02,9.0,0.214,23.1,57.3,62.2,70.6,36.91,38.8,42.7,57.5,5.0,1,2.0,57.75,10.94
EV233300,2020.0,100497.0,362.0,75.81,0.5612,95.12,38.66,8.0,0.261,20.7,55.9,69.1,70.8,23.0,58.7,47.6,76.1,596.0,0,3.0,24.19,5.88
EV188425,2022.0,83380.0,269.0,86.37,0.4888,93.41,68.44,4.0,0.104,27.1,71.6,83.5,55.2,20.73,19.4,60.8,58.6,1016.0,0,3.0,,4.01
EV209612,2017.0,78092.0,226.0,85.43,0.4308,96.12,56.32,6.0,0.198,10.2,26.2,59.5,65.4,23.17,35.8,56.9,68.4,854.0,0,3.0,14.57,8.75
EV223312,2019.0,128837.0,598.0,64.6,0.6072,91.4,27.7,6.0,0.501,25.3,59.1,72.8,66.4,28.77,16.2,46.6,35.5,353.0,0,0.0,35.4,7.13
EV200473,2022.0,3380.0,1.0,99.8,0.4254,95.27,85.36,3.0,0.227,1.1,3.0,85.5,54.7,6.41,37.5,61.1,92.3,1030.0,0,1.0,0.2,3.97
EV255212,2023.0,44516.0,168.0,88.95,0.4487,95.57,83.29,1.0,0.313,18.3,54.9,81.4,62.6,23.2,50.3,56.9,28.2,1190.0,0,2.0,11.05,3.08
EV213919,2024.0,28013.0,40.0,97.19,0.4378,94.98,76.25,1.0,0.344,19.3,50.3,93.5,49.2,9.67,30.8,67.0,72.2,1408.0,0,2.0,2.81,2.09
EV254282,2015.0,362081.0,847.0,62.37,0.7237,94.98,53.89,13.0,0.419,88.3,110.2,54.6,75.6,31.27,44.0,35.5,24.6,414.0,1,7.0,37.63,10.92
EV101210,2024.0,15645.0,1.0,99.8,0.3707,98.43,97.73,1.0,0.171,9.2,18.4,89.8,44.4,10.7,14.8,57.5,52.1,1483.0,0,2.0,0.2,1.91
EV113343,2016.0,7842.0,35.0,99.8,0.3249,98.5,92.81,1.0,0.099,1.3,3.0,47.0,57.1,26.02,20.9,60.2,95.6,1146.0,0,0.0,0.2,10.22
EV153660,2016.0,150724.0,397.0,79.34,0.5511,92.55,56.42,7.0,0.352,25.9,49.1,60.2,61.5,19.27,34.9,49.6,50.0,1030.0,0,2.0,20.66,10.35
EV217557,2024.0,11925.0,63.0,95.68,0.456,96.12,51.9,4.0,0.3,28.6,37.0,96.6,51.5,12.63,14.1,65.2,72.9,1386.0,0,0.0,,2.1
EV166660,2020.0,500.0,1.0,98.1,0.4268,96.55,59.79,3.0,0.284,1.2,3.0,71.4,49.8,20.74,63.9,58.2,72.7,1508.0,0,4.0,1.9,5.59
EV259430,2022.0,40334.0,82.0,99.8,0.4058,97.59,70.19,1.0,0.356,22.0,29.4,73.7,48.6,18.33,42.1,60.9,51.0,1444.0,0,2.0,0.2,3.92
EV123738,2015.0,96894.0,179.0,90.52,0.3852,96.65,90.58,2.0,0.261,27.1,34.0,37.6,61.9,23.44,37.2,57.3,87.6,933.0,0,4.0,9.48,10.73
EV217153,2022.0,116605.0,271.0,85.9,0.5086,94.58,64.67,8.0,0.286,31.1,93.3,83.3,54.8,18.96,47.1,62.9,54.4,1035.0,0,,14.1,4.17
EV171949,2016.0,294961.0,214.0,54.33,0.6575,91.33,40.58,4.0,0.559,80.7,97.8,67.9,75.6,18.33,56.6,46.9,16.8,1030.0,1,5.0,45.67,9.84
EV196459,2023.0,89129.0,256.0,67.81,0.721,91.69,42.89,11.0,0.38,45.7,88.3,85.6,55.3,25.78,40.4,56.6,35.2,383.0,0,3.0,32.19,2.91
EV252123,2019.0,147222.0,683.0,60.42,0.6527,87.41,28.1,10.0,0.691,21.1,72.8,67.9,85.3,28.95,77.2,40.1,0.7,271.0,1,5.0,39.58,
EV162135,2017.0,90214.0,343.0,78.28,0.6503,92.24,45.72,6.0,0.339,25.9,38.9,62.1,71.1,18.46,32.3,54.4,14.3,877.0,1,4.0,21.72,8.82
EV290368,2020.0,194438.0,485.0,66.5,0.5899,91.98,52.93,13.0,0.515,45.1,112.4,86.1,74.9,23.56,36.1,42.3,0.0,449.0,1,1.0,33.5,6.16
EV170656,2021.0,39707.0,47.0,99.02,0.5063,96.1,88.11,1.0,0.227,20.2,30.8,81.5,40.4,8.23,0.0,69.6,61.6,737.0,0,1.0,,4.92
EV141839,2024.0,29422.0,57.0,89.41,0.5305,93.51,81.14,1.0,0.308,16.8,41.1,79.1,65.8,18.77,52.4,53.5,52.1,1282.0,0,2.0,10.59,2.0
EV191369,2016.0,121738.0,291.0,87.61,0.5161,95.85,105.92,3.0,0.022,19.0,40.6,61.1,52.6,3.0045,5.5,56.9,84.0,1058.0,0,3.0,13.22,
EV130611,2018.0,71616.0,263.0,87.61,0.4905,96.59,39.67,5.0,0.234,10.3,28.6,61.8,55.1,22.66,5.0,55.1,80.5,1051.0,0,1.0,13.41,7.86
EV277371,2019.0,104266.0,369.0,77.06,0.52,93.73,50.26,6.0,0.219,39.3,48.4,75.4,68.9,24.98,55.0,45.3,22.5,616.0,0,,22.94,7.24
EV288273,2015.0,234880.0,687.0,69.43,0.6642,92.56,59.52,4.0,0.608,26.7,74.7,61.3,63.4,24.03,63.6,51.9,0.0,577.0,1,3.0,30.57,10.89
EV137300,2021.0,79857.0,74.0,97.0,0.4008,97.13,97.37,6.0,0.194,17.5,40.6,78.0,53.9,6.21,37.1,57.4,60.9,1397.0,0,0.0,3.0,5.15
EV229417,2019.0,266178.0,801.0,73.53,1.11,94.98,51.73,13.0,0.883,37.6,127.9,53.9,55.0,24.68,100.0,57.6,0.0,2347.0,1,1.0,26.47,6.9
EV266748,2018.0,132161.0,302.0,79.78,0.5253,96.09,68.07,4.0,0.198,17.4,55.2,54.3,56.8,23.0,37.2,45.8,46.7,1030.0,1,8.0,20.22,7.98
EV119433,2024.0,982.0,1.0,99.75,0.2414,95.8,90.26,6.0,0.169,3.1,8.0,80.1,58.4,20.18,33.4,58.6,47.1,1195.0,0,2.0,0.25,2.28
EV297105,2024.0,14530.0,75.0,95.39,0.3748,94.46,86.62,4.0,0.413,12.0,32.7,98.1,55.0,13.93,23.5,53.4,26.4,1343.0,0,4.0,4.61,1.85
EV238674,2018.0,55785.0,224.0,87.62,0.4732,95.36,34.38,4.0,0.17,9.0,24.4,65.6,53.6,30.44,45.7,52.8,78.0,1096.0,0,4.0,12.38,8.09
EV100640,2015.0,141814.0,281.0,85.33,0.4925,96.93,81.67,3.0,0.12,17.7,44.4,43.0,62.4,23.73,13.5,52.9,100.0,1058.0,0,2.0,,10.82
EV256996,2023.0,75115.0,234.0,85.25,0.5025,95.73,51.9,12.0,0.267,51.1,93.8,72.8,68.9,18.21,33.1,47.2,52.0,1029.0,0,3.0,14.75,2.82
EV163624,2022.0,73284.0,220.0,86.99,0.5063,98.64,50.3,6.0,0.521,33.8,70.3,81.8,55.4,16.79,49.3,53.1,69.8,1069.0,0,2.0,13.01,4.0
EV208880,2019.0,51672.0,43.0,99.8,0.4334,97.71,89.33,3.0,0.207,15.4,30.3,61.3,49.7,9.59,18.8,60.8,71.3,1422.0,0,2.0,0.2,6.83
EV163315,2018.0,14151.0,189.0,88.78,0.5268,96.78,32.25,4.0,0.326,2.1,3.0,62.2,51.2,28.42,22.0,60.6,65.8,1185.0,0,9.0,11.22,7.87
EV244930,2019.0,51442.0,252.0,85.41,0.4952,95.47,43.27,7.0,0.608,11.6,29.4,72.8,58.5,27.34,74.2,63.9,22.7,1065.0,1,3.0,14.59,6.97
EV116114,2023.0,58399.0,187.0,90.11,0.4654,92.84,63.04,6.0,0.255,23.0,52.9,80.1,47.4,18.33,16.7,56.6,64.3,1192.0,0,4.0,9.89,3.03
EV119991,2021.0,122265.0,231.0,84.3,0.5109,95.55,101.99,3.0,0.335,29.8,71.9,83.8,56.6,21.94,56.9,60.2,43.0,1070.0,0,2.0,15.7,5.16
EV207403,2023.0,40118.0,78.0,97.62,0.3748,96.75,71.54,7.0,0.378,28.6,61.8,89.4,51.9,6.66,28.1,52.9,27.1,1417.0,0,3.0,2.38,
EV170766,2019.0,64709.0,410.0,74.15,0.542,92.58,64.02,5.0,0.118,12.4,25.4,79.6,72.9,22.25,0.0,51.6,43.6,579.0,0,4.0,25.85,7.11
EV179810,2023.0,78549.0,7.0,99.8,0.338,96.84,75.75,1.0,0.509,2.5,5.6,96.1,42.3,18.33,52.2,56.9,49.3,1436.0,0,0.0,0.2,2.82
EV252348,2018.0,131115.0,254.0,86.9,0.545,96.31,92.75,2.0,0.086,27.2,53.5,58.8,50.9,28.62,25.2,59.1,90.8,1055.0,0,0.0,13.1,8.0
EV267659,2017.0,188907.0,547.0,72.35,0.6095,92.61,53.67,3.0,0.356,23.7,67.8,63.7,57.7,21.38,35.3,54.9,27.7,637.0,0,2.0,27.65,9.07
EV262512,2017.0,77686.0,114.0,99.8,0.3966,94.65,93.04,4.0,0.343,9.3,30.7,73.7,49.8,13.23,40.2,63.8,49.0,1400.0,0,3.0,0.2,8.72
EV126221,2015.0,78549.0,28.0,99.8,0.3348,96.22,74.53,2.0,0.287,1.9,5.4,40.5,54.0,29.5,35.9,61.4,74.2,1510.0,0,3.0,0.2,10.92
EV179195,2021.0,53186.0,199.0,86.74,0.5022,96.68,43.49,10.0,0.565,20.7,50.3,72.5,43.1,14.57,50.0,66.7,41.5,1138.0,0,2.0,13.26,4.56
EV257674,2019.0,78346.0,214.0,75.23,0.5799,94.16,33.4,6.0,0.428,12.8,35.7,76.9,53.9,23.89,51.6,60.3,60.9,809.0,0,4.0,24.77,7.0
EV280205,2016.0,334874.0,829.0,53.04,0.7047,89.61,47.25,6.0,0.418,34.5,111.1,55.8,84.3,27.51,39.0,34.5,11.0,245.0,1,2.0,46.96,10.2
EV167398,2024.0,12062.0,71.0,97.98,0.3275,97.06,66.27,3.0,0.226,11.2,16.7,88.0,48.5,4.62,46.3,57.1,76.8,1417.0,0,1.0,2.02,
EV147666,2021.0,84966.0,355.0,85.1,0.5068,94.34,39.16,6.0,0.228,16.2,56.2,80.6,55.6,18.19,57.4,60.2,60.4,939.0,0,0.0,14.9,4.92
EV265070,2019.0,169352.0,399.0,87.61,0.6077,94.02,57.6,5.0,0.671,49.4,78.9,66.6,65.3,27.93,70.8,43.7,52.1,782.0,1,2.0,29.58,6.89
EV191253,2017.0,213742.0,481.0,66.91,0.5254,92.16,52.66,4.0,0.591,60.3,73.1,52.5,77.0,36.49,33.2,46.5,29.6,495.0,1,3.0,33.09,9.22
EV137119,2022.0,90686.0,151.0,93.74,0.4325,93.95,72.72,5.0,0.183,24.5,81.7,92.7,53.5,20.13,28.8,55.2,19.1,1267.0,0,1.0,6.26,4.05
EV187142,2022.0,69435.0,348.0,77.44,0.5063,93.73,43.32,5.0,0.319,18.7,46.1,89.8,52.5,25.44,62.6,62.3,46.4,846.0,0,1.0,22.56,4.18
EV145194,2020.0,148244.0,391.0,84.34,0.4959,96.76,62.78,3.0,0.171,17.7,47.1,62.3,49.4,19.93,0.0,62.3,91.5,934.0,0,1.0,15.66,9.92
EV233126,2021.0,500.0,1.0,99.8,0.3479,94.19,116.69,1.0,0.278,1.8,3.0,81.1,79.6,16.38,37.5,44.7,45.6,1216.0,0,4.0,0.2,
EV192255,2023.0,11410.0,39.0,98.1,0.4021,95.0,58.98,2.0,0.301,1.0,3.0,83.3,47.8,13.13,23.2,58.1,66.9,1446.0,0,2.0,1.9,
EV191947,2015.0,219186.0,470.0,70.44,0.5583,94.98,61.48,1.0,0.18,25.5,64.4,56.4,67.0,28.1,30.0,47.5,76.2,469.0,0,0.0,29.56,11.23
EV295070,2022.0,42098.0,99.0,85.0,0.5063,96.37,64.02,1.0,0.377,18.9,33.7,89.3,44.7,15.03,41.6,66.1,85.6,610.0,0,2.0,15.0,4.54
EV103728,2024.0,7349.0,33.0,99.8,0.374,94.98,45.38,3.0,0.069,11.7,25.1,91.2,46.2,6.96,10.3,72.3,89.3,1440.0,0,,0.2,2.18
EV269171,2021.0,73891.0,284.0,81.01,0.4033,94.65,50.88,7.0,0.112,16.4,49.8,75.9,67.3,17.5,0.0,61.0,71.6,744.0,0,3.0,18.99,5.08
EV226033,2015.0,200737.0,454.0,76.69,0.5552,94.43,76.78,5.0,0.094,20.0,63.4,52.4,59.3,27.94,21.5,58.2,73.8,783.0,0,2.0,23.31,11.06
EV158293,2023.0,11562.0,38.0,99.8,0.4109,97.05,52.35,1.0,0.295,1.0,3.0,72.8,40.5,12.67,11.7,71.7,66.1,1475.0,0,1.0,0.2,3.25
EV120157,2015.0,335253.0,1300.0,46.6,0.7696,89.9,24.89,11.0,0.512,86.5,104.1,59.7,70.4,41.96,57.0,44.7,0.0,167.0,1,2.0,53.4,
EV217054,2024.0,30409.0,84.0,89.31,0.5602,94.44,97.63,5.0,0.078,38.7,52.9,85.0,46.2,21.74,21.6,62.4,84.5,665.0,0,2.0,10.69,1.96
EV226399,2023.0,65962.0,209.0,95.57,0.4263,96.85,68.02,9.0,0.134,26.8,63.7,81.9,46.7,13.22,10.1,67.0,85.9,1226.0,0,1.0,4.43,
EV224242,2024.0,16765.0,58.0,97.81,0.3976,97.35,42.16,4.0,0.319,10.2,35.6,84.7,56.4,11.7,25.4,53.3,68.1,1419.0,0,2.0,2.19,2.05
EV248410,2016.0,78549.0,406.0,81.72,0.5631,94.98,72.57,4.0,0.241,27.9,59.6,49.4,60.1,18.33,35.9,57.6,64.9,923.0,1,4.0,18.28,9.97
EV195270,2022.0,51683.0,175.0,90.85,0.5073,96.55,45.28,4.0,0.244,19.0,35.4,92.5,43.1,8.75,41.3,66.2,20.7,1220.0,0,2.0,9.15,3.9
EV281486,2021.0,105120.0,202.0,86.62,0.465,96.79,97.04,3.0,0.234,36.8,65.1,64.7,52.1,15.94,35.3,61.8,76.8,1140.0,0,2.0,13.38,5.14
EV158451,2024.0,500.0,1.0,99.8,0.4316,97.76,53.63,1.0,0.347,1.0,3.0,100.0,47.9,8.3,0.0,68.5,88.9,1512.0,0,0.0,0.2,2.0
EV196395,2017.0,8336.0,34.0,95.44,0.3509,97.91,68.03,3.0,0.57,1.0,3.0,55.8,64.0,20.38,38.0,50.8,49.1,1112.0,0,1.0,4.56,8.97
EV107399,2016.0,202241.0,446.0,56.23,0.8585,89.98,53.75,2.0,0.072,40.1,63.8,73.6,55.4,28.99,35.4,55.2,81.5,191.0,1,3.0,43.77,9.93
EV128503,2017.0,130332.0,365.0,64.73,0.7055,92.51,43.92,8.0,0.168,34.2,53.5,56.4,56.9,23.62,33.2,63.2,52.3,302.0,0,1.0,35.27,8.95
EV174577,2023.0,63688.0,214.0,73.71,0.5338,93.65,49.24,6.0,0.743,20.4,78.8,87.3,72.1,18.87,47.9,47.5,0.0,679.0,0,1.0,26.29,3.08
EV287015,2021.0,149653.0,400.0,78.69,0.555,94.03,58.16,11.0,0.493,30.7,91.3,85.7,60.8,16.17,12.0,48.6,33.2,868.0,0,2.0,21.31,5.27
EV235812,2024.0,500.0,40.0,98.66,0.3947,95.6,102.16,1.0,0.43,1.8,3.0,88.3,47.7,12.17,41.8,61.0,15.6,1380.0,0,1.0,1.34,1.68
EV241436,2023.0,4537.0,1.0,99.8,0.2824,97.89,82.59,1.0,0.399,3.2,9.0,91.4,57.8,0.38,40.7,55.0,57.4,1202.0,0,0.0,0.2,2.94
EV178988,2016.0,106379.0,331.0,79.32,0.5063,94.29,52.22,2.0,0.084,14.1,33.2,72.8,66.6,29.4,21.5,48.7,87.8,719.0,0,2.0,20.68,10.05
EV240220,2017.0,94654.0,246.0,89.87,0.4321,96.79,65.5,3.0,0.12,20.4,38.5,70.8,45.6,16.1,12.9,69.5,67.4,1147.0,0,2.0,10.13,9.32
EV230198,2020.0,124591.0,350.0,80.49,0.4514,94.98,56.52,3.0,0.267,26.7,61.3,81.5,58.0,22.15,31.5,56.5,87.1,637.0,0,3.0,19.51,6.21
EV133877,2020.0,78549.0,54.0,99.47,0.4326,94.98,55.01,1.0,0.263,1.7,3.0,83.2,47.0,11.67,22.6,63.2,88.0,1442.0,0,4.0,0.53,5.98
EV203276,2018.0,15851.0,58.0,97.46,0.4346,98.02,59.91,1.0,0.092,1.4,3.0,71.9,62.4,10.94,21.7,46.6,94.9,1414.0,0,4.0,2.54,7.69
EV237697,2020.0,51015.0,246.0,84.31,0.4503,94.38,59.83,5.0,0.033,15.2,34.0,76.6,76.6,18.13,24.2,46.9,84.6,786.0,0,4.0,,5.8
EV259779,2019.0,42625.0,298.0,76.82,0.4536,91.99,26.26,5.0,0.343,7.9,18.1,72.8,76.1,25.47,21.3,56.9,45.4,682.0,0,2.0,23.18,6.94
EV179896,2022.0,43404.0,130.0,91.5,0.4559,95.02,64.86,7.0,0.212,25.9,47.1,89.4,61.0,15.66,21.6,51.0,68.7,1030.0,0,1.0,8.5,3.78
EV247521,2018.0,9821.0,104.0,94.31,0.4013,95.76,87.59,2.0,0.023,1.0,3.0,54.8,54.4,20.9,29.6,54.5,99.7,1324.0,0,4.0,5.69,7.96
EV203430,2021.0,51718.0,138.0,89.55,0.4817,95.3,84.76,3.0,0.603,15.5,29.4,72.8,56.2,18.33,49.4,53.9,36.3,1218.0,0,1.0,10.45,4.92
EV144456,2017.0,62331.0,190.0,87.61,0.6292,94.35,56.06,2.0,0.438,16.1,25.4,75.0,48.1,17.84,44.5,59.0,52.1,476.0,0,1.0,21.02,9.07
EV147282,2018.0,305502.0,723.0,60.97,0.6981,91.09,52.98,9.0,0.413,41.7,131.6,60.7,63.9,34.13,45.9,45.4,8.3,453.0,1,4.0,39.03,7.85
EV174372,2021.0,165644.0,412.0,80.65,0.5102,92.22,57.82,9.0,0.398,49.4,47.1,74.3,52.6,10.61,56.6,59.0,20.2,856.0,0,1.0,19.35,4.9
EV205305,2022.0,40494.0,214.0,88.51,0.5005,96.82,34.92,9.0,0.377,11.3,33.6,93.4,59.5,14.83,32.7,57.9,76.4,1112.0,0,3.0,11.49,4.06
EV295550,2017.0,145909.0,214.0,75.63,0.5871,92.02,46.07,7.0,0.142,16.1,52.0,65.9,64.5,28.48,0.0,48.5,61.5,797.0,0,3.0,24.37,8.97
EV122994,2022.0,78549.0,273.0,84.46,0.5159,94.91,44.26,5.0,0.197,19.5,45.8,80.4,58.2,14.28,39.4,53.3,61.5,1061.0,0,4.0,15.54,3.78
EV238504,2024.0,500.0,1.0,99.8,0.3504,97.29,53.42,3.0,0.033,2.0,3.6,87.1,40.8,4.29,11.8,56.9,90.9,1518.0,0,2.0,0.2,1.66
EV153804,2016.0,126232.0,256.0,80.98,0.4756,94.94,64.03,2.0,0.299,12.9,39.6,73.9,60.5,24.01,24.5,56.6,68.0,780.0,0,1.0,19.02,10.03
EV135714,2019.0,231194.0,457.0,70.46,0.5786,94.31,66.59,6.0,0.541,70.9,109.5,53.1,80.0,32.24,51.3,43.3,30.5,556.0,1,5.0,,6.92
EV129662,2020.0,8746.0,31.0,98.27,0.3389,98.21,97.98,1.0,0.141,3.1,4.2,67.8,65.4,9.07,34.9,51.6,94.0,1162.0,0,4.0,1.73,5.13
EV160286,2019.0,102568.0,189.0,87.61,0.4389,95.16,108.84,3.0,0.286,20.4,54.0,74.9,68.7,13.92,48.5,47.2,43.4,894.0,0,3.0,11.89,
EV284996,2015.0,53002.0,165.0,87.65,0.5135,95.01,58.02,2.0,0.117,5.4,17.9,41.1,49.6,21.41,13.7,62.0,88.1,537.0,0,1.0,12.35,10.87
EV136328,2023.0,73502.0,214.0,95.33,0.4252,99.01,76.88,8.0,0.126,50.2,71.4,72.8,47.8,10.93,8.8,64.8,100.0,1240.0,0,1.0,4.67,2.98
EV151286,2024.0,33361.0,1.0,99.8,0.3631,97.14,90.35,1.0,0.232,18.3,51.4,93.2,50.2,14.82,3.3,59.3,69.0,1481.0,0,4.0,,1.77
EV161277,2021.0,500.0,1.0,99.8,0.365,94.98,75.38,1.0,0.482,4.0,5.8,78.2,49.9,10.49,49.7,64.7,41.4,1205.0,0,1.0,0.2,4.91
EV219558,2022.0,78549.0,220.0,74.31,0.6712,92.61,63.12,6.0,0.472,29.7,74.3,82.9,64.2,15.73,47.3,48.7,12.3,408.0,0,4.0,25.69,4.09
EV260704,2017.0,9694.0,1.0,99.8,0.3379,97.51,62.67,1.0,0.273,2.1,3.0,55.5,48.8,23.43,39.1,56.8,71.3,1556.0,0,,0.2,8.93
EV279998,2022.0,52609.0,192.0,90.23,0.4857,95.64,57.92,5.0,0.451,21.0,43.6,87.4,53.3,22.51,47.7,53.0,55.7,1162.0,0,5.0,9.77,3.99
EV133672,2019.0,135026.0,321.0,82.92,0.4991,92.91,76.33,4.0,0.111,28.5,66.8,63.4,52.9,21.73,33.2,53.2,70.9,999.0,0,4.0,17.08,6.97
EV299602,2020.0,152362.0,479.0,77.62,0.5664,93.77,49.96,9.0,0.265,30.1,88.2,77.5,56.5,22.9,61.0,54.7,30.6,768.0,0,3.0,22.38,5.96
EV108215,2022.0,84208.0,125.0,94.98,0.3808,96.71,78.03,8.0,0.329,21.8,72.2,95.3,54.4,10.47,21.7,58.9,46.6,1290.0,0,5.0,5.02,4.21
EV226586,2020.0,115858.0,297.0,85.91,0.4813,95.02,61.43,4.0,0.523,22.1,62.0,63.0,56.5,15.78,43.7,53.5,47.0,1069.0,0,2.0,14.09,6.07
EV252819,2017.0,65155.0,309.0,87.13,0.5191,95.87,41.38,1.0,0.216,8.9,24.1,77.9,58.1,22.3,3.7,59.0,70.3,1031.0,0,2.0,12.87,8.75
EV144799,2022.0,72020.0,251.0,85.33,0.5417,94.98,64.02,6.0,0.246,25.3,55.4,83.7,62.1,13.68,27.6,56.2,34.2,1101.0,0,2.0,14.67,3.89
EV182329,2016.0,103038.0,539.0,72.5,0.6585,94.28,35.88,4.0,0.288,10.8,33.9,46.0,59.9,24.07,39.4,54.2,30.7,706.0,1,2.0,27.5,9.92
EV187970,2019.0,97025.0,529.0,69.62,0.5785,92.51,27.7,8.0,0.319,20.4,46.1,87.5,72.3,19.78,18.5,47.2,40.3,461.0,0,0.0,30.38,7.09
EV219348,2016.0,105844.0,359.0,80.3,0.5063,93.62,67.13,5.0,0.086,17.7,38.7,67.4,56.5,24.95,30.5,63.3,68.5,894.0,0,3.0,19.7,10.01
EV184618,2019.0,191601.0,398.0,74.12,0.5091,91.78,85.14,6.0,0.281,25.4,87.5,78.9,56.8,16.08,35.3,57.5,26.8,537.0,0,0.0,25.88,6.93
EV172145,2021.0,49598.0,90.0,94.33,0.4612,96.26,64.56,1.0,0.223,7.5,25.8,76.6,44.7,8.02,19.1,65.5,64.3,1353.0,0,3.0,5.67,5.01
EV106600,2017.0,8890.0,1.0,98.54,0.3607,94.98,57.34,1.0,0.178,1.0,3.0,65.1,56.3,18.33,60.6,57.7,68.7,1163.0,0,2.0,1.46,8.96
EV171878,2015.0,15998.0,34.0,96.69,0.4541,98.16,67.15,2.0,0.267,1.4,3.0,55.7,42.1,19.14,50.9,62.7,74.1,741.0,0,2.0,3.31,10.92
EV271483,2017.0,279943.0,732.0,41.76,0.962,88.66,33.24,6.0,0.319,71.5,99.4,53.0,72.8,46.77,32.7,44.2,0.0,0.0,1,7.0,58.24,8.91
EV143418,2024.0,2081.0,41.0,94.5,0.3932,94.98,67.88,7.0,0.226,12.8,35.5,91.3,58.4,9.7,0.6,52.7,63.6,1106.0,0,3.0,5.5,1.44
EV140288,2019.0,144772.0,214.0,51.37,0.7912,85.21,25.5,8.0,0.365,19.0,62.3,61.9,85.2,39.34,99.9,34.6,16.1,324.0,1,4.0,48.63,7.03
EV151090,2017.0,357578.0,844.0,62.7,0.7164,90.0,53.91,8.0,0.415,90.1,127.2,65.6,56.8,31.63,41.2,59.0,0.0,391.0,1,3.0,,9.05
EV282096,2024.0,7170.0,30.0,99.8,0.351,97.07,63.17,4.0,0.117,2.0,6.1,82.0,58.1,11.06,11.1,56.7,99.6,1186.0,0,3.0,0.2,1.81
EV112724,2015.0,183848.0,484.0,71.08,0.5297,92.3,64.02,5.0,0.647,16.6,54.9,72.8,56.8,21.24,32.1,46.1,25.9,477.0,1,1.0,28.92,11.23
EV283224,2016.0,7946.0,1.0,99.26,0.407,97.06,96.87,1.0,0.247,1.3,3.0,43.7,61.9,11.15,47.9,53.9,74.0,1492.0,0,3.0,0.74,10.21
EV140251,2018.0,86347.0,427.0,79.3,0.5063,94.98,28.1,6.0,0.226,25.6,32.1,69.8,56.8,24.2,21.5,58.8,56.4,867.0,0,0.0,20.7,7.97
EV232134,2019.0,50263.0,130.0,90.01,0.4382,95.37,67.92,4.0,0.305,5.9,19.1,62.4,67.7,16.95,14.6,50.1,60.5,972.0,0,1.0,9.99,7.02
EV231827,2021.0,85915.0,220.0,89.29,0.4426,95.65,68.41,2.0,0.159,21.8,48.4,72.8,49.3,21.71,7.9,64.2,59.6,1139.0,0,1.0,10.71,5.08
EV279511,2017.0,55220.0,228.0,83.57,0.4717,93.34,44.81,9.0,0.419,7.7,21.9,65.7,66.5,12.93,30.3,52.6,48.7,855.0,0,6.0,16.43,9.06
EV286592,2019.0,81433.0,409.0,76.4,0.4883,92.0,29.89,3.0,0.107,17.3,33.4,53.8,71.6,30.86,17.5,44.9,35.1,571.0,0,5.0,23.6,6.97
EV145169,2016.0,274018.0,650.0,61.55,0.8708,88.31,58.68,5.0,0.171,58.6,89.5,58.3,73.3,31.77,33.2,38.3,38.1,553.0,1,2.0,38.45,10.08
EV177765,2018.0,20376.0,178.0,87.91,0.3926,94.96,27.42,1.0,0.185,4.2,11.1,69.6,56.8,18.48,38.8,58.3,30.9,894.0,0,1.0,12.09,7.78
EV280540,2023.0,45687.0,57.0,94.27,0.4005,96.45,78.26,2.0,0.319,36.4,44.6,66.5,63.2,17.74,20.1,53.7,31.7,1092.0,0,1.0,5.73,2.93
EV163532,2024.0,14894.0,51.0,96.44,0.3501,95.01,102.06,4.0,0.577,14.1,41.5,100.0,59.7,9.38,54.2,56.1,37.5,1081.0,0,1.0,3.56,2.04
EV293579,2024.0,15700.0,63.0,89.43,0.5432,95.82,43.42,4.0,0.169,23.8,31.4,100.0,51.6,6.91,41.7,56.9,83.3,669.0,0,1.0,10.57,1.8
EV146706,2019.0,75479.0,205.0,93.17,0.4886,97.16,63.97,2.0,0.191,13.9,28.3,59.9,53.4,19.28,0.0,59.1,76.3,1220.0,0,3.0,6.83,6.83
EV234716,2018.0,14239.0,63.0,99.33,0.4278,95.39,99.54,4.0,0.107,1.3,3.0,71.7,56.2,9.88,0.5,68.0,95.6,1481.0,0,1.0,0.67,7.64
EV246985,2024.0,26577.0,163.0,87.61,0.4276,94.98,32.62,8.0,0.139,26.1,36.4,95.5,61.6,15.8,14.3,57.9,85.3,944.0,0,3.0,,1.89
EV244078,2020.0,120042.0,284.0,84.53,0.5344,92.93,57.13,9.0,0.204,20.4,63.4,86.1,49.2,11.25,36.4,69.9,51.6,1089.0,0,1.0,15.47,5.87
EV282585,2021.0,81703.0,188.0,96.99,0.3862,94.98,92.89,1.0,0.212,17.1,47.1,88.3,41.5,4.91,0.0,66.5,67.8,1246.0,0,2.0,,5.13
EV196326,2018.0,69353.0,151.0,93.23,0.3663,97.12,119.81,3.0,0.164,14.5,30.1,67.4,61.6,12.84,0.0,54.7,82.4,1014.0,0,3.0,6.77,7.74
EV200756,2024.0,16031.0,30.0,87.61,0.3613,95.71,81.57,2.0,0.361,20.0,28.4,72.8,56.3,10.65,11.5,56.9,69.5,1186.0,0,0.0,1.35,2.16
EV260346,2022.0,9859.0,21.0,87.61,0.3523,95.65,86.36,1.0,0.319,7.6,14.6,86.0,48.5,13.78,15.3,65.7,90.9,1473.0,0,2.0,0.2,3.96
EV186197,2023.0,32714.0,166.0,78.37,0.551,93.91,36.83,2.0,0.208,22.4,30.8,85.6,46.2,21.3,34.3,60.1,73.5,507.0,0,2.0,21.63,2.95
EV202550,2020.0,78549.0,63.0,95.71,0.412,94.12,72.9,1.0,0.47,9.2,31.4,83.3,60.4,12.92,15.4,54.4,18.8,1092.0,0,2.0,4.29,3.86
EV156572,2023.0,81366.0,186.0,85.54,0.4068,94.61,75.56,4.0,0.644,31.3,83.0,82.3,65.1,26.02,59.1,54.2,0.7,846.0,0,,14.46,3.03
EV128962,2019.0,127430.0,243.0,91.35,0.4628,95.85,84.15,3.0,0.058,23.1,64.4,79.8,43.2,12.27,33.2,67.5,49.2,1139.0,0,3.0,8.65,6.97
EV230488,2019.0,179191.0,561.0,67.43,0.5401,94.24,40.02,12.0,0.203,50.0,83.1,68.9,79.0,29.13,12.7,35.4,20.4,450.0,1,3.0,32.57,6.82
EV110019,2022.0,24669.0,1.0,99.8,0.4161,99.13,64.02,3.0,0.313,20.4,13.1,79.9,47.7,10.51,20.4,72.2,15.1,1030.0,0,2.0,0.2,4.13
EV179389,2016.0,381753.0,214.0,62.73,0.6336,90.89,61.46,8.0,0.432,78.4,122.2,47.8,62.0,30.42,57.1,52.8,0.0,392.0,1,2.0,37.27,10.17
EV189392,2017.0,291926.0,804.0,59.47,0.6453,91.15,47.96,8.0,0.599,55.4,105.2,74.5,75.5,26.09,45.1,42.9,0.0,246.0,1,6.0,40.53,9.22
EV235553,2017.0,72856.0,248.0,83.71,0.4604,94.98,52.9,2.0,0.488,12.6,24.7,44.1,49.9,25.15,2.8,57.1,37.8,1029.0,0,1.0,16.29,8.76
EV210227,2016.0,60597.0,150.0,95.24,0.3571,95.48,85.99,1.0,0.158,8.2,18.3,64.6,50.0,25.41,12.9,64.8,77.4,1294.0,0,6.0,,9.95
EV164889,2018.0,117429.0,248.0,92.2,0.4811,96.97,94.99,1.0,0.117,19.6,49.5,65.5,66.5,11.23,26.5,47.8,65.4,1164.0,0,2.0,7.8,8.06
EV256493,2018.0,19902.0,3.0,99.8,0.3509,97.28,87.87,1.0,0.193,20.4,9.4,69.5,45.5,18.42,25.8,55.2,95.4,1506.0,0,0.0,0.2,7.9
EV139068,2016.0,6480.0,45.0,98.29,0.2874,96.29,64.02,2.0,0.138,2.3,3.0,52.3,47.0,20.72,18.8,66.0,82.0,1426.0,0,2.0,1.71,9.72
EV130801,2016.0,191482.0,367.0,61.28,0.7677,93.16,63.82,3.0,0.646,36.2,63.9,60.0,46.1,23.05,74.1,60.7,17.0,243.0,1,2.0,38.72,9.87
EV121313,2015.0,196732.0,635.0,57.14,0.74,90.29,37.78,5.0,0.575,21.7,56.2,53.2,91.8,42.43,33.2,36.3,6.6,309.0,1,0.0,42.86,11.04
EV105946,2024.0,56942.0,107.0,87.28,0.4755,99.5,68.19,7.0,0.17,37.2,97.8,93.3,60.4,10.62,56.7,55.1,83.9,983.0,0,3.0,12.72,2.16
EV112434,2021.0,82170.0,234.0,91.33,0.434,96.04,59.26,12.0,0.363,30.5,57.0,94.2,39.0,13.69,35.3,64.6,6.2,1133.0,0,0.0,8.67,4.77
EV127201,2023.0,500.0,7.0,99.8,0.3836,96.47,61.34,3.0,0.211,20.4,6.9,80.9,35.3,17.63,31.7,77.9,94.7,788.0,0,2.0,,3.16
EV228905,2022.0,78549.0,57.0,97.17,0.4477,95.69,85.39,5.0,0.166,15.0,46.2,75.7,41.8,8.4,26.2,72.8,37.1,1419.0,0,1.0,2.83,4.09
EV104275,2020.0,42878.0,82.0,99.8,0.3768,96.92,85.65,2.0,0.064,7.0,24.3,82.1,43.2,7.79,35.0,73.0,100.0,1406.0,0,5.0,0.2,5.94
EV187498,2018.0,90468.0,214.0,74.36,0.6366,94.87,77.13,4.0,0.208,14.7,38.6,63.5,50.6,24.64,33.2,70.2,74.9,453.0,0,2.0,25.64,7.75
EV285109,2016.0,50904.0,250.0,91.43,0.4549,94.94,32.54,3.0,0.169,13.1,17.7,53.8,52.0,16.72,19.3,62.1,64.9,1100.0,0,2.0,8.57,10.09
EV285113,2023.0,3627.0,34.0,98.85,0.3496,96.82,71.3,1.0,0.284,1.3,3.0,94.6,44.0,0.96,7.7,66.7,54.2,1417.0,0,2.0,1.15,3.09
EV186716,2022.0,98920.0,195.0,84.81,0.4169,95.55,95.91,4.0,0.413,24.8,85.3,78.5,74.4,21.44,34.9,40.6,0.0,871.0,0,3.0,15.19,3.85
EV106158,2017.0,12290.0,1.0,99.8,0.3713,97.89,84.45,1.0,0.147,20.4,4.9,65.3,65.1,16.79,3.6,43.8,91.5,1204.0,0,1.0,0.2,
EV128941,2023.0,53238.0,129.0,94.2,0.409,95.62,63.26,3.0,0.208,27.8,66.3,95.9,57.2,14.84,0.0,56.8,90.0,1038.0,0,3.0,5.8,2.77
EV249550,2019.0,221627.0,1144.0,54.8,0.7281,91.69,21.69,20.0,0.55,70.0,110.6,74.5,78.5,30.82,55.5,42.2,0.0,150.0,1,4.0,45.2,6.57
EV238596,2019.0,113994.0,292.0,72.3,0.689,94.84,61.18,3.0,0.115,18.9,49.1,79.5,51.3,23.56,7.1,59.1,81.3,345.0,0,1.0,27.7,7.2
EV182388,2018.0,169896.0,737.0,40.36,0.9946,89.67,17.72,9.0,0.673,52.1,68.8,66.2,71.9,45.67,33.2,47.5,10.2,23.0,1,2.0,59.64,8.14
EV290059,2016.0,338373.0,1901.0,65.36,1.2075,85.66,23.63,27.0,0.498,46.8,112.8,54.7,58.5,30.81,100.0,51.6,0.0,1391.0,1,2.0,34.64,10.1
EV137008,2020.0,32514.0,149.0,93.63,0.4249,99.39,42.14,6.0,0.296,7.4,25.6,73.5,38.4,13.38,0.0,68.1,57.0,1287.0,0,1.0,6.37,6.07
EV251832,2020.0,180538.0,1019.0,87.61,1.0408,88.26,11.93,27.0,0.541,51.2,102.9,75.1,68.5,40.24,45.8,42.3,0.0,0.0,1,4.0,65.9,6.15
EV135803,2024.0,35691.0,214.0,87.44,0.5063,94.54,78.79,4.0,0.444,14.9,37.4,88.9,58.1,13.15,53.6,52.0,33.4,922.0,0,3.0,12.56,1.81
EV105096,2022.0,33494.0,24.0,99.2,0.3928,96.5,85.6,1.0,0.139,9.2,26.0,80.0,53.3,15.85,7.9,62.3,84.4,1527.0,0,3.0,0.8,4.3
EV289127,2017.0,13797.0,36.0,99.8,0.3759,97.98,119.7,4.0,0.021,3.2,7.4,58.3,56.8,21.79,0.0,66.6,100.0,1475.0,0,2.0,0.2,9.05
EV283639,2020.0,29540.0,40.0,98.15,0.3951,94.24,121.92,2.0,0.182,9.6,47.1,76.9,42.7,5.04,7.9,70.3,73.6,1445.0,0,2.0,1.85,4.39
EV100274,2020.0,95705.0,339.0,79.74,0.5575,94.32,37.99,6.0,0.171,23.5,53.0,62.6,53.5,24.08,61.9,62.0,74.7,940.0,0,1.0,20.26,6.07
EV236605,2018.0,138357.0,255.0,75.34,0.4948,94.27,72.16,7.0,0.698,37.4,62.5,54.9,74.0,36.31,65.9,43.7,9.6,651.0,1,1.0,24.66,7.94
EV128685,2017.0,33311.0,38.0,95.77,0.4287,97.03,75.53,2.0,0.116,9.9,17.0,57.6,60.1,18.6,48.3,56.9,100.0,1147.0,0,,4.23,9.03
EV296247,2023.0,52431.0,125.0,96.1,0.4521,96.25,74.09,5.0,0.271,26.0,48.2,98.4,42.4,11.28,21.0,65.7,52.5,1305.0,0,0.0,3.9,3.16
EV235643,2023.0,18662.0,63.0,89.34,0.5322,95.13,66.99,4.0,0.34,7.3,18.7,84.9,57.4,14.47,18.7,52.0,85.7,675.0,0,2.0,10.66,2.97
EV149951,2024.0,42426.0,214.0,88.6,0.503,94.4,70.13,6.0,0.713,24.0,67.7,93.1,50.2,12.45,33.2,61.0,19.1,1278.0,0,4.0,11.4,2.09
EV272338,2021.0,78811.0,220.0,86.46,0.4361,94.11,75.67,4.0,0.319,18.8,49.9,76.8,64.7,12.58,26.0,50.1,78.7,855.0,0,1.0,13.54,5.18
EV131022,2018.0,52407.0,127.0,82.46,0.5472,93.23,63.38,1.0,0.457,6.3,20.1,73.3,52.1,13.95,25.4,61.0,39.4,557.0,0,2.0,17.54,7.95
EV188044,2020.0,39435.0,126.0,93.27,0.3908,95.15,59.57,3.0,0.265,20.7,25.1,73.6,69.0,20.87,26.9,48.9,63.2,1026.0,0,2.0,6.73,6.04
EV137765,2023.0,1264.0,1.0,98.11,0.4086,92.51,76.75,1.0,0.397,1.0,3.0,82.8,47.7,9.04,61.8,62.0,54.6,1488.0,0,0.0,1.89,2.96
EV160391,2021.0,59023.0,201.0,87.58,0.537,96.47,57.58,5.0,0.281,10.9,34.7,93.8,56.8,18.33,29.5,54.7,76.4,1129.0,0,1.0,12.42,4.93
EV213320,2020.0,24083.0,88.0,95.04,0.3347,97.29,58.51,5.0,0.391,13.3,41.1,76.0,72.7,18.33,52.5,42.2,86.5,1030.0,0,0.0,,3.07
EV260946,2017.0,115468.0,445.0,80.54,0.5517,94.84,40.91,5.0,0.188,13.5,42.0,56.5,58.8,19.66,17.1,52.4,59.9,914.0,0,2.0,19.46,9.05
EV128839,2022.0,70894.0,216.0,85.04,0.4865,95.07,57.31,7.0,0.56,25.3,57.2,98.3,59.9,22.45,67.6,55.9,12.7,1030.0,0,1.0,14.96,3.98
EV162188,2015.0,63579.0,35.0,99.8,0.369,97.27,64.02,3.0,0.028,12.0,14.8,49.0,39.3,20.46,0.0,63.1,95.5,1469.0,0,2.0,0.2,11.04
EV199293,2016.0,100209.0,198.0,86.41,0.5584,94.31,76.7,1.0,0.186,12.6,37.6,50.3,70.6,21.17,42.1,56.9,52.1,1139.0,0,3.0,13.59,9.92
EV299833,2023.0,72346.0,417.0,78.36,0.4939,95.43,25.77,11.0,0.164,19.9,69.2,72.8,70.3,19.42,0.0,52.4,62.1,634.0,0,2.0,21.64,3.0
EV205423,2019.0,66979.0,245.0,87.73,0.4416,96.68,64.46,1.0,0.273,24.1,31.5,69.1,47.6,29.64,22.5,63.4,77.9,1114.0,0,0.0,12.27,6.88
EV121550,2024.0,31912.0,29.0,99.8,0.3228,96.18,109.09,4.0,0.17,16.3,37.3,90.4,45.4,13.05,2.3,65.8,76.4,1494.0,0,2.0,0.2,1.86
EV106624,2020.0,165839.0,269.0,81.92,0.5063,94.11,93.52,2.0,0.388,31.7,98.0,71.3,56.8,22.06,30.3,56.9,39.5,1019.0,0,2.0,18.08,6.05
EV102854,2020.0,15959.0,51.0,91.64,0.5558,95.16,70.1,1.0,0.493,7.3,10.1,70.6,51.2,27.04,52.3,64.0,48.2,683.0,0,4.0,,6.12
EV261999,2024.0,78549.0,32.0,98.92,0.3119,98.33,84.32,7.0,0.014,22.7,56.7,96.3,62.8,6.21,0.0,52.6,93.4,1149.0,0,3.0,1.08,1.85
EV190509,2018.0,84837.0,167.0,91.21,0.3901,96.35,64.02,4.0,0.095,10.6,29.5,58.9,73.0,23.04,0.0,39.1,71.0,968.0,0,3.0,8.79,7.91
EV167835,2018.0,83113.0,239.0,86.5,0.4131,95.16,59.01,3.0,0.105,25.4,35.7,80.1,56.8,9.49,8.4,56.2,86.4,1030.0,0,5.0,13.5,8.01
EV252650,2021.0,157727.0,353.0,79.16,0.5247,95.33,61.77,8.0,0.303,41.3,94.8,76.8,67.9,24.61,44.1,42.4,67.2,663.0,0,1.0,20.84,5.09
EV210469,2019.0,59807.0,132.0,92.31,0.3857,97.75,86.35,1.0,0.106,8.4,25.5,68.1,62.7,15.19,33.2,52.1,100.0,1008.0,0,2.0,7.69,6.99
EV128695,2020.0,76071.0,197.0,90.38,0.4683,95.18,54.24,7.0,0.236,33.1,46.9,69.5,47.7,9.46,7.9,61.3,84.3,1188.0,0,3.0,9.62,6.22
EV166097,2015.0,136167.0,481.0,69.02,0.534,92.27,43.0,3.0,0.582,15.0,43.2,50.4,84.8,31.84,59.8,42.7,44.3,539.0,1,3.0,30.98,
EV184335,2017.0,418487.0,969.0,51.51,0.599,87.75,44.59,11.0,0.526,68.6,154.0,68.2,82.6,25.75,44.4,40.6,7.6,89.0,1,3.0,48.49,8.98
EV145703,2017.0,96412.0,179.0,94.14,0.4683,95.91,81.39,3.0,0.175,10.7,37.5,66.5,50.4,11.01,28.1,59.6,100.0,1268.0,0,3.0,5.86,8.7
EV191942,2020.0,48142.0,105.0,95.6,0.4462,95.12,85.69,3.0,0.25,15.4,27.6,81.4,48.3,13.57,8.7,62.2,72.4,1326.0,0,1.0,4.4,6.06
EV139539,2015.0,78523.0,172.0,89.95,0.5225,96.75,60.78,2.0,0.261,7.7,22.1,49.9,56.6,26.19,7.8,58.9,63.9,1172.0,0,5.0,10.05,10.86
EV295254,2022.0,27766.0,74.0,89.11,0.5063,98.09,47.66,1.0,0.223,17.2,23.6,89.1,37.2,14.15,33.2,74.6,67.5,616.0,0,6.0,10.89,4.19
EV291441,2015.0,42521.0,145.0,95.66,0.3998,96.38,85.78,1.0,0.197,7.4,15.3,70.7,51.3,19.11,0.0,74.6,71.6,1259.0,0,2.0,4.34,10.93
EV112686,2019.0,115245.0,261.0,87.01,0.52,94.9,79.22,2.0,0.319,19.7,58.1,72.8,58.6,14.53,13.9,60.2,91.6,1062.0,0,1.0,12.99,6.95
EV273670,2016.0,69835.0,272.0,87.78,0.5161,97.9,57.43,4.0,0.437,10.1,29.3,52.2,61.3,26.74,19.5,55.5,81.8,1085.0,0,1.0,12.22,9.94
EV260671,2019.0,17130.0,214.0,93.49,0.4928,94.28,92.96,1.0,0.293,1.3,3.2,70.2,58.1,14.94,35.4,50.3,30.9,662.0,0,1.0,6.51,7.01
EV121502,2019.0,236362.0,529.0,73.22,0.6933,92.47,63.78,9.0,0.38,30.1,47.1,66.3,55.7,20.0,9.5,60.3,13.3,740.0,0,4.0,26.78,7.1
EV244615,2024.0,36836.0,80.0,96.48,0.4094,94.98,62.68,5.0,0.263,29.4,62.1,95.1,61.3,18.33,31.8,55.8,52.1,1096.0,0,1.0,3.52,1.95
EV123270,2018.0,154548.0,402.0,87.61,0.5844,94.11,69.62,6.0,0.258,47.2,60.5,79.9,55.2,19.35,26.5,56.6,41.6,846.0,0,1.0,21.02,7.75
EV225769,2017.0,95836.0,345.0,82.88,0.5028,94.7,58.19,6.0,0.178,11.3,35.3,46.8,47.3,25.4,9.0,56.5,79.2,931.0,0,1.0,17.12,9.04
EV291313,2020.0,34043.0,166.0,88.24,0.4567,96.17,38.02,8.0,0.19,14.3,20.1,67.7,61.5,20.85,16.3,52.5,56.3,934.0,0,5.0,11.76,5.96
EV184108,2021.0,86904.0,499.0,55.7,0.8068,85.08,23.81,8.0,0.211,22.7,53.7,76.8,100.0,31.7,97.7,28.7,18.0,410.0,1,2.0,44.3,4.93
EV263760,2020.0,165401.0,407.0,77.81,0.5221,93.73,74.04,4.0,0.449,28.1,77.4,60.4,51.6,23.63,62.1,56.9,44.1,813.0,0,0.0,22.19,6.27
EV124919,2022.0,57226.0,328.0,80.58,0.5338,92.41,36.34,6.0,0.319,13.8,39.9,72.8,53.6,18.66,55.8,53.4,52.1,957.0,0,3.0,19.42,4.05
EV201322,2018.0,166949.0,369.0,79.06,0.6262,91.32,71.83,3.0,0.052,18.9,62.0,56.3,68.1,27.97,63.8,52.6,68.7,903.0,0,1.0,20.94,8.1
EV205129,2022.0,101952.0,475.0,69.43,0.6342,94.11,32.07,10.0,0.074,31.8,81.4,78.3,66.3,20.85,17.5,50.7,75.2,506.0,0,3.0,30.57,3.9
EV166979,2020.0,124672.0,615.0,49.23,0.8694,91.67,20.63,4.0,0.634,31.5,76.0,78.3,71.6,34.36,75.8,35.3,0.0,83.0,1,3.0,50.77,6.0
EV206578,2016.0,158634.0,217.0,88.33,0.4402,94.45,108.23,4.0,0.185,17.7,56.8,72.8,59.2,10.02,24.1,51.6,67.0,1148.0,0,3.0,11.67,9.95
EV228712,2015.0,322514.0,1478.0,35.8,1.0006,87.56,64.02,12.0,0.232,36.0,99.4,56.9,71.5,43.38,19.8,48.3,18.7,0.0,1,2.0,64.2,11.28
EV275811,2016.0,124637.0,433.0,77.13,0.6,95.12,42.49,8.0,0.495,13.2,45.9,64.6,62.6,22.29,33.2,52.0,36.5,840.0,0,,22.87,9.91
EV216558,2021.0,71026.0,239.0,83.95,0.5143,92.37,40.46,6.0,0.453,19.9,48.7,94.4,53.8,20.72,69.5,58.3,28.1,1038.0,0,4.0,16.05,4.9
EV290764,2015.0,18227.0,70.0,97.4,0.3593,96.48,74.47,1.0,0.162,20.4,3.0,57.5,48.3,24.37,0.0,72.0,89.3,1403.0,0,3.0,2.6,11.18
EV279919,2018.0,155353.0,304.0,83.6,0.5362,95.83,74.77,7.0,0.255,20.4,63.1,70.8,50.9,23.88,48.6,57.6,59.2,1046.0,0,2.0,16.4,8.16
EV267495,2016.0,78549.0,51.0,99.45,0.3702,94.98,68.62,1.0,0.319,1.1,3.0,53.9,50.3,16.12,19.1,67.1,46.8,1458.0,0,1.0,0.55,9.94
EV245356,2018.0,86425.0,233.0,88.46,0.4456,93.29,77.24,1.0,0.206,28.0,36.9,73.7,50.7,22.92,15.4,62.8,89.5,1136.0,0,4.0,,8.2
EV152404,2021.0,78253.0,214.0,93.49,0.4579,95.12,81.55,1.0,0.168,35.8,59.0,71.9,51.5,3.7,25.5,62.0,67.0,1253.0,0,2.0,6.51,4.87
EV185784,2016.0,149494.0,462.0,53.72,0.9143,89.99,34.26,10.0,0.029,25.3,50.0,69.5,58.1,18.82,41.5,54.4,52.1,190.0,1,2.0,46.28,9.94
EV101157,2015.0,134513.0,313.0,83.08,0.4876,93.47,74.46,1.0,0.36,21.0,41.3,47.6,56.1,31.83,20.6,61.6,25.9,956.0,0,4.0,16.92,11.06
EV199115,2019.0,72237.0,233.0,86.24,0.524,93.6,59.83,1.0,0.579,12.6,34.1,78.9,54.5,14.36,35.5,62.2,30.3,1097.0,0,2.0,13.76,7.09
EV128222,2015.0,78549.0,832.0,64.68,0.7004,94.98,50.15,10.0,0.445,48.2,102.1,51.6,58.1,33.99,29.7,52.0,0.0,437.0,1,2.0,35.32,11.08
EV286909,2018.0,76313.0,61.0,93.26,0.4572,94.98,100.41,3.0,0.319,10.6,30.4,60.6,54.4,22.71,31.9,58.0,49.7,1303.0,0,1.0,6.74,7.94
EV262987,2016.0,2524.0,35.0,99.8,0.392,95.8,39.16,1.0,0.134,1.3,47.1,57.5,53.5,6.23,23.4,62.1,55.8,1455.0,0,0.0,0.2,10.09
EV241062,2018.0,258237.0,1427.0,47.56,0.7639,89.2,17.15,20.0,0.418,50.7,118.4,71.6,75.7,28.53,43.3,45.0,11.2,0.0,1,1.0,52.44,7.51
EV280654,2022.0,30374.0,143.0,89.05,0.4588,95.89,60.75,2.0,0.362,5.5,14.5,88.1,69.2,18.33,1.2,49.5,69.5,1030.0,0,3.0,10.95,4.24
EV102297,2024.0,6480.0,1.0,99.8,0.3603,97.38,83.06,2.0,0.334,1.8,5.6,83.3,57.3,10.82,20.8,54.8,74.2,1177.0,0,4.0,0.2,2.03
EV181806,2018.0,113526.0,429.0,77.75,0.6002,96.07,42.91,5.0,0.257,19.1,41.2,76.4,51.2,20.4,5.4,60.0,67.1,828.0,0,1.0,22.25,7.99
EV121802,2020.0,19749.0,87.0,93.79,0.418,96.49,76.45,1.0,0.167,2.8,8.5,70.7,55.7,17.35,5.6,60.5,67.2,1305.0,0,2.0,,5.97
EV278435,2016.0,97821.0,139.0,91.46,0.3221,97.27,106.36,4.0,0.232,11.3,37.0,48.2,63.7,25.79,0.0,52.4,79.2,1007.0,0,1.0,8.54,10.17
EV280123,2021.0,95267.0,219.0,90.2,0.4759,94.24,99.09,4.0,0.053,31.5,47.1,85.0,55.5,6.79,0.0,55.5,60.9,1157.0,0,3.0,9.8,5.13
EV238244,2016.0,160525.0,485.0,74.44,0.6177,91.62,56.49,8.0,0.259,16.5,46.6,63.0,61.9,22.22,31.2,48.1,29.4,713.0,0,1.0,25.56,9.88
EV205351,2016.0,161631.0,324.0,83.5,0.5254,94.98,73.91,6.0,0.247,21.4,53.8,65.0,52.5,25.17,12.1,55.8,50.0,980.0,0,2.0,16.5,10.21
EV187504,2017.0,209539.0,615.0,71.7,0.6348,92.52,52.74,9.0,0.579,61.7,78.0,57.7,55.0,33.65,65.6,55.0,25.3,631.0,1,,28.3,8.97
EV274531,2021.0,103600.0,239.0,88.14,0.469,97.05,100.33,2.0,0.153,34.7,63.7,67.8,42.0,17.35,0.0,69.5,46.9,1085.0,0,4.0,11.86,5.01
EV159339,2023.0,78549.0,29.0,99.77,0.3199,95.38,38.42,4.0,0.277,1.4,3.0,94.4,55.8,8.6,7.8,59.5,40.8,1152.0,0,0.0,0.23,2.83
EV147816,2019.0,230246.0,488.0,65.76,0.5408,92.32,62.36,11.0,0.639,40.1,111.2,81.1,77.6,20.37,59.8,44.9,0.0,476.0,1,2.0,34.24,6.96
EV120093,2019.0,117609.0,356.0,88.95,0.5316,94.13,56.51,5.0,0.166,15.9,55.4,76.1,50.3,17.85,24.4,67.5,79.6,1030.0,0,0.0,11.05,
EV245843,2016.0,52964.0,106.0,97.33,0.3416,96.98,96.76,2.0,0.216,11.4,20.2,54.4,71.7,21.99,0.0,51.2,71.4,1089.0,0,1.0,2.67,10.0
EV238062,2022.0,54875.0,122.0,90.93,0.4068,95.54,62.45,5.0,0.358,21.8,47.4,72.7,52.4,14.22,23.0,56.9,59.1,1204.0,0,2.0,9.07,4.11
EV193337,2024.0,14783.0,1.0,99.8,0.3475,96.62,94.39,1.0,0.281,8.6,16.6,88.9,50.5,7.93,45.5,64.5,90.4,1486.0,0,5.0,0.2,1.94
EV252411,2021.0,38923.0,140.0,91.75,0.4912,94.97,79.95,2.0,0.241,8.1,28.1,80.5,44.4,12.69,35.6,71.9,73.4,1207.0,0,2.0,8.25,5.19
EV259236,2022.0,71767.0,131.0,85.85,0.4514,92.37,93.76,3.0,0.509,15.1,47.6,84.3,66.2,14.86,22.6,56.9,16.3,928.0,0,1.0,14.15,3.89
EV239399,2016.0,85097.0,327.0,81.25,0.5057,97.51,48.3,1.0,0.329,22.3,32.5,62.1,61.3,24.77,15.9,55.9,72.2,738.0,0,0.0,18.75,10.01
EV149069,2017.0,122418.0,350.0,74.86,0.5327,94.7,61.09,5.0,0.173,14.1,48.1,63.3,74.1,24.86,35.5,44.4,85.0,631.0,0,2.0,25.14,8.92
EV149748,2017.0,167316.0,491.0,67.48,0.531,94.33,45.42,3.0,0.48,34.6,47.1,55.2,72.4,30.01,37.2,50.5,11.8,480.0,0,3.0,32.52,
EV126090,2018.0,54498.0,132.0,90.46,0.4401,96.65,67.53,2.0,0.26,16.6,21.2,63.0,60.5,27.68,24.5,47.9,59.9,1030.0,0,2.0,9.54,7.88
EV103744,2018.0,54909.0,284.0,89.96,0.4551,95.49,42.0,5.0,0.228,7.3,18.7,74.1,48.1,14.41,12.7,67.4,79.2,1092.0,0,2.0,10.04,8.32
EV287775,2018.0,123684.0,435.0,78.79,0.5449,94.98,49.51,6.0,0.186,23.8,52.2,58.6,59.3,22.58,30.0,56.4,68.6,850.0,0,5.0,21.21,8.2
EV164538,2016.0,60149.0,147.0,93.67,0.4551,96.92,56.17,1.0,0.206,20.4,17.0,61.6,53.0,18.57,0.0,63.6,86.4,1257.0,0,,6.33,9.96
EV153678,2018.0,271452.0,846.0,59.39,0.6715,93.56,39.92,13.0,0.491,34.0,105.8,66.2,59.2,32.57,41.5,52.7,18.4,424.0,1,4.0,40.61,8.26
EV296874,2022.0,58072.0,236.0,80.9,0.5756,91.39,39.48,4.0,0.286,31.1,47.4,81.9,64.4,22.02,37.9,49.3,50.0,1046.0,0,5.0,19.1,3.93
EV252591,2022.0,28528.0,25.0,99.8,0.3799,98.35,83.41,1.0,0.093,7.9,22.7,84.6,51.1,16.18,5.5,58.0,99.1,1450.0,0,1.0,0.2,3.87
EV158313,2016.0,21769.0,71.0,98.93,0.4077,95.6,71.27,1.0,0.134,6.7,10.2,61.0,52.2,16.63,17.3,67.7,60.6,1437.0,0,1.0,1.07,10.16
EV137838,2015.0,8289.0,161.0,87.55,0.47,94.18,71.79,1.0,0.411,1.7,3.0,59.0,66.5,19.13,68.9,48.8,43.8,1196.0,0,1.0,12.45,11.01
EV278917,2017.0,112229.0,237.0,74.68,0.6204,95.29,55.48,7.0,0.313,12.9,40.4,72.9,54.4,28.61,14.4,65.4,59.6,424.0,0,2.0,25.32,9.18
EV175485,2024.0,22271.0,83.0,99.8,0.5063,97.58,47.28,4.0,0.21,51.2,69.7,75.5,61.7,0.0,12.6,50.4,64.4,1085.0,0,,0.2,1.73
EV124545,2024.0,25957.0,155.0,90.8,0.4462,94.77,41.09,5.0,0.619,13.6,47.1,92.4,50.3,15.95,52.4,59.1,37.9,1228.0,0,5.0,9.2,2.28
EV136156,2021.0,78549.0,25.0,99.8,0.5063,95.43,59.23,4.0,0.093,6.6,47.1,69.5,65.6,10.01,0.0,52.3,82.4,1155.0,0,,0.2,5.09
EV163761,2022.0,140018.0,397.0,55.29,0.822,89.16,37.89,8.0,0.635,36.3,123.9,78.8,59.8,28.05,77.1,51.1,0.0,229.0,1,2.0,44.71,4.13
EV160436,2021.0,60238.0,228.0,89.35,0.4706,95.04,59.47,2.0,0.227,10.3,34.5,73.5,51.0,11.28,28.8,58.4,83.1,1116.0,0,1.0,10.65,4.93
EV258905,2016.0,40905.0,97.0,90.8,0.4499,95.78,61.29,3.0,0.265,4.1,11.9,72.8,74.7,10.18,9.0,41.6,52.1,985.0,0,1.0,9.2,9.95
EV187035,2018.0,184726.0,307.0,81.58,0.5061,94.17,97.04,4.0,0.388,20.4,84.6,82.6,46.4,8.48,24.1,59.9,19.5,999.0,0,1.0,18.42,7.82
EV291898,2016.0,26466.0,110.0,93.92,0.366,97.04,80.25,3.0,0.341,2.6,8.7,63.7,57.7,14.21,22.1,59.7,76.9,1027.0,0,2.0,,10.03
EV236435,2017.0,49237.0,216.0,86.57,0.4593,95.93,59.21,2.0,0.367,9.6,17.1,54.1,42.6,18.63,36.3,66.7,41.9,1091.0,0,2.0,13.43,8.93
EV174457,2017.0,104561.0,298.0,88.15,0.4283,94.92,53.47,4.0,0.346,11.5,40.0,74.0,56.8,11.85,13.4,58.1,38.3,1042.0,0,2.0,11.85,8.71
EV117952,2020.0,56137.0,166.0,88.78,0.4296,95.06,64.21,2.0,0.096,12.9,25.3,63.5,65.0,20.86,13.4,54.4,65.5,947.0,0,4.0,11.22,6.25
EV241648,2024.0,24650.0,1.0,99.8,0.3823,96.92,90.4,4.0,0.569,10.3,28.4,83.2,61.6,15.44,31.3,57.2,43.1,1204.0,0,5.0,0.2,2.11
EV295697,2019.0,77273.0,211.0,87.82,0.5073,96.79,66.82,4.0,0.304,13.9,34.9,57.2,51.6,16.05,30.4,56.3,57.3,1128.0,0,1.0,12.18,6.95
EV170809,2016.0,48939.0,94.0,94.97,0.3278,96.58,89.58,2.0,0.088,5.0,13.1,56.2,59.3,20.27,36.1,57.9,77.0,1053.0,0,1.0,5.03,9.91
EV201423,2022.0,14361.0,214.0,91.76,0.4941,95.78,84.12,2.0,0.227,9.9,19.2,68.5,66.0,28.52,32.8,37.8,53.1,1289.0,0,2.0,8.24,3.9
EV177982,2023.0,16909.0,1.0,87.61,0.4529,93.72,71.6,1.0,0.587,1.9,3.0,81.2,40.5,14.03,34.8,70.3,17.6,1482.0,0,5.0,0.2,2.75
EV162348,2019.0,62126.0,245.0,87.19,0.5063,97.68,46.01,4.0,0.301,8.9,27.8,85.4,56.0,24.3,20.5,53.2,81.5,1087.0,0,3.0,12.81,6.87
EV299784,2020.0,57241.0,242.0,87.61,0.4577,95.57,40.27,1.0,0.435,6.6,20.1,50.6,66.0,25.53,27.4,55.1,72.1,772.0,0,2.0,19.02,8.99
EV200380,2015.0,184829.0,214.0,87.61,0.6041,93.86,45.51,6.0,0.508,17.4,56.7,48.7,56.8,24.0,24.5,62.1,38.5,602.0,0,5.0,26.98,10.7
EV115255,2020.0,257064.0,573.0,59.59,0.6291,90.79,53.02,13.0,0.681,41.5,141.5,81.3,56.8,24.5,34.5,30.7,0.0,378.0,1,,40.41,5.92
EV138526,2022.0,101587.0,429.0,69.89,0.6175,93.3,32.12,8.0,0.434,20.4,78.8,92.0,70.5,22.46,25.0,56.9,22.5,499.0,0,4.0,30.11,4.03
EV270857,2016.0,210884.0,470.0,67.43,0.6627,87.49,52.89,9.0,0.141,32.0,76.0,59.9,85.9,19.43,80.3,27.2,53.7,496.0,1,6.0,32.57,9.72
EV280075,2024.0,8398.0,1.0,87.61,0.4221,96.4,82.68,1.0,0.325,3.0,9.4,91.3,51.3,18.4,0.2,61.0,66.0,1466.0,0,0.0,1.38,2.33
EV108988,2016.0,40921.0,214.0,84.54,0.4074,94.49,64.04,4.0,0.325,4.3,14.0,59.1,63.9,21.1,33.2,51.9,22.8,849.0,0,7.0,15.46,10.03
EV118478,2023.0,500.0,101.0,95.99,0.3983,97.16,68.69,4.0,0.268,1.5,3.0,86.7,50.1,9.17,25.9,62.5,56.0,1333.0,0,1.0,4.01,2.87
EV245461,2016.0,39736.0,111.0,92.08,0.5138,94.98,67.09,1.0,0.285,4.5,14.6,39.0,52.6,25.02,3.3,61.8,52.1,1280.0,0,3.0,7.92,9.71
EV164424,2015.0,84009.0,214.0,87.42,0.4723,97.16,69.28,1.0,0.295,10.5,22.7,63.1,61.6,11.33,19.9,53.6,51.4,1136.0,0,0.0,12.58,10.73
EV125922,2016.0,138891.0,282.0,82.2,0.4992,92.08,75.67,4.0,0.376,35.4,46.9,55.9,58.5,14.62,76.1,51.5,36.9,1056.0,0,4.0,17.8,10.13
EV298501,2020.0,500.0,1.0,99.8,0.3597,98.95,85.21,1.0,0.301,1.7,3.9,70.7,52.0,5.49,22.9,61.2,96.5,1210.0,0,4.0,0.2,5.88
EV286174,2017.0,53289.0,80.0,96.29,0.3993,97.34,64.02,2.0,0.42,16.3,26.3,58.6,51.4,20.56,39.5,55.6,54.0,1419.0,0,2.0,3.71,9.07
EV160603,2024.0,7450.0,24.0,98.54,0.3562,95.4,55.28,1.0,0.243,2.8,8.3,86.9,50.9,11.35,22.2,62.9,79.3,1539.0,0,0.0,1.46,2.0
EV262023,2016.0,52666.0,247.0,86.45,0.4775,95.6,38.63,6.0,0.354,9.1,20.4,54.2,61.0,27.8,12.8,55.7,49.5,1069.0,0,2.0,13.55,
EV289421,2020.0,15885.0,41.0,99.48,0.3502,97.13,64.68,6.0,0.39,4.6,12.2,79.3,56.8,19.61,7.4,57.4,70.5,1153.0,0,1.0,0.52,5.89
EV188643,2018.0,64365.0,214.0,87.61,0.3569,95.27,71.74,1.0,0.221,6.8,20.2,64.2,63.0,13.88,40.3,54.5,80.3,1020.0,0,4.0,6.48,8.04
EV279142,2022.0,63716.0,185.0,77.7,0.6071,93.54,51.77,10.0,0.287,29.7,55.4,82.8,48.1,21.21,39.6,62.8,57.0,485.0,0,4.0,22.3,4.15
EV166489,2022.0,40199.0,188.0,83.6,0.5932,96.97,64.02,5.0,0.202,26.2,33.6,94.1,39.1,15.97,0.0,71.6,89.3,510.0,0,4.0,16.4,3.86
EV101182,2020.0,58743.0,133.0,87.68,0.5654,94.61,73.22,2.0,0.338,13.0,47.1,88.2,68.2,13.42,75.8,53.7,56.1,1231.0,0,3.0,12.32,6.3
EV208687,2019.0,109072.0,295.0,82.62,0.4123,93.14,66.48,6.0,0.416,15.1,52.1,59.1,67.2,20.97,23.2,44.0,36.5,726.0,0,4.0,17.38,7.26
EV210409,2024.0,49984.0,228.0,89.05,0.4577,93.86,76.72,5.0,0.236,33.7,68.4,85.4,57.0,13.41,23.2,55.3,63.1,1135.0,0,0.0,10.95,2.13
EV138577,2019.0,146514.0,275.0,81.38,0.5063,94.9,76.06,4.0,0.728,24.7,73.1,63.2,57.2,29.02,20.1,55.9,27.5,1030.0,0,1.0,18.62,7.03
EV195044,2023.0,42077.0,241.0,87.61,0.4621,94.74,44.07,4.0,0.45,10.8,36.7,85.3,59.6,14.76,28.8,50.8,44.9,1118.0,0,2.0,10.32,3.01
EV293282,2017.0,12125.0,1.0,99.8,0.3294,96.64,114.98,1.0,0.063,1.7,5.7,67.9,64.1,9.59,18.1,58.0,94.2,1226.0,0,1.0,0.2,8.93
EV286974,2022.0,65664.0,111.0,88.81,0.3966,93.53,98.73,3.0,0.444,15.7,49.8,73.8,49.9,28.45,43.3,54.7,30.7,1188.0,0,4.0,11.19,3.92
EV110635,2022.0,27789.0,136.0,94.48,0.4635,95.72,50.09,4.0,0.34,12.9,27.1,79.9,51.8,14.23,19.7,58.1,80.4,1306.0,0,4.0,5.52,4.01
EV139165,2017.0,98658.0,474.0,87.61,0.5579,95.06,34.35,2.0,0.017,13.4,39.2,69.3,66.4,23.8,3.8,52.6,98.9,853.0,0,2.0,,8.5
EV210037,2017.0,256079.0,841.0,65.15,0.7096,91.9,37.57,13.0,0.404,70.1,98.1,53.5,62.8,32.4,19.1,42.9,18.6,402.0,1,4.0,34.85,9.0
EV108104,2018.0,24788.0,22.0,99.8,0.418,98.05,78.11,1.0,0.347,3.5,7.3,67.6,50.0,9.12,61.3,55.6,65.3,1448.0,0,0.0,0.2,8.16
EV187394,2018.0,109448.0,218.0,88.89,0.4687,95.32,64.02,3.0,0.307,14.2,46.1,54.2,54.6,25.66,26.4,65.4,45.5,1141.0,0,3.0,11.11,8.04
EV113536,2018.0,62915.0,231.0,89.44,0.4799,96.56,74.2,1.0,0.182,10.9,30.6,79.7,56.3,15.35,11.3,56.0,80.0,1030.0,0,5.0,10.56,8.09
EV183334,2021.0,30762.0,43.0,99.8,0.38,96.96,84.27,4.0,0.172,12.9,22.7,71.6,50.4,15.5,47.6,65.3,84.8,1472.0,0,0.0,0.2,4.81
EV249081,2022.0,57019.0,123.0,84.42,0.6397,95.63,66.35,4.0,0.319,15.7,51.6,85.5,47.8,17.22,26.0,58.2,44.5,576.0,0,1.0,15.58,3.86
EV103579,2021.0,59584.0,297.0,84.72,0.5405,95.24,34.2,4.0,0.417,17.1,39.7,88.5,48.4,15.44,26.0,56.8,57.2,1012.0,0,5.0,15.28,5.07
EV256645,2024.0,29519.0,155.0,88.49,0.3916,96.65,40.27,5.0,0.51,27.8,41.2,100.0,62.1,12.48,43.7,58.8,42.9,932.0,0,2.0,11.51,1.99
EV104417,2023.0,6994.0,48.0,99.0,0.3914,94.61,69.59,2.0,0.158,10.2,25.7,85.2,39.2,7.04,23.4,72.8,77.6,1420.0,0,1.0,1.0,2.8
EV108717,2023.0,33675.0,104.0,93.19,0.4317,94.92,68.76,6.0,0.441,25.3,36.1,81.1,48.2,2.5,23.1,67.1,49.0,1297.0,0,0.0,6.81,3.04
EV253796,2015.0,134908.0,361.0,77.3,0.5261,95.39,56.0,7.0,0.375,17.0,42.2,50.7,67.4,32.81,28.2,45.8,25.6,889.0,0,5.0,22.7,11.06
EV104138,2024.0,37999.0,123.0,97.18,0.4132,97.03,110.07,3.0,0.09,22.6,49.0,100.0,45.4,17.92,23.5,59.2,85.2,1395.0,0,4.0,2.82,2.01
EV275072,2024.0,22178.0,29.0,99.8,0.3236,97.22,114.05,2.0,0.147,7.1,24.7,89.2,73.4,10.85,4.4,41.9,93.3,1170.0,0,2.0,0.2,1.82
EV219744,2019.0,192894.0,482.0,59.95,0.6769,88.76,49.59,8.0,0.653,30.9,85.7,66.4,96.3,35.31,69.4,27.3,0.0,425.0,1,3.0,40.05,7.2
EV105548,2022.0,119688.0,259.0,83.77,0.5365,92.69,76.86,4.0,0.432,43.9,97.0,86.7,57.1,22.92,41.7,53.4,8.9,1033.0,0,3.0,16.23,4.1
EV167963,2015.0,12176.0,53.0,99.8,0.3855,94.98,97.06,1.0,0.112,20.4,3.0,72.8,47.6,16.31,20.9,69.7,72.6,1428.0,0,3.0,0.2,10.96
EV296886,2017.0,162426.0,341.0,75.86,0.4904,91.94,101.1,4.0,0.293,25.6,57.0,49.3,66.0,34.54,11.8,53.5,34.8,642.0,0,4.0,24.14,8.85
EV168175,2018.0,196643.0,516.0,77.22,0.5271,92.48,53.94,7.0,0.281,43.4,81.5,65.2,59.5,23.94,33.2,52.7,51.0,732.0,0,1.0,22.78,8.03
EV272907,2019.0,3209.0,12.0,99.8,0.3749,94.9,66.31,1.0,0.052,1.5,4.5,60.6,47.3,11.62,26.9,70.8,96.9,1456.0,0,0.0,0.2,7.01
EV173709,2023.0,38770.0,174.0,88.11,0.5015,95.46,50.33,4.0,0.318,20.4,42.1,89.0,53.2,11.06,30.0,59.8,47.2,1205.0,0,3.0,11.89,3.0
EV259346,2022.0,99421.0,270.0,81.37,0.4653,94.98,75.59,8.0,0.201,36.6,82.9,86.7,72.3,26.81,35.9,47.2,60.0,1030.0,0,5.0,18.63,4.02
EV139618,2021.0,108662.0,232.0,89.09,0.4202,95.58,71.32,7.0,0.281,24.9,71.0,72.8,68.4,16.49,22.1,42.1,36.0,879.0,0,1.0,10.91,4.88
EV206386,2015.0,316405.0,952.0,47.61,0.11787,90.21,33.5,12.0,0.71,39.9,101.6,52.9,86.2,35.32,99.4,37.9,0.0,143.0,1,1.0,52.39,10.88
EV122930,2020.0,98925.0,240.0,83.59,0.5011,96.28,70.87,8.0,0.175,20.4,61.5,68.0,71.9,18.93,52.2,39.1,58.4,794.0,0,3.0,16.41,6.15
EV190677,2020.0,147848.0,858.0,60.71,0.7043,92.39,64.02,12.0,0.686,25.3,80.7,69.7,72.1,34.89,66.4,56.9,0.0,407.0,1,4.0,39.29,6.26
EV109950,2024.0,43984.0,127.0,89.43,0.4713,95.46,73.57,5.0,0.46,42.7,85.8,89.6,58.3,11.84,59.5,48.3,47.1,1224.0,0,1.0,,2.06
EV214865,2020.0,2810.0,1.0,98.31,0.3425,96.72,60.09,1.0,0.402,1.2,3.0,90.5,41.6,3.83,59.0,61.8,48.8,1442.0,0,2.0,1.69,5.03
EV232078,2019.0,88403.0,299.0,79.91,0.462,94.07,55.34,6.0,0.231,27.4,39.9,73.9,67.7,22.5,29.1,49.3,76.7,743.0,0,1.0,20.09,7.13
EV115747,2018.0,20339.0,93.0,95.88,0.4108,96.51,59.17,1.0,0.281,1.8,5.7,65.9,49.8,14.18,22.0,62.4,72.2,1333.0,0,5.0,4.12,8.19
EV161507,2022.0,110520.0,464.0,70.29,0.6551,92.77,36.28,18.0,0.718,37.3,111.1,88.0,57.4,14.32,85.2,55.5,0.0,712.0,1,4.0,29.71,3.84
EV177976,2019.0,136637.0,477.0,87.61,0.5843,92.04,41.56,11.0,0.465,19.0,64.7,82.3,75.0,21.77,27.0,43.2,0.0,455.0,0,1.0,29.92,6.89
EV202452,2024.0,9537.0,1.0,99.8,0.3893,94.71,108.99,1.0,0.213,4.9,12.7,88.2,60.1,2.06,25.8,59.7,71.4,1511.0,0,1.0,0.2,2.05
EV242663,2018.0,78549.0,119.0,87.16,0.5343,94.84,77.46,1.0,0.295,10.0,31.3,64.5,63.0,14.72,70.7,59.3,65.2,1218.0,0,0.0,12.84,7.83
EV116209,2021.0,148203.0,535.0,63.36,0.6067,91.64,41.8,10.0,0.48,20.4,107.3,74.9,79.0,31.24,35.2,56.9,1.6,404.0,1,7.0,36.64,4.9
EV280023,2017.0,139421.0,385.0,77.0,0.566,94.67,54.68,9.0,0.319,24.1,53.2,67.9,57.8,21.29,28.5,55.2,24.1,909.0,0,,23.0,9.02
EV165546,2019.0,230288.0,1083.0,58.06,0.6608,90.4,25.55,13.0,0.628,55.3,108.6,67.1,71.6,5.481,40.2,47.0,9.5,1030.0,1,0.0,41.94,6.93
EV233108,2021.0,48080.0,162.0,87.82,0.513,92.96,56.03,4.0,0.3,18.1,33.0,86.3,64.2,15.19,78.0,50.9,36.3,1200.0,0,5.0,12.18,4.99
EV259306,2024.0,12635.0,37.0,99.05,0.3689,98.75,93.55,5.0,0.236,10.6,19.9,78.2,46.6,19.62,31.9,66.6,75.4,1450.0,0,1.0,,2.2
EV234877,2024.0,25726.0,77.0,97.06,0.4805,94.91,58.82,7.0,0.181,11.8,37.1,82.9,47.8,10.54,0.0,68.8,58.0,1380.0,0,5.0,2.94,1.96
EV122452,2015.0,115497.0,317.0,73.29,0.5446,96.01,62.46,4.0,0.485,28.4,35.7,64.2,66.3,25.37,50.1,48.6,62.5,622.0,0,5.0,26.71,10.72
EV258115,2020.0,40566.0,108.0,91.93,0.4246,95.79,75.53,4.0,0.314,8.1,21.6,74.1,50.9,18.92,13.7,61.7,52.4,1276.0,0,3.0,8.07,4.03
EV257263,2020.0,89998.0,194.0,91.55,0.4504,97.17,86.86,1.0,0.03,19.2,41.3,75.8,57.9,18.33,17.6,59.4,100.0,1184.0,0,2.0,8.45,6.27
EV298300,2022.0,78549.0,1.0,99.8,0.3896,97.53,69.23,1.0,0.319,20.4,21.7,82.6,51.6,11.38,31.3,61.6,25.1,1509.0,0,3.0,0.2,4.13
EV255633,2023.0,21729.0,73.0,98.9,0.4024,97.36,122.17,3.0,0.203,21.3,28.3,74.1,48.0,10.36,10.3,56.9,90.1,1429.0,0,0.0,1.1,3.05
EV242626,2016.0,171669.0,467.0,66.9,0.5831,94.98,51.83,8.0,0.535,29.6,59.7,51.9,56.8,18.33,29.6,39.4,35.4,439.0,1,4.0,33.1,9.9
EV291066,2021.0,34979.0,36.0,98.37,0.3558,94.08,92.45,1.0,0.339,13.9,24.0,80.4,69.7,13.61,8.5,38.9,39.5,1155.0,0,3.0,1.63,4.9
EV173862,2022.0,55172.0,214.0,81.89,0.5493,91.77,30.92,8.0,0.124,26.4,38.2,87.5,65.8,20.24,35.4,50.2,74.5,913.0,0,3.0,18.11,4.15
EV202332,2019.0,85784.0,161.0,95.89,0.3924,95.53,93.78,7.0,0.27,18.0,47.1,72.5,50.0,18.33,0.0,55.0,65.3,1253.0,0,4.0,4.11,6.86
EV141972,2020.0,78204.0,248.0,78.73,0.4709,93.41,63.15,1.0,0.41,29.2,37.7,79.0,68.5,23.62,37.6,49.5,19.1,762.0,0,,21.27,6.14
EV269050,2023.0,500.0,1.0,99.8,0.366,96.05,85.85,1.0,0.305,2.4,3.0,86.2,38.1,13.49,52.4,73.2,68.9,1510.0,0,3.0,0.2,3.03
EV241551,2021.0,9996.0,1.0,99.8,0.434,97.12,116.22,4.0,0.127,8.7,10.4,87.2,42.1,2.35,33.3,68.0,92.0,1495.0,0,4.0,0.2,5.08
EV160719,2021.0,92491.0,277.0,85.46,0.4826,93.64,71.51,2.0,0.378,49.3,59.3,75.1,55.5,16.89,32.6,59.8,35.6,1044.0,0,1.0,14.54,5.21
EV256871,2024.0,4097.0,53.0,99.8,0.325,96.93,85.76,1.0,0.073,2.3,3.0,93.7,62.8,5.51,0.0,51.9,59.0,1030.0,0,1.0,0.2,2.03
EV121201,2015.0,246637.0,545.0,62.0,0.5063,90.41,53.59,9.0,0.414,28.3,71.7,54.9,91.8,38.85,68.4,39.4,10.4,413.0,1,3.0,38.0,10.93
EV271650,2020.0,224482.0,745.0,58.0,0.5899,90.4,36.64,10.0,0.9,54.0,118.3,74.8,81.5,30.73,85.0,34.2,0.0,214.0,1,1.0,42.0,6.18
EV158328,2020.0,38587.0,102.0,92.66,0.5063,97.58,66.56,4.0,0.111,18.6,26.8,65.3,61.7,14.58,0.0,56.9,77.6,1006.0,0,4.0,,5.81
EV273739,2022.0,65403.0,111.0,94.62,0.3085,94.8,113.58,5.0,0.152,31.0,58.9,77.7,64.1,14.26,20.6,55.8,86.0,1053.0,0,6.0,5.38,3.9
EV140973,2017.0,93420.0,293.0,81.15,0.5569,93.14,37.03,5.0,0.32,14.7,40.6,67.1,57.1,18.22,18.8,58.2,66.9,1038.0,0,1.0,18.85,8.89
EV192487,2020.0,86521.0,223.0,68.33,0.7197,93.43,54.12,6.0,0.486,23.9,49.6,70.6,55.0,22.29,49.4,58.8,24.8,402.0,0,2.0,31.67,6.09
EV228761,2016.0,188842.0,451.0,78.12,0.5395,95.66,68.8,1.0,0.548,34.0,64.4,70.3,51.6,18.33,41.2,65.3,15.8,780.0,0,0.0,21.88,9.83
EV203836,2020.0,14304.0,84.0,92.83,0.4697,96.76,44.68,1.0,0.437,6.7,17.1,79.2,40.5,19.55,1.0,66.5,69.0,1318.0,0,3.0,7.17,6.08
EV104199,2017.0,68262.0,178.0,95.07,0.4344,97.7,65.07,2.0,0.057,12.1,25.2,58.2,45.6,15.29,49.3,71.5,96.6,1030.0,0,1.0,4.93,9.11
EV207180,2016.0,44021.0,254.0,88.45,0.4539,96.46,43.93,3.0,0.391,4.8,47.1,55.5,59.6,30.59,28.2,55.2,93.2,1097.0,0,4.0,11.55,10.28
EV279112,2016.0,335924.0,823.0,60.44,0.7402,90.33,53.16,4.0,0.568,49.7,110.0,48.0,67.3,34.93,23.5,44.6,5.9,449.0,1,3.0,39.56,9.99
EV174541,2019.0,78549.0,372.0,72.37,0.5725,94.98,42.77,11.0,0.168,22.2,47.1,75.9,88.0,22.7,64.9,38.3,64.6,591.0,1,2.0,27.63,6.75
EV278217,2018.0,50457.0,214.0,92.31,0.4058,96.18,87.08,3.0,0.074,13.6,19.3,72.7,66.7,11.46,2.7,51.6,82.7,985.0,0,5.0,7.69,8.05
EV127615,2019.0,74874.0,354.0,80.33,0.525,94.88,46.74,7.0,0.313,14.3,34.8,75.5,59.3,11.9,46.7,51.9,37.7,943.0,0,2.0,19.67,6.9
EV260680,2021.0,24907.0,111.0,95.35,0.3707,97.6,73.85,2.0,0.284,5.1,15.4,77.8,64.5,18.17,16.7,56.7,92.3,980.0,0,4.0,4.65,4.95
EV250089,2018.0,77951.0,146.0,94.76,0.3927,98.33,89.9,6.0,0.326,11.0,35.3,73.6,42.6,14.49,19.2,71.7,75.2,1276.0,0,1.0,5.24,
EV187024,2016.0,346858.0,684.0,58.74,0.6605,91.22,57.59,7.0,0.596,38.4,116.0,35.0,79.7,38.48,49.0,48.4,21.4,305.0,1,7.0,41.26,10.15
EV108772,2022.0,35572.0,43.0,99.44,0.3716,96.09,87.8,1.0,0.352,7.4,22.3,83.9,49.5,16.23,32.6,59.9,52.1,1413.0,0,2.0,0.56,4.01
EV196894,2020.0,131938.0,388.0,69.21,0.4935,94.02,42.94,6.0,0.487,31.7,60.4,42.0,70.7,37.39,43.1,50.9,0.0,1030.0,1,2.0,30.79,8.1
EV185487,2023.0,63675.0,163.0,95.1,0.4113,97.82,54.33,11.0,0.202,29.5,61.1,84.8,48.5,18.39,23.0,67.2,100.0,1294.0,0,3.0,4.9,3.08
EV228267,2017.0,138202.0,563.0,72.04,0.6146,91.75,38.56,4.0,0.598,25.8,53.5,72.8,53.3,31.75,42.3,54.2,13.3,608.0,0,1.0,27.96,
EV215999,2021.0,32617.0,155.0,89.99,0.4172,97.28,79.93,1.0,0.374,6.2,19.6,72.8,51.3,17.8,42.7,57.8,80.0,1216.0,0,2.0,10.01,5.19
EV168449,2019.0,68024.0,216.0,85.57,0.4416,95.48,54.91,1.0,0.067,9.4,29.9,69.8,82.1,23.66,58.9,43.6,65.6,801.0,0,2.0,14.43,6.8
EV255784,2019.0,71854.0,133.0,88.01,0.4481,95.34,58.7,4.0,0.322,13.2,40.7,53.6,68.9,24.11,53.0,50.4,48.8,949.0,0,1.0,11.99,6.96
EV162081,2023.0,40328.0,77.0,98.64,0.4262,98.13,66.39,1.0,0.061,11.7,47.1,87.1,52.7,2.3325,16.7,68.0,100.0,1415.0,0,1.0,1.36,2.79
EV182147,2019.0,196338.0,496.0,67.02,0.5931,94.09,44.58,4.0,0.229,40.1,90.7,73.9,74.7,29.83,26.5,53.9,29.1,481.0,0,7.0,32.98,7.29
EV177271,2023.0,88551.0,217.0,83.18,0.5692,94.18,79.27,5.0,0.597,45.6,105.2,94.8,72.2,11.99,41.6,41.9,8.0,1069.0,0,0.0,16.82,2.93
EV145999,2021.0,49326.0,144.0,85.48,0.4155,94.98,79.72,2.0,0.133,29.9,37.3,70.8,58.4,21.09,19.0,55.2,88.3,871.0,0,5.0,14.52,5.15
EV227700,2020.0,13124.0,76.0,92.42,0.4893,96.47,89.04,1.0,0.589,7.4,9.6,84.3,45.2,2.78,44.9,63.0,29.9,1281.0,0,2.0,7.58,3.8
EV234916,2016.0,49793.0,206.0,86.53,0.5063,94.98,45.36,1.0,0.381,6.0,18.0,54.4,68.4,21.13,28.5,52.5,37.5,899.0,0,3.0,13.47,10.0
EV165455,2020.0,78912.0,201.0,87.61,0.4472,94.98,76.76,4.0,0.717,17.6,37.2,66.6,50.3,21.11,13.4,64.5,37.2,1192.0,0,3.0,8.64,6.2
EV211627,2015.0,359698.0,825.0,61.86,0.6995,94.98,51.03,11.0,0.408,45.5,112.8,62.6,65.3,24.94,61.8,47.4,33.4,451.0,1,2.0,38.14,10.76
EV173691,2018.0,186855.0,306.0,79.16,0.513,93.09,91.18,6.0,0.29,23.3,75.4,66.1,70.1,25.77,32.1,44.2,58.8,737.0,0,3.0,20.84,
EV273370,2016.0,78549.0,415.0,75.51,0.5962,93.85,33.0,4.0,0.36,11.7,31.1,58.3,60.2,12.83,38.2,55.0,40.7,843.0,0,3.0,24.49,10.0
EV249404,2024.0,52394.0,151.0,82.75,0.6012,95.29,66.43,9.0,0.319,29.1,80.5,88.9,63.9,14.04,74.8,45.5,46.6,1150.0,0,1.0,17.25,1.92
EV137755,2022.0,66313.0,155.0,93.85,0.452,96.9,112.04,7.0,0.279,38.9,69.2,85.4,51.0,16.48,27.8,64.2,48.3,1176.0,0,2.0,6.15,3.85
EV226070,2018.0,81521.0,167.0,88.8,0.4748,92.32,58.42,3.0,0.036,14.1,47.1,51.9,70.4,15.45,38.4,48.2,65.9,1260.0,0,2.0,11.2,8.01
EV242140,2017.0,134255.0,252.0,87.0,0.5365,96.71,87.63,6.0,0.186,42.0,52.4,63.1,60.3,24.72,17.8,54.1,61.3,1084.0,0,1.0,13.0,9.0
EV289093,2019.0,114688.0,306.0,81.39,0.5304,94.05,53.3,6.0,0.228,17.2,58.9,76.9,55.3,19.82,33.2,52.9,61.4,944.0,0,0.0,18.61,7.04
EV277375,2022.0,27950.0,151.0,93.91,0.4553,96.15,37.37,6.0,0.226,12.0,33.9,80.4,57.8,10.17,16.9,55.8,67.9,1231.0,0,3.0,6.09,3.91
EV272803,2020.0,51506.0,176.0,88.32,0.4927,94.72,72.43,3.0,0.562,18.8,33.7,81.7,57.5,20.45,40.1,58.6,43.1,1171.0,0,5.0,11.68,6.1
EV192507,2015.0,83277.0,165.0,87.61,0.4192,98.64,89.88,1.0,0.423,10.9,25.1,57.0,50.7,14.44,19.9,62.4,67.5,1286.0,0,2.0,2.66,10.97
EV118421,2015.0,2944.0,1.0,98.68,0.3849,96.22,114.75,1.0,0.32,2.1,3.0,50.8,52.6,18.38,33.2,57.8,62.2,1174.0,0,4.0,1.32,11.12
EV132763,2019.0,135519.0,267.0,89.54,0.4352,95.1,89.93,3.0,0.262,30.0,60.4,81.2,53.7,16.68,23.7,62.3,43.7,1091.0,0,1.0,10.46,7.26
EV150519,2015.0,122569.0,243.0,81.68,0.563,93.55,96.41,1.0,0.398,25.7,37.9,45.7,76.6,28.74,48.7,44.4,34.1,775.0,1,2.0,18.32,11.07
EV115319,2019.0,78549.0,108.0,98.47,0.3637,98.65,90.5,4.0,0.258,9.6,23.0,71.4,47.8,10.01,56.9,53.4,77.0,1370.0,0,0.0,1.53,6.7
EV159606,2021.0,87836.0,224.0,81.04,0.5183,94.97,74.57,5.0,0.242,24.8,59.5,79.1,70.3,25.12,7.2,44.3,46.6,756.0,0,3.0,18.96,5.14
EV197316,2015.0,116492.0,212.0,86.44,0.4764,93.61,102.55,1.0,0.134,22.9,33.8,54.5,53.3,9.19,41.7,62.9,73.8,1103.0,0,3.0,,10.73
EV231963,2024.0,19793.0,184.0,86.38,0.4817,94.56,53.49,2.0,0.314,17.9,39.2,81.7,51.1,13.06,35.9,52.9,64.3,1070.0,0,0.0,,2.32
EV175734,2016.0,131179.0,624.0,74.48,0.5938,93.96,32.68,4.0,0.079,14.1,46.8,56.2,58.6,28.04,23.3,56.7,56.3,613.0,0,0.0,25.52,10.16
EV270463,2016.0,85066.0,252.0,80.89,0.5751,94.09,42.74,5.0,0.455,9.4,30.9,69.8,54.0,11.9,63.7,62.1,27.0,963.0,0,2.0,19.11,9.86
EV260265,2015.0,375528.0,920.0,62.75,0.7411,91.9,64.02,12.0,0.715,33.8,115.1,50.7,66.4,46.86,53.6,52.3,3.8,1030.0,1,3.0,37.25,11.0
EV128224,2019.0,5737.0,49.0,99.0,0.3259,98.4,95.08,1.0,0.446,1.0,3.0,56.4,52.5,18.75,49.7,60.3,70.2,1132.0,0,4.0,1.0,6.82
EV179939,2021.0,156413.0,362.0,83.48,0.5496,95.37,82.01,4.0,0.534,42.7,99.8,85.0,54.3,29.92,29.1,56.9,52.1,967.0,0,1.0,16.52,5.11
EV131444,2019.0,131793.0,354.0,85.32,0.5581,95.16,64.56,3.0,0.241,36.5,63.2,57.9,67.4,17.6,19.7,46.5,76.2,1000.0,0,1.0,14.68,6.76
EV147788,2017.0,49373.0,118.0,91.68,0.4425,94.3,66.42,6.0,0.319,7.9,19.8,59.2,64.0,7.44,33.8,57.1,62.4,1039.0,0,2.0,8.32,9.09
EV197075,2019.0,95706.0,311.0,82.11,0.5191,94.45,59.96,5.0,0.084,22.2,41.3,73.3,62.6,17.65,24.3,58.9,67.7,1027.0,0,,17.89,7.08
EV145731,2021.0,127401.0,414.0,71.43,0.6718,94.27,46.61,11.0,0.509,25.6,86.3,73.3,73.9,30.29,96.8,45.6,0.0,803.0,1,5.0,28.57,4.89
EV120548,2024.0,500.0,1.0,99.8,0.3636,97.39,83.94,1.0,0.198,2.4,3.0,84.4,49.3,8.76,8.0,59.4,90.9,1515.0,0,7.0,0.2,1.67
EV129860,2015.0,354629.0,1745.0,37.11,0.7418,88.53,14.83,20.0,0.441,42.7,107.6,59.9,88.2,44.35,66.7,32.0,0.0,0.0,1,2.0,62.89,10.83
EV205234,2016.0,149421.0,543.0,71.13,0.5787,91.05,39.45,5.0,0.03,17.7,53.9,53.7,77.3,27.93,37.1,47.1,69.4,462.0,0,6.0,28.87,10.09
EV237063,2016.0,150479.0,434.0,80.14,0.5063,95.71,61.54,4.0,0.247,14.6,43.7,48.4,65.3,35.07,8.5,52.4,84.8,837.0,0,2.0,19.86,9.92
EV109577,2017.0,63712.0,141.0,92.02,0.4402,96.29,114.33,4.0,0.319,8.5,24.5,45.4,49.6,21.94,0.0,56.9,73.3,1282.0,0,3.0,7.98,8.87
EV291568,2017.0,110084.0,213.0,85.73,0.4831,93.02,74.9,3.0,0.582,20.8,38.0,68.6,52.3,8.61,45.9,54.2,29.7,1060.0,0,0.0,14.27,9.1
EV240053,2022.0,132453.0,359.0,79.05,0.6301,95.13,60.59,5.0,0.246,39.3,94.5,83.0,61.2,18.33,50.7,55.3,47.4,905.0,0,3.0,20.95,4.18
EV200272,2016.0,83417.0,223.0,83.34,0.3959,96.27,55.63,5.0,0.44,9.3,24.7,51.7,74.4,24.13,42.9,39.0,36.5,832.0,0,0.0,16.66,9.67
EV227951,2023.0,29261.0,73.0,92.95,0.5063,95.15,89.08,3.0,0.391,20.7,36.7,85.2,54.4,15.35,25.6,59.6,40.7,679.0,0,2.0,7.05,3.1
EV206098,2015.0,78549.0,258.0,84.38,0.4741,94.53,52.15,1.0,0.254,6.7,18.8,65.1,54.1,15.48,21.9,57.1,68.1,1050.0,0,1.0,15.62,10.93
EV107343,2017.0,26023.0,137.0,95.6,0.4494,95.3,42.9,1.0,0.104,1.0,3.0,53.8,45.6,12.93,21.0,63.6,84.9,1246.0,0,3.0,,8.99
EV135254,2017.0,181531.0,719.0,55.91,0.7703,88.06,28.38,10.0,0.247,56.0,69.5,65.5,100.0,29.7,65.1,23.9,40.1,287.0,1,5.0,44.09,9.01
EV153918,2019.0,144135.0,342.0,69.19,0.6099,94.89,63.77,5.0,0.339,43.7,69.6,69.0,79.2,27.36,76.5,37.0,20.9,652.0,1,2.0,30.81,7.04
EV145814,2022.0,78549.0,76.0,97.04,0.4218,96.85,68.72,3.0,0.085,5.2,13.0,94.5,52.7,9.11,27.3,58.5,82.1,1379.0,0,2.0,2.96,3.88
EV254900,2016.0,349200.0,927.0,56.14,0.8572,87.19,44.36,9.0,0.53,77.1,119.2,60.1,83.8,18.33,96.0,41.4,16.7,291.0,1,4.0,43.86,9.95
EV232867,2023.0,500.0,1.0,99.8,0.3862,98.06,54.23,1.0,0.319,2.2,3.0,92.8,32.9,10.38,0.0,72.7,92.9,806.0,0,0.0,0.2,2.99
EV199332,2021.0,76889.0,85.0,96.09,0.4423,95.27,91.46,2.0,0.318,32.8,43.6,76.8,49.5,10.99,67.6,58.5,39.6,1348.0,0,2.0,3.91,4.96
EV294761,2020.0,34165.0,47.0,89.66,0.5474,94.25,90.5,1.0,0.482,17.4,21.3,69.1,40.1,16.95,49.2,74.2,35.4,675.0,0,0.0,10.34,5.99
EV174447,2021.0,78549.0,855.0,36.22,1.1748,86.61,17.26,17.0,0.617,41.4,134.6,72.4,83.8,34.25,67.3,38.9,0.0,0.0,1,4.0,63.78,5.05
EV156753,2016.0,396264.0,1312.0,50.75,0.8335,89.64,30.27,18.0,0.343,74.5,47.1,48.8,56.8,46.83,39.3,48.8,45.9,69.0,1,2.0,49.25,9.96
EV163740,2023.0,4069.0,41.0,99.8,0.3319,99.5,63.11,6.0,0.283,11.1,16.1,100.0,45.8,8.79,24.1,69.3,71.8,1030.0,0,1.0,0.2,2.7
EV254689,2024.0,27570.0,110.0,93.12,0.4376,98.05,61.69,6.0,0.49,16.9,53.3,92.1,48.1,7.56,52.3,70.8,30.9,1320.0,0,2.0,6.88,1.96
EV149937,2019.0,168008.0,692.0,62.71,0.7427,92.8,31.59,11.0,0.835,58.3,79.8,63.7,61.8,43.82,84.8,53.6,0.0,497.0,1,4.0,37.29,7.04
EV231472,2020.0,53143.0,136.0,95.79,0.4083,97.35,61.66,9.0,0.21,25.2,56.3,96.3,53.6,2.52,31.7,54.0,71.7,1301.0,0,4.0,4.21,1.94
EV120834,2020.0,185780.0,390.0,75.81,0.5648,95.12,65.12,9.0,0.658,28.0,95.4,84.5,47.8,19.55,33.7,60.5,52.1,874.0,0,1.0,24.19,6.07
EV208922,2017.0,76473.0,379.0,77.71,0.5509,92.68,35.12,7.0,0.238,15.1,24.5,54.4,52.4,25.21,15.5,55.5,63.7,887.0,0,,22.29,8.96
EV254469,2021.0,500.0,1.0,99.17,0.4181,97.12,75.82,1.0,0.214,3.3,6.0,76.1,59.8,17.04,31.6,61.9,100.0,1175.0,0,6.0,0.83,5.18
EV199315,2018.0,36207.0,34.0,99.8,0.3969,97.13,81.51,1.0,0.387,2.7,8.9,57.9,43.6,13.87,33.2,65.9,59.9,1481.0,0,3.0,0.2,8.08
EV256961,2016.0,344528.0,1507.0,34.59,0.9904,87.51,15.83,17.0,0.385,64.7,116.7,58.7,65.2,36.3,40.0,45.0,52.1,0.0,1,2.0,65.41,10.15
EV231376,2023.0,2937.0,15.0,99.8,0.4595,97.12,95.95,4.0,0.298,1.8,3.0,73.8,46.3,17.82,44.1,71.7,73.7,808.0,0,3.0,0.2,3.21
EV164641,2016.0,34272.0,130.0,90.45,0.4205,94.33,64.02,5.0,0.599,5.5,13.7,65.1,67.0,12.6,59.5,48.3,29.1,1000.0,0,1.0,9.55,9.94
EV243816,2024.0,10433.0,42.0,98.45,0.4575,97.24,46.84,3.0,0.215,7.7,16.2,93.4,43.3,0.81,7.9,64.8,87.3,762.0,0,3.0,1.55,1.74
EV236488,2023.0,96009.0,333.0,73.31,0.7258,92.54,44.82,9.0,0.472,30.1,85.4,73.4,61.5,25.66,79.0,51.4,52.1,864.0,0,2.0,26.69,3.18
EV140151,2019.0,78549.0,126.0,91.93,0.5065,94.08,89.11,1.0,0.343,9.8,17.8,66.7,47.2,18.5,38.4,62.4,59.6,1258.0,0,0.0,8.07,
EV215019,2024.0,10308.0,37.0,92.33,0.4413,94.98,72.87,2.0,0.364,10.2,33.3,92.8,74.0,17.72,34.3,38.2,55.6,1055.0,0,4.0,7.67,1.84
EV181445,2017.0,329340.0,1178.0,55.19,0.7513,91.15,64.02,13.0,0.748,40.2,124.9,62.0,57.1,34.44,45.3,60.0,0.0,161.0,1,4.0,44.81,8.73
EV260028,2019.0,113239.0,469.0,75.54,0.6358,93.16,41.9,7.0,0.185,34.2,52.2,71.4,60.8,22.7,49.5,48.1,53.7,809.0,0,2.0,24.46,7.18
EV232106,2019.0,39004.0,127.0,93.16,0.4406,95.5,57.37,1.0,0.14,4.9,16.5,66.9,56.8,29.34,28.6,58.5,84.1,1306.0,0,1.0,6.84,7.23
EV114592,2017.0,191727.0,473.0,75.37,0.5993,96.93,64.52,4.0,0.319,23.4,75.2,65.3,62.2,24.74,23.1,57.4,71.7,822.0,0,2.0,24.63,8.84
EV143991,2020.0,39552.0,48.0,92.18,0.5159,93.21,85.94,1.0,0.379,5.2,13.9,72.8,64.4,13.93,59.4,56.9,32.2,1361.0,0,2.0,7.82,6.07
EV244295,2019.0,57631.0,240.0,89.21,0.4169,96.91,53.94,6.0,0.182,16.6,25.0,71.4,45.1,21.01,25.1,69.0,88.2,1167.0,0,4.0,10.79,6.99
EV267892,2018.0,99662.0,193.0,86.85,0.4311,93.43,82.64,2.0,0.277,11.6,40.1,74.0,54.4,18.8,8.6,62.6,69.0,887.0,0,5.0,13.15,8.02
EV182768,2023.0,23272.0,8.0,98.66,0.4234,98.26,65.1,1.0,0.159,20.4,47.1,85.4,45.2,7.42,6.4,61.6,97.0,768.0,0,1.0,1.34,2.8
EV232186,2023.0,20182.0,56.0,96.28,0.3541,95.26,86.52,3.0,0.265,4.4,13.5,91.1,43.9,8.34,26.1,66.7,65.1,1413.0,0,4.0,3.72,3.13
EV175659,2015.0,241958.0,553.0,69.52,0.6166,94.98,69.66,5.0,0.553,22.6,73.3,57.7,54.1,24.62,40.9,57.0,37.2,682.0,1,3.0,30.48,11.02
EV287269,2021.0,87141.0,105.0,95.47,0.4734,96.13,98.37,6.0,0.172,18.0,54.1,75.3,45.6,8.19,33.2,68.1,70.1,1367.0,0,,4.53,
EV259422,2018.0,11569.0,45.0,96.45,0.3041,98.01,69.99,2.0,0.07,1.4,3.0,61.4,68.1,12.21,18.7,54.0,82.7,1102.0,0,4.0,3.55,7.98
EV132295,2020.0,272666.0,701.0,66.66,0.6308,93.37,50.24,8.0,0.826,27.8,96.5,67.9,67.1,25.55,56.0,41.9,0.0,502.0,1,4.0,33.34,9.15
EV190865,2017.0,264007.0,1023.0,57.44,0.7448,92.84,30.47,8.0,0.338,47.4,102.7,62.8,68.8,32.43,39.3,50.1,52.1,275.0,1,5.0,42.56,8.67
EV278214,2017.0,31052.0,214.0,98.21,0.3179,98.91,63.86,1.0,0.112,3.8,11.3,61.8,64.3,19.27,23.7,58.0,100.0,1096.0,0,3.0,1.79,8.9
EV285386,2016.0,121031.0,507.0,77.46,0.5712,92.51,38.42,4.0,0.12,25.2,41.2,50.0,59.2,27.31,8.4,52.2,31.8,766.0,1,6.0,22.54,9.9
EV188037,2021.0,62832.0,133.0,87.54,0.5121,96.92,77.11,2.0,0.111,24.9,45.3,84.3,42.0,17.39,18.6,69.7,59.8,563.0,0,2.0,12.46,5.26
EV271006,2019.0,111665.0,370.0,77.82,0.5063,94.14,62.04,4.0,0.279,31.0,56.9,68.8,74.2,29.8,29.6,46.1,63.6,674.0,0,0.0,22.18,6.96
EV238017,2022.0,51320.0,181.0,89.93,0.5081,98.14,79.76,1.0,0.188,17.8,30.2,87.6,43.7,15.95,46.3,64.6,80.2,1196.0,0,1.0,10.07,4.08
EV296515,2021.0,69512.0,190.0,86.78,0.4712,93.89,63.01,3.0,0.615,29.9,40.6,82.7,55.1,13.02,33.2,50.4,15.7,1145.0,0,2.0,13.22,
EV176188,2024.0,37567.0,31.0,94.3,0.3938,95.23,70.85,11.0,0.139,27.9,75.6,75.7,62.7,27.3,14.3,56.2,89.1,1075.0,0,0.0,5.7,1.79
EV236902,2024.0,31261.0,69.0,94.16,0.3627,95.91,72.11,4.0,0.344,24.3,71.8,86.5,65.2,12.89,69.0,53.0,40.7,1037.0,0,3.0,5.84,1.71
EV297426,2019.0,57341.0,164.0,85.68,0.445,98.74,53.5,4.0,0.567,11.7,32.2,88.1,56.8,15.7,70.8,46.0,51.6,854.0,0,1.0,14.32,7.11
EV148846,2015.0,167402.0,388.0,80.17,0.4284,95.78,63.11,2.0,0.23,30.6,51.2,67.1,71.9,20.56,9.9,44.8,91.6,650.0,0,1.0,19.83,11.1
EV273241,2022.0,62997.0,284.0,78.74,0.5234,94.06,44.77,9.0,0.167,25.7,64.5,84.6,68.8,19.2,74.2,49.7,73.0,717.0,0,2.0,21.26,3.85
EV103343,2018.0,107869.0,214.0,82.93,0.4472,94.68,64.45,5.0,0.37,42.8,53.4,69.9,60.9,25.76,41.0,50.1,44.1,795.0,0,4.0,17.07,7.8
EV209300,2016.0,97436.0,486.0,75.26,0.6026,93.7,31.86,4.0,0.291,19.2,28.2,58.4,51.4,19.97,22.5,68.0,57.1,742.0,0,3.0,24.74,9.94
EV230106,2018.0,63209.0,195.0,80.71,0.5796,93.63,61.74,1.0,0.301,17.7,25.0,69.9,52.1,22.13,33.2,61.2,54.7,468.0,0,1.0,19.29,7.86
EV155331,2019.0,81809.0,243.0,87.61,0.4927,92.9,59.16,5.0,0.351,22.7,39.7,67.7,59.2,19.2,26.4,54.2,51.3,1034.0,0,1.0,12.39,7.12
EV187064,2019.0,19455.0,1.0,99.8,0.3115,96.63,57.7,1.0,0.275,1.4,4.3,81.7,56.8,6.79,11.4,59.8,80.2,1211.0,0,0.0,0.2,7.2
EV244249,2023.0,40323.0,43.0,97.11,0.3642,98.51,86.13,4.0,0.625,16.9,52.2,82.4,61.1,22.79,28.6,56.1,44.5,1113.0,0,3.0,,
EV251418,2021.0,143527.0,311.0,77.83,0.6266,94.06,61.88,7.0,0.575,25.6,85.2,70.2,69.5,23.14,63.7,44.7,0.0,939.0,0,2.0,22.17,5.11
EV103150,2016.0,303124.0,214.0,56.18,0.667,89.58,40.52,10.0,0.545,36.5,98.1,58.8,91.2,31.18,32.7,33.5,0.0,249.0,1,4.0,43.82,9.82
EV299897,2016.0,29158.0,1.0,99.8,0.3957,96.56,89.82,4.0,0.13,2.9,8.2,57.8,47.6,15.54,0.0,64.5,91.0,1501.0,0,0.0,,10.12
EV268851,2020.0,112265.0,263.0,82.41,0.4685,98.32,70.34,8.0,0.379,19.5,66.1,75.5,75.1,18.74,6.2,44.6,71.0,771.0,0,1.0,17.59,5.93
EV115693,2021.0,76345.0,219.0,88.96,0.4386,94.56,57.58,8.0,0.43,23.1,47.1,82.1,58.4,18.7,43.2,54.3,43.4,1175.0,0,2.0,11.04,5.15
EV192916,2020.0,31114.0,51.0,87.61,0.347,97.69,64.02,1.0,0.248,7.0,20.5,82.8,61.8,14.49,9.1,47.0,63.6,1151.0,0,0.0,0.4,5.83
EV148999,2020.0,500.0,1.0,99.8,0.3372,95.61,94.37,1.0,0.382,1.5,3.0,82.2,48.8,5.5,31.5,57.2,37.8,1515.0,0,1.0,,
EV135934,2020.0,227296.0,495.0,50.21,0.8987,90.2,45.77,13.0,0.67,41.3,135.3,69.6,66.0,41.95,55.2,49.0,52.1,170.0,1,8.0,49.79,5.75
EV119621,2016.0,121824.0,243.0,88.34,0.5075,94.23,79.39,3.0,0.07,13.3,34.3,55.8,48.0,27.55,44.8,59.2,59.5,1087.0,0,3.0,11.66,9.98
EV191529,2020.0,76441.0,301.0,86.32,0.5624,95.26,51.63,3.0,0.209,23.9,39.9,75.6,48.8,12.74,26.9,61.7,66.7,1061.0,0,1.0,13.68,5.94
EV125681,2020.0,131895.0,223.0,83.85,0.4316,94.92,108.22,3.0,0.563,20.4,65.2,67.7,59.7,20.65,32.1,50.0,34.5,846.0,0,6.0,16.15,6.35
EV212169,2024.0,58927.0,198.0,75.31,0.6266,91.69,47.98,11.0,0.628,51.0,95.2,90.7,44.5,11.66,39.4,70.5,13.7,448.0,0,0.0,24.69,1.91
EV293450,2024.0,26360.0,145.0,94.29,0.4313,99.08,51.81,9.0,0.069,18.1,29.3,89.9,58.4,6.37,23.8,56.1,96.0,1286.0,0,0.0,5.71,1.87
EV155352,2021.0,35003.0,86.0,93.17,0.4765,96.69,78.52,3.0,0.173,7.3,25.4,82.5,55.8,22.34,45.6,61.9,70.9,1364.0,0,2.0,6.83,4.84
EV144165,2021.0,5456.0,1.0,99.8,0.3424,97.76,94.9,1.0,0.505,1.9,5.2,81.3,44.0,10.32,45.5,65.1,42.4,1471.0,0,0.0,0.2,4.9
EV165631,2018.0,108770.0,214.0,66.3,0.5585,92.7,32.0,6.0,0.537,28.4,41.8,47.8,76.6,34.22,35.3,51.9,8.9,462.0,1,3.0,33.7,8.17
EV237058,2022.0,17527.0,1.0,99.8,0.293,97.1,56.53,1.0,0.216,7.9,18.1,68.3,56.8,9.56,11.5,58.4,47.5,1198.0,0,4.0,0.2,4.08
EV290042,2020.0,268399.0,1025.0,58.88,0.7473,91.17,31.66,8.0,0.402,36.5,107.4,59.0,66.3,18.33,37.0,46.2,8.1,239.0,1,6.0,41.12,9.0
EV288632,2022.0,46813.0,223.0,87.61,0.474,98.82,40.89,7.0,0.154,28.7,38.9,82.7,48.8,17.77,1.2,63.3,96.5,1115.0,0,1.0,11.06,3.94
EV232246,2021.0,150186.0,572.0,62.55,0.6298,91.62,32.79,14.0,0.727,36.0,97.7,82.5,72.0,26.18,74.2,41.2,0.0,402.0,1,3.0,37.45,5.02
EV116939,2019.0,236699.0,642.0,66.16,0.6724,92.16,53.31,8.0,1.0,40.4,117.0,70.3,63.3,30.89,69.8,50.2,0.0,611.0,1,4.0,33.84,6.78
EV207612,2023.0,8364.0,1.0,96.42,0.4077,95.08,67.75,1.0,0.367,1.2,3.0,88.5,51.8,18.33,36.7,66.2,55.6,1172.0,0,4.0,3.58,2.98
EV240595,2019.0,228027.0,1010.0,57.57,0.7695,92.38,24.73,22.0,0.474,44.9,108.6,77.6,69.8,28.65,44.6,44.5,0.0,307.0,1,3.0,42.43,6.92
EV134779,2021.0,500.0,49.0,97.94,0.3246,94.98,65.71,1.0,0.075,1.0,3.0,80.2,64.7,6.86,33.2,52.2,34.1,1122.0,0,5.0,2.06,5.2
EV238254,2021.0,4372.0,43.0,99.8,0.3229,99.5,81.64,1.0,0.391,1.6,4.2,88.8,65.4,6.86,40.1,49.3,68.0,1093.0,0,1.0,0.2,5.02
EV111930,2016.0,17450.0,1.0,99.6,0.4011,97.57,95.45,3.0,0.343,1.0,3.0,56.6,49.2,19.18,65.0,56.9,80.0,1494.0,0,2.0,0.4,9.92
EV232188,2021.0,3409.0,1.0,99.8,0.324,98.57,87.65,1.0,0.217,1.0,3.0,78.9,54.1,4.18,36.0,59.6,52.1,1172.0,0,4.0,0.2,5.39
EV214588,2022.0,50956.0,139.0,90.73,0.3913,95.51,77.83,4.0,0.532,23.1,55.1,81.2,67.4,10.02,21.7,56.9,8.4,966.0,0,,9.27,3.87
EV238717,2020.0,69350.0,123.0,99.8,0.3838,97.91,88.39,3.0,0.178,10.5,34.9,68.4,50.5,20.06,0.0,60.5,62.3,1430.0,0,3.0,0.2,5.91
EV233467,2015.0,141674.0,168.0,87.61,0.4751,94.66,114.46,4.0,0.188,27.0,44.7,65.8,45.9,8.21,22.1,64.8,37.9,1259.0,0,2.0,4.83,11.1
EV185210,2019.0,84692.0,405.0,75.49,0.6844,91.58,30.61,10.0,0.201,30.2,47.1,66.8,74.1,29.06,68.0,37.9,31.9,1030.0,1,3.0,24.51,6.77
EV218598,2019.0,79663.0,187.0,90.26,0.4905,98.89,68.69,2.0,0.169,24.3,43.9,73.3,45.8,11.23,3.4,70.0,100.0,1175.0,0,4.0,9.74,7.02
EV127847,2017.0,5225.0,1.0,97.54,0.5063,96.07,83.71,1.0,0.074,1.6,3.0,78.0,49.3,9.8,46.3,55.0,86.7,1451.0,0,1.0,2.46,9.01
EV236060,2023.0,48145.0,128.0,94.82,0.4297,97.28,76.0,7.0,0.119,14.1,48.9,89.8,49.3,12.02,41.0,56.3,71.6,1248.0,0,2.0,5.18,3.21
EV170092,2022.0,57542.0,143.0,92.23,0.4397,97.33,77.98,5.0,0.158,18.5,49.7,74.2,66.9,13.81,11.3,55.6,72.8,1020.0,0,1.0,7.77,4.01
EV168051,2015.0,78549.0,61.0,95.97,0.3912,96.33,78.34,1.0,0.409,1.0,3.0,51.2,50.3,19.69,37.0,54.7,76.5,1117.0,0,2.0,4.03,11.14
EV246459,2015.0,73741.0,443.0,72.75,0.6591,92.75,23.66,7.0,0.191,10.2,20.9,34.2,60.4,35.77,49.9,54.4,71.0,763.0,1,3.0,27.25,11.09
EV199449,2021.0,48799.0,124.0,87.35,0.5583,97.07,77.22,4.0,0.105,9.2,30.3,66.6,49.9,26.31,54.2,68.8,100.0,1174.0,0,4.0,12.65,5.05
EV108332,2020.0,112307.0,347.0,83.52,0.4446,93.6,56.08,3.0,0.033,20.5,40.6,72.8,68.1,14.44,26.4,47.7,71.1,1030.0,0,6.0,16.48,8.73
EV157984,2024.0,78369.0,181.0,84.18,0.4647,97.67,59.16,4.0,0.598,20.4,116.0,84.4,73.4,18.86,49.4,43.1,17.8,887.0,1,7.0,15.82,1.98
EV225472,2023.0,55721.0,201.0,82.19,0.475,95.98,56.15,7.0,0.338,19.1,52.4,86.8,62.3,22.02,53.4,54.3,62.5,761.0,0,3.0,17.81,2.95
EV180821,2024.0,17266.0,34.0,99.72,0.441,98.37,53.6,1.0,0.379,3.3,9.5,95.2,42.6,10.07,37.7,76.0,84.2,1528.0,0,1.0,0.28,1.6
EV127267,2018.0,80903.0,209.0,85.13,0.5165,95.02,53.89,4.0,0.281,11.0,31.7,66.9,56.1,22.21,35.8,57.0,52.1,1106.0,0,1.0,14.87,8.14
EV252487,2018.0,78549.0,452.0,76.07,0.6332,94.98,39.15,6.0,0.408,20.4,48.4,61.1,66.3,25.84,50.2,48.1,38.0,754.0,1,5.0,23.93,8.18
EV227070,2016.0,50237.0,243.0,90.63,0.4858,93.08,33.24,5.0,0.148,8.0,19.5,63.1,56.8,18.98,55.2,52.4,80.3,1162.0,0,2.0,9.37,9.99
EV282584,2019.0,76813.0,143.0,87.61,0.5511,94.22,73.2,2.0,0.629,12.9,42.8,85.6,50.9,15.31,24.4,61.2,13.1,1214.0,0,0.0,11.01,6.67
EV111795,2020.0,12381.0,84.0,91.72,0.4291,95.54,36.92,1.0,0.505,1.3,3.0,57.1,55.1,28.8,31.9,58.4,13.5,1293.0,0,0.0,8.28,5.96
EV268024,2020.0,29258.0,70.0,93.32,0.4903,94.62,73.76,8.0,0.397,20.4,58.1,88.1,42.8,6.39,32.6,63.5,40.1,1030.0,0,4.0,6.68,2.03
EV236625,2015.0,125818.0,559.0,73.46,0.617,97.71,32.67,2.0,0.347,13.7,37.2,60.9,56.2,30.19,22.0,58.2,61.8,709.0,0,1.0,26.54,11.18
EV272206,2021.0,136950.0,264.0,82.55,0.4661,94.8,99.44,7.0,0.511,64.0,93.1,65.5,67.9,23.3,53.0,43.9,13.0,1040.0,1,2.0,17.45,5.08
EV121830,2019.0,148084.0,280.0,84.46,0.5414,96.04,96.49,4.0,0.596,21.7,65.9,88.0,63.4,17.13,41.5,48.4,39.4,1008.0,0,4.0,15.54,7.08
EV298609,2022.0,63829.0,214.0,84.27,0.4166,96.59,85.6,4.0,0.319,16.6,53.4,90.5,64.0,19.0,41.1,50.1,76.2,895.0,0,3.0,15.73,3.93
EV131164,2016.0,87876.0,191.0,89.86,0.3705,94.18,106.18,2.0,0.054,18.9,30.7,54.1,60.6,18.33,9.6,48.9,61.6,932.0,0,4.0,10.14,10.09
EV183731,2020.0,174564.0,495.0,49.44,0.869,89.28,37.25,9.0,0.782,38.7,101.1,77.9,54.5,26.84,33.2,66.6,0.0,136.0,1,2.0,50.56,6.07
EV274088,2015.0,23495.0,91.0,81.06,0.5735,95.77,53.65,3.0,0.693,1.0,3.0,42.1,63.9,26.11,76.7,49.7,52.1,1163.0,0,2.0,18.94,11.26
EV279499,2022.0,65516.0,140.0,91.72,0.451,96.79,85.21,7.0,0.392,20.4,46.7,92.1,54.0,14.35,29.2,51.2,70.1,1235.0,0,4.0,8.28,4.19
EV211964,2016.0,500.0,1.0,99.8,0.3732,94.98,82.73,1.0,0.162,1.0,3.0,54.8,48.0,16.59,20.2,63.1,85.3,1501.0,0,6.0,0.2,10.3
EV240733,2020.0,165182.0,460.0,87.61,0.5063,95.57,53.1,5.0,0.038,20.4,47.6,51.1,68.0,24.85,54.3,51.1,89.0,834.0,1,1.0,24.74,10.98
EV146177,2019.0,115792.0,287.0,87.61,0.4853,94.08,64.02,10.0,0.149,22.6,54.9,67.5,59.6,16.02,27.3,53.2,45.4,1072.0,0,2.0,13.76,7.0
EV201464,2018.0,167826.0,300.0,80.01,0.5937,91.82,76.78,8.0,0.64,51.1,74.3,71.0,56.8,15.59,54.7,37.1,0.0,940.0,0,1.0,19.99,7.89
EV210178,2018.0,260177.0,861.0,63.66,0.6688,92.31,40.73,12.0,0.42,20.4,111.7,61.9,64.6,32.07,56.9,54.4,23.9,426.0,1,5.0,36.34,
EV262445,2024.0,500.0,1.0,99.8,0.4087,97.12,84.27,3.0,0.183,6.3,12.9,84.7,36.4,0.02,40.4,74.2,70.8,838.0,0,2.0,0.2,2.04
EV195467,2020.0,18678.0,82.0,93.89,0.4051,96.14,62.59,1.0,0.629,4.5,12.8,85.7,56.8,7.89,71.0,59.7,44.2,1356.0,0,2.0,6.11,4.01
EV183039,2016.0,95814.0,286.0,85.77,0.5273,94.13,60.11,4.0,0.082,8.3,28.1,59.2,60.3,20.08,16.8,49.5,77.1,1065.0,0,5.0,14.23,9.77
EV261860,2019.0,105848.0,175.0,88.08,0.4106,93.94,80.5,4.0,0.166,24.2,53.0,65.7,64.6,21.24,11.6,50.5,61.7,838.0,0,4.0,11.92,6.96
EV109562,2022.0,41724.0,220.0,89.77,0.4412,93.77,57.09,4.0,0.321,15.6,38.8,79.3,51.7,22.1,38.7,62.7,32.2,1135.0,0,4.0,10.23,4.09
EV294410,2020.0,113538.0,214.0,82.65,0.4745,95.7,52.56,8.0,0.503,28.5,68.2,78.7,38.6,17.73,56.8,70.2,27.3,966.0,0,1.0,17.35,5.87
EV262027,2019.0,85750.0,333.0,85.31,0.5063,94.01,49.31,5.0,0.255,15.2,39.1,72.8,54.2,17.34,9.6,58.6,73.9,988.0,0,2.0,14.69,7.07
EV234654,2021.0,78549.0,214.0,92.78,0.4328,97.35,92.72,2.0,0.371,23.3,44.2,85.0,47.3,13.79,62.2,65.0,17.5,1196.0,0,2.0,7.22,5.16
EV228421,2017.0,120786.0,200.0,86.34,0.5173,95.12,93.46,1.0,0.277,27.6,41.3,66.9,57.5,17.79,37.5,54.4,46.5,1147.0,0,2.0,13.66,9.14
EV153693,2018.0,13179.0,95.0,92.44,0.3345,94.13,55.21,1.0,0.58,1.0,3.0,74.1,61.4,15.49,36.7,49.6,30.8,1042.0,0,4.0,7.56,8.24
EV240181,2016.0,170272.0,515.0,72.53,0.5929,94.05,49.66,6.0,0.227,33.7,60.4,52.6,61.0,31.52,15.8,56.8,45.1,737.0,0,0.0,27.47,10.06
EV168154,2021.0,139455.0,251.0,87.94,0.5079,95.82,82.58,11.0,0.484,40.3,92.1,69.7,51.1,29.45,16.8,62.8,63.5,1120.0,0,3.0,12.06,5.08
EV143181,2018.0,211254.0,593.0,56.55,0.824,94.98,41.81,8.0,0.439,36.7,87.1,59.6,82.1,28.16,100.0,43.1,0.0,548.0,1,5.0,43.45,8.01
EV168611,2024.0,500.0,1.0,99.8,0.3581,98.72,39.81,1.0,0.374,1.0,3.0,84.4,58.4,10.69,33.2,47.2,82.1,1209.0,0,0.0,0.2,2.06
EV237507,2023.0,500.0,2.0,99.8,0.3979,96.19,77.33,2.0,0.325,1.7,3.0,93.6,42.8,10.93,14.9,68.3,40.1,1468.0,0,2.0,0.2,3.09
EV244016,2021.0,69446.0,124.0,91.9,0.3694,96.5,110.48,3.0,0.075,15.8,54.5,76.3,58.1,11.58,24.7,53.8,83.4,992.0,0,3.0,8.1,5.25
EV222600,2018.0,82549.0,235.0,87.56,0.4299,94.98,56.18,3.0,0.321,18.6,31.9,59.6,53.3,15.27,33.2,57.0,52.2,1119.0,0,3.0,12.44,8.16
EV117168,2024.0,49161.0,214.0,87.29,0.4503,93.11,35.99,12.0,0.314,34.4,81.8,91.1,48.3,15.07,51.2,61.1,22.0,1083.0,0,2.0,12.71,2.21
EV245421,2020.0,78549.0,249.0,72.95,0.6518,92.0,82.74,4.0,0.376,41.8,72.7,77.3,60.7,37.81,52.4,44.3,2.3,388.0,1,5.0,27.05,5.94
EV218073,2021.0,144343.0,300.0,84.83,0.5064,95.31,94.43,6.0,0.403,35.4,97.5,74.3,64.6,23.58,52.4,47.7,35.2,1017.0,0,,15.17,5.23
EV226280,2019.0,128334.0,347.0,80.29,0.5883,94.43,68.88,3.0,0.327,32.3,72.0,61.2,58.0,22.24,39.6,52.5,15.7,949.0,0,5.0,19.71,7.01
EV191439,2015.0,133006.0,263.0,80.83,0.5255,94.87,74.45,6.0,0.366,31.6,39.0,61.8,53.4,25.58,35.3,60.7,40.0,966.0,0,4.0,19.17,10.97
EV111630,2019.0,100312.0,226.0,91.45,0.499,96.74,108.42,4.0,0.06,35.7,46.5,77.2,51.4,8.25,10.9,58.6,79.1,1161.0,0,0.0,8.55,6.97
EV109835,2018.0,217562.0,1006.0,58.8,0.6981,90.84,24.66,4.0,0.118,25.0,83.9,58.4,64.8,38.52,30.4,46.9,61.0,235.0,1,5.0,41.2,8.05
EV248238,2017.0,122511.0,306.0,86.88,0.5211,95.32,67.7,4.0,0.283,13.6,45.4,63.0,50.7,27.82,28.7,64.1,60.0,1067.0,0,,13.12,9.05
EV240023,2024.0,65620.0,45.0,93.15,0.4209,94.57,81.79,8.0,0.659,27.4,85.1,85.4,53.5,13.64,50.2,55.2,51.4,1365.0,0,0.0,6.85,2.21
EV282137,2015.0,225366.0,793.0,65.27,0.6897,91.08,38.58,9.0,0.29,30.5,68.4,59.3,73.1,34.28,22.2,43.3,47.5,1030.0,1,3.0,34.73,10.8
EV242926,2022.0,55280.0,173.0,93.28,0.4182,96.86,88.21,1.0,0.311,20.2,50.9,82.0,53.8,17.86,2.2,52.8,52.1,1279.0,0,2.0,6.72,4.11
EV279252,2016.0,155904.0,298.0,83.74,0.4762,93.81,84.12,2.0,0.304,21.6,52.9,65.4,59.8,15.45,21.6,55.8,77.4,733.0,0,4.0,16.26,
EV223802,2020.0,145381.0,492.0,68.96,0.545,92.29,43.4,5.0,0.681,15.5,52.7,68.5,69.7,24.85,67.7,43.4,0.0,535.0,1,4.0,31.04,8.94
EV264051,2020.0,57937.0,214.0,95.06,0.3804,97.38,62.33,6.0,0.204,22.6,34.1,71.2,48.1,17.74,25.0,53.3,84.3,1269.0,0,1.0,4.94,5.77
EV292667,2019.0,129722.0,305.0,85.17,0.4652,94.79,62.25,2.0,0.031,21.8,61.7,72.1,52.8,17.78,12.7,60.9,96.6,982.0,0,4.0,14.83,6.98
EV247529,2017.0,176402.0,442.0,79.99,0.5646,97.13,64.57,5.0,0.359,20.4,58.0,59.6,62.6,26.17,24.7,57.1,71.2,1030.0,0,6.0,20.01,9.05
EV248534,2020.0,241105.0,915.0,58.62,0.7486,90.2,32.88,10.0,0.541,46.2,122.3,72.8,62.4,25.64,71.7,55.5,4.0,271.0,1,3.0,41.38,6.11
EV169524,2020.0,49764.0,120.0,97.85,0.368,96.46,58.98,1.0,0.319,12.4,25.5,87.6,47.9,10.77,15.8,67.2,89.2,1387.0,0,3.0,2.15,5.92
EV235785,2020.0,137440.0,436.0,56.07,0.8689,93.22,36.52,7.0,0.416,38.4,82.9,77.2,64.9,27.72,51.1,52.3,0.8,201.0,1,1.0,43.93,6.03
EV208708,2015.0,3006.0,1.0,99.8,0.39,97.99,54.85,1.0,0.199,2.0,3.9,55.9,56.9,21.22,71.1,64.3,74.6,1542.0,0,2.0,0.2,11.17
EV109024,2015.0,162312.0,265.0,86.31,0.5053,95.03,103.88,2.0,0.192,30.0,50.9,56.7,56.8,35.448,23.9,63.7,52.1,1050.0,0,2.0,13.69,10.73
EV230988,2021.0,73774.0,178.0,92.77,0.429,95.41,81.37,4.0,0.371,26.3,41.0,91.1,56.8,14.59,13.4,67.0,52.1,1252.0,0,3.0,7.23,4.76
EV101674,2019.0,80842.0,310.0,67.43,0.7312,92.44,38.57,5.0,0.375,20.5,39.9,74.5,56.8,21.1,32.6,62.3,48.8,348.0,0,3.0,32.57,7.08
EV129760,2021.0,83760.0,235.0,86.68,0.5108,95.96,80.46,4.0,0.113,21.3,60.2,80.1,51.1,7.48,45.0,67.1,71.9,1156.0,0,2.0,13.32,5.09
EV132524,2021.0,74673.0,175.0,87.27,0.5129,94.69,51.48,4.0,0.602,18.4,47.1,75.9,55.3,15.14,50.6,48.2,8.1,1100.0,0,0.0,12.73,4.92
EV253613,2018.0,113298.0,359.0,67.17,0.6985,89.93,43.35,2.0,0.144,26.0,46.1,56.9,82.9,34.95,71.6,41.3,47.8,601.0,1,5.0,32.83,8.35
EV270945,2023.0,14161.0,214.0,99.8,0.3959,96.03,50.63,2.0,0.095,1.0,3.0,79.0,50.1,5.91,9.2,63.9,77.4,1465.0,0,2.0,0.2,2.91
EV217605,2021.0,113151.0,247.0,82.59,0.5449,95.1,82.51,7.0,0.645,39.8,75.7,91.9,58.2,20.72,68.3,50.9,0.0,1034.0,0,0.0,17.41,4.91
EV235615,2021.0,43784.0,131.0,84.42,0.5641,94.8,56.15,7.0,0.655,10.8,35.1,81.6,48.4,32.53,52.6,66.7,20.9,581.0,0,4.0,15.58,4.95
EV124403,2024.0,19437.0,123.0,95.28,0.4496,98.62,44.18,5.0,0.627,12.9,33.6,88.5,44.8,10.37,25.6,64.8,24.1,1259.0,0,0.0,4.72,1.98
EV276265,2017.0,100543.0,252.0,87.9,0.4933,95.73,79.98,2.0,0.345,14.0,39.7,63.8,57.0,16.65,26.4,57.9,40.6,1102.0,0,0.0,12.1,9.12
EV117590,2018.0,104315.0,212.0,90.92,0.4306,96.4,112.42,2.0,0.212,16.4,43.8,72.1,53.4,11.04,0.0,63.8,73.4,1215.0,0,1.0,9.08,8.08
EV122697,2017.0,102403.0,226.0,88.48,0.4303,94.24,81.23,3.0,0.071,22.2,40.9,53.7,66.1,22.61,20.2,52.0,98.6,889.0,0,0.0,,8.96
EV142333,2022.0,65974.0,198.0,83.99,0.4349,94.01,47.76,7.0,0.483,20.4,63.6,88.1,57.1,17.1,18.3,55.1,39.4,893.0,0,0.0,,3.99
EV165971,2017.0,500.0,16.0,99.8,0.2855,97.01,87.5,1.0,0.319,1.8,3.0,72.7,47.3,1.9545,11.9,64.0,57.8,1513.0,0,1.0,0.2,8.86
EV202873,2019.0,117947.0,377.0,71.4,0.668,91.48,47.4,3.0,0.633,20.4,61.8,56.1,81.1,30.1,50.1,56.9,52.1,779.0,1,3.0,28.6,6.87
EV124612,2015.0,369527.0,1181.0,48.76,0.6809,88.82,30.71,10.0,0.478,20.4,114.7,54.8,81.7,43.95,54.3,43.1,0.0,0.0,1,3.0,51.24,10.96
EV230919,2016.0,155233.0,414.0,80.48,0.5874,94.86,49.94,6.0,0.36,31.7,51.2,66.3,47.4,17.38,41.3,67.7,39.6,877.0,0,0.0,19.52,10.06
EV206414,2017.0,68777.0,141.0,89.24,0.4088,94.9,56.69,2.0,0.25,10.1,26.4,69.5,60.8,17.26,47.6,62.9,52.1,918.0,0,4.0,10.76,8.92
EV282769,2021.0,108453.0,471.0,78.67,0.5323,93.47,35.54,11.0,0.298,17.9,61.7,75.1,58.4,23.11,36.7,57.6,53.3,795.0,0,1.0,21.33,5.13
EV210929,2019.0,77865.0,382.0,77.13,0.5022,95.6,31.04,8.0,0.468,12.0,39.5,78.9,65.3,21.03,27.1,50.7,71.5,639.0,0,4.0,22.87,7.04
EV171446,2023.0,78549.0,57.0,94.4,0.4705,95.13,91.49,5.0,0.169,17.0,42.8,90.7,42.6,6.09,0.0,71.6,82.0,712.0,0,3.0,5.6,3.06
EV286211,2020.0,217928.0,655.0,64.69,0.6994,91.81,48.28,7.0,0.319,41.6,123.4,59.0,67.4,31.4,48.8,48.6,0.1,584.0,1,2.0,35.31,6.24
EV263152,2021.0,63589.0,237.0,90.17,0.4945,94.98,46.9,6.0,0.042,14.1,43.4,84.3,50.0,14.07,62.9,61.5,89.0,1113.0,0,,9.83,4.9
EV109867,2024.0,11977.0,12.0,99.8,0.3983,97.11,85.99,3.0,0.354,7.9,15.4,84.7,47.6,6.39,17.6,61.0,57.8,1451.0,0,3.0,0.2,1.87
EV174358,2021.0,6356.0,8.0,97.79,0.3851,95.83,81.49,3.0,0.324,6.1,11.0,82.1,72.9,12.59,65.7,56.3,72.1,1164.0,0,3.0,2.21,4.88
EV161240,2020.0,123301.0,300.0,79.81,0.5354,94.65,68.06,2.0,0.139,31.6,53.5,66.9,56.8,20.16,46.1,45.4,50.1,709.0,0,1.0,20.19,7.18
EV283055,2023.0,500.0,19.0,99.8,0.4211,97.92,68.82,2.0,0.152,1.4,3.0,92.3,44.6,4.0,43.8,70.2,84.6,1478.0,0,3.0,0.2,
EV206514,2019.0,74686.0,137.0,92.68,0.4184,96.2,78.67,4.0,0.461,22.8,31.5,74.6,50.5,11.98,32.5,56.7,48.5,1258.0,0,3.0,7.32,6.8
EV264494,2024.0,8005.0,1.0,99.8,0.3723,94.98,94.27,1.0,0.333,6.3,20.4,95.9,48.0,12.98,4.5,57.9,76.5,1571.0,0,2.0,0.2,2.06
EV141066,2023.0,38233.0,159.0,96.07,0.5063,97.72,48.12,1.0,0.112,12.0,37.9,89.1,47.1,12.21,33.2,61.7,91.1,1326.0,0,1.0,3.93,3.06
EV260623,2023.0,25009.0,42.0,97.88,0.3933,98.1,73.44,1.0,0.184,6.0,17.3,84.0,54.1,8.11,45.8,60.4,79.0,1446.0,0,1.0,2.12,2.85
EV209903,2021.0,188347.0,504.0,63.49,0.6293,89.29,46.06,15.0,0.659,20.4,114.2,84.1,79.4,28.89,64.0,36.1,0.0,427.0,1,5.0,36.51,4.94
EV236723,2022.0,69965.0,120.0,90.43,0.4327,93.91,111.95,5.0,0.178,16.3,56.0,88.6,50.6,13.18,15.2,64.7,72.5,620.0,0,1.0,9.57,3.87
EV281059,2022.0,20205.0,1.0,96.79,0.5063,97.34,66.03,4.0,0.128,20.4,47.1,85.5,46.7,14.6,37.9,59.0,68.0,1461.0,0,0.0,3.21,4.17
EV203597,2018.0,86902.0,174.0,80.04,0.6367,95.71,73.87,1.0,0.332,11.1,36.0,79.2,48.8,16.76,13.8,61.3,62.3,508.0,0,4.0,19.96,8.21
EV191033,2018.0,34530.0,97.0,93.21,0.3767,96.5,58.59,1.0,0.391,5.6,16.9,62.3,67.1,11.69,13.2,49.0,56.4,1022.0,0,3.0,6.79,8.18
EV285213,2017.0,401472.0,1073.0,55.73,0.7199,91.21,41.47,11.0,0.521,59.3,151.2,60.0,71.9,33.44,55.8,44.7,0.0,241.0,1,2.0,44.27,9.04
EV257515,2015.0,72002.0,3.0,99.8,0.3958,98.47,120.83,1.0,0.201,15.7,21.0,52.2,55.2,15.99,6.9,64.6,66.1,1464.0,0,3.0,0.2,11.08
EV154744,2020.0,25038.0,51.0,99.8,0.3881,96.57,92.85,2.0,0.379,20.4,12.7,63.8,42.5,14.37,14.8,67.5,72.1,1488.0,0,1.0,0.2,
EV272859,2018.0,175234.0,526.0,78.54,0.5112,93.52,51.43,6.0,0.247,33.0,65.3,78.3,51.1,19.39,15.3,66.3,62.6,751.0,0,2.0,21.46,8.39
EV244250,2016.0,358306.0,214.0,67.78,0.6322,91.47,73.25,9.0,0.683,63.2,117.1,55.7,63.2,24.67,52.9,53.6,0.0,601.0,1,2.0,32.22,10.01
EV143786,2018.0,92076.0,214.0,86.81,0.5063,96.7,80.95,1.0,0.31,20.4,38.6,84.0,63.0,10.57,41.2,50.4,59.9,873.0,0,5.0,13.19,7.94
EV247539,2018.0,143266.0,538.0,78.23,0.5362,95.86,45.33,5.0,0.319,16.0,54.0,67.4,57.4,21.77,36.7,52.7,86.5,770.0,0,2.0,21.77,8.07
EV190524,2016.0,23247.0,124.0,94.93,0.3915,92.07,37.11,4.0,0.514,7.2,11.1,56.1,49.6,13.85,42.4,64.0,38.7,1287.0,0,1.0,5.07,9.79
EV248030,2016.0,76805.0,263.0,81.4,0.5858,95.5,49.29,2.0,0.223,7.4,25.4,68.6,52.9,17.01,50.3,49.7,66.9,1002.0,0,3.0,18.6,9.81
EV273246,2020.0,70713.0,450.0,81.49,0.5456,96.33,24.67,8.0,0.038,32.4,43.5,72.8,53.8,19.86,17.0,54.0,100.0,841.0,0,1.0,18.51,5.89
EV145154,2024.0,22895.0,104.0,88.8,0.5126,96.59,53.06,3.0,0.715,24.7,41.9,85.7,62.7,16.37,64.1,53.9,17.0,1218.0,0,2.0,11.2,
EV229242,2024.0,28446.0,80.0,95.44,0.4022,94.67,54.3,6.0,0.58,14.1,48.6,89.2,48.1,1.74,36.7,61.9,37.8,1396.0,0,1.0,4.56,1.89
EV198747,2020.0,18388.0,21.0,99.6,0.4463,96.71,87.67,4.0,0.322,14.1,17.9,75.0,63.7,15.06,54.5,48.9,59.1,1451.0,0,2.0,0.4,4.28
EV265499,2024.0,29549.0,51.0,96.64,0.3152,95.17,123.21,1.0,0.554,21.2,36.7,100.0,68.2,5.68,24.3,53.9,25.0,1099.0,0,2.0,3.36,2.0
EV148138,2021.0,100001.0,164.0,82.88,0.6263,94.85,99.89,1.0,0.468,19.0,65.6,67.9,50.6,14.31,16.9,59.2,42.7,491.0,0,0.0,17.12,5.1
EV178039,2020.0,94003.0,211.0,91.69,0.4435,95.54,64.02,3.0,0.217,10.7,32.2,55.2,62.8,20.55,9.0,54.5,71.2,1228.0,0,1.0,8.31,9.01
EV144170,2020.0,137746.0,328.0,77.62,0.6865,91.5,64.02,7.0,0.214,28.5,72.9,68.4,66.7,20.08,53.2,50.3,33.5,896.0,0,,22.38,6.09
EV170509,2021.0,94595.0,279.0,81.92,0.4773,94.69,43.05,8.0,0.576,15.7,52.9,66.8,77.0,16.83,41.7,47.3,47.1,758.0,0,2.0,18.08,5.3
EV280877,2021.0,16289.0,106.0,98.76,0.4272,97.19,49.41,2.0,0.098,6.8,20.8,79.8,48.5,9.36,9.6,57.1,97.5,1389.0,0,0.0,1.24,
EV220584,2022.0,52307.0,165.0,93.83,0.3418,93.28,77.43,3.0,0.388,22.6,54.6,92.0,48.6,8.92,39.9,62.3,44.4,1262.0,0,2.0,6.17,3.93
EV246516,2015.0,22584.0,70.0,96.91,0.3284,95.29,90.01,1.0,0.439,4.3,9.6,61.7,56.0,23.24,35.9,57.8,44.5,1092.0,0,3.0,3.09,11.02
EV283628,2023.0,78549.0,219.0,93.34,0.4775,95.56,73.87,4.0,0.12,22.0,66.4,89.9,47.5,12.9,0.0,60.4,58.9,1204.0,0,,6.66,3.14
EV162226,2017.0,187198.0,574.0,70.98,0.6019,91.0,51.83,5.0,0.377,29.9,74.6,62.0,73.6,26.8,43.0,49.9,52.1,641.0,1,4.0,29.02,9.09
EV244598,2017.0,343910.0,867.0,48.16,0.8901,91.58,39.4,4.0,0.449,42.9,130.5,69.6,68.0,18.33,45.1,47.2,38.4,0.0,1,2.0,51.84,9.04
EV299321,2024.0,6606.0,33.0,96.4,0.4277,97.44,77.28,1.0,0.401,1.9,4.9,85.2,50.7,13.04,23.0,59.5,67.5,1349.0,0,2.0,3.6,1.98
EV239781,2020.0,118814.0,230.0,81.04,0.6059,93.44,84.8,3.0,0.319,43.1,61.4,71.6,62.0,17.7,71.9,59.6,14.0,1068.0,0,2.0,18.96,6.11
EV281425,2017.0,5188.0,18.0,98.39,0.2967,95.15,92.61,2.0,0.295,1.5,3.0,55.9,57.8,17.97,14.1,56.9,46.8,1200.0,0,0.0,1.61,8.82
EV220923,2022.0,24867.0,62.0,97.81,0.3132,97.11,54.44,4.0,0.424,8.2,12.3,88.6,61.1,8.51,13.6,55.0,46.5,1128.0,0,2.0,2.19,4.06
EV189860,2022.0,24667.0,45.0,93.69,0.5063,97.46,51.12,2.0,0.427,6.7,14.3,81.4,45.8,15.01,18.3,64.4,38.2,703.0,0,3.0,6.31,4.0
EV180602,2018.0,175905.0,411.0,87.61,0.6685,94.33,65.18,4.0,0.6,20.6,70.9,74.1,62.3,25.36,56.7,45.2,0.0,756.0,1,2.0,25.34,7.98
EV105895,2016.0,158345.0,623.0,50.45,0.8659,91.13,26.17,4.0,0.119,23.0,51.6,44.7,73.1,47.27,21.4,52.2,53.3,76.0,1,2.0,49.55,
EV170292,2024.0,66717.0,135.0,83.49,0.5139,95.84,99.52,8.0,0.789,20.4,128.3,89.9,73.3,25.03,85.9,56.9,0.0,1122.0,1,2.0,16.51,2.07
EV225052,2019.0,177900.0,377.0,81.19,0.5671,92.94,103.96,3.0,0.167,40.2,78.2,70.6,55.1,24.61,51.4,49.0,47.6,940.0,0,4.0,18.81,7.23
EV155153,2015.0,174651.0,387.0,85.17,0.4902,93.85,64.02,7.0,0.103,18.2,53.8,55.1,56.4,18.31,8.4,48.3,45.7,958.0,0,,14.83,10.69
EV151002,2019.0,130854.0,504.0,75.66,0.581,91.35,48.0,8.0,0.28,38.3,66.0,69.9,68.8,17.59,40.2,43.5,44.2,719.0,0,3.0,24.34,6.9
EV166654,2022.0,23636.0,94.0,97.23,0.3673,96.23,92.73,2.0,0.231,8.0,14.5,93.6,64.3,18.96,42.6,56.9,51.2,1052.0,0,2.0,2.77,4.15
EV207261,2023.0,78549.0,92.0,94.08,0.3855,97.43,75.72,4.0,0.547,16.3,46.2,75.1,38.9,11.75,58.0,67.8,51.5,1287.0,0,1.0,5.92,2.92
EV205049,2020.0,13852.0,62.0,87.61,0.3502,99.5,84.08,1.0,0.344,1.2,3.0,70.0,66.9,5.07,25.6,53.0,88.0,1129.0,0,6.0,2.33,5.97
EV203885,2020.0,211488.0,438.0,76.92,0.6057,93.87,75.8,2.0,0.502,19.5,65.7,44.6,60.2,22.68,15.0,54.7,0.0,820.0,0,4.0,23.08,11.1
EV156931,2018.0,7116.0,1.0,99.8,0.4229,96.46,67.36,1.0,0.161,1.3,3.0,66.1,46.9,13.3,18.5,66.6,62.0,1536.0,0,1.0,0.2,8.08
EV283936,2021.0,64412.0,223.0,86.38,0.416,94.59,53.44,4.0,0.317,30.1,44.0,83.6,55.4,5.99,26.6,57.6,49.9,846.0,0,2.0,13.62,5.15
EV153700,2016.0,112475.0,278.0,85.01,0.4872,94.15,71.88,4.0,0.09,27.0,39.0,63.1,57.4,19.02,54.7,61.3,76.1,1102.0,0,1.0,14.99,9.76
EV157406,2017.0,169169.0,382.0,77.68,0.5529,91.32,64.85,4.0,0.401,30.4,65.4,60.6,61.8,31.46,45.3,55.7,1.9,899.0,0,0.0,22.32,8.91
EV101910,2023.0,54438.0,192.0,86.42,0.4445,95.74,52.53,9.0,0.248,44.2,53.9,95.5,70.3,11.08,19.6,42.4,85.1,847.0,0,3.0,13.58,3.04
EV191048,2015.0,369578.0,1134.0,53.72,0.7884,94.98,35.36,14.0,0.497,39.6,114.6,50.4,65.9,37.69,58.6,47.2,17.5,199.0,1,4.0,46.28,11.2
EV182216,2019.0,99532.0,372.0,78.09,0.4653,93.0,35.37,4.0,0.181,17.3,50.1,77.5,73.9,15.63,28.3,50.6,39.6,614.0,0,2.0,21.91,6.88
EV261190,2019.0,111921.0,260.0,85.87,0.4703,93.77,77.55,9.0,0.276,20.1,52.8,85.4,54.0,22.85,35.5,56.2,69.3,1031.0,0,4.0,14.13,6.94
EV235428,2019.0,500.0,26.0,95.98,0.4162,94.97,86.64,1.0,0.369,1.2,3.0,75.6,46.1,9.0,40.6,64.5,54.8,1395.0,0,4.0,4.02,6.81
EV224420,2020.0,193533.0,761.0,55.64,0.6328,92.56,26.84,18.0,0.578,53.0,117.1,70.4,83.8,45.94,48.3,33.4,0.0,279.0,1,5.0,44.36,5.77
EV103231,2020.0,63807.0,130.0,90.18,0.3943,94.36,89.99,1.0,0.487,11.3,39.0,74.8,69.4,18.22,26.0,49.2,48.5,973.0,0,1.0,9.82,6.03
EV116164,2018.0,206265.0,432.0,66.28,0.6081,92.7,60.71,4.0,0.534,29.5,79.2,67.7,77.0,36.96,36.4,42.3,11.3,508.0,1,2.0,33.72,8.16
EV279630,2022.0,40172.0,117.0,87.61,0.4136,97.88,80.69,2.0,0.293,18.0,34.7,81.8,44.2,8.46,26.5,73.2,61.3,1266.0,0,1.0,7.96,3.95
EV219541,2024.0,20854.0,1.0,99.8,0.2813,97.93,99.48,1.0,0.103,4.0,13.0,97.4,63.8,5.64,0.0,54.3,100.0,1200.0,0,0.0,0.2,2.49
EV284368,2023.0,46645.0,111.0,92.09,0.4158,92.63,51.5,1.0,0.095,9.6,31.0,84.7,50.0,15.1,0.0,61.0,74.9,1257.0,0,5.0,,3.04
EV162247,2015.0,450000.0,1386.0,41.75,0.979,89.27,28.33,17.0,0.493,69.5,137.5,46.4,75.3,46.23,92.5,42.0,0.0,80.0,1,4.0,58.25,11.16
EV211491,2020.0,30892.0,116.0,92.57,0.4482,95.65,43.48,2.0,0.154,7.3,25.2,81.3,45.4,4.72,37.4,67.0,64.9,1290.0,0,,7.43,6.08
EV208385,2019.0,178546.0,462.0,87.61,0.6542,93.03,57.0,7.0,0.219,29.0,87.2,53.3,68.2,29.68,15.5,54.2,23.2,719.0,0,4.0,23.68,6.84
EV288851,2018.0,162874.0,448.0,79.44,0.5508,93.92,68.74,5.0,0.065,22.3,68.5,61.6,52.3,31.31,1.0,62.7,64.4,833.0,0,2.0,20.56,7.92
EV225243,2018.0,81943.0,168.0,86.34,0.4278,95.81,79.74,4.0,0.103,11.0,37.5,61.0,60.6,20.29,49.5,55.2,98.1,862.0,0,5.0,13.66,7.78
EV290445,2016.0,147076.0,306.0,78.39,0.4936,93.0,70.11,6.0,0.126,28.6,46.3,63.2,68.9,21.9,38.4,46.6,72.4,684.0,0,4.0,21.61,10.09
EV155024,2020.0,57638.0,153.0,94.33,0.4224,95.22,79.1,5.0,0.237,22.2,36.4,73.4,56.6,13.61,5.4,50.1,75.2,1251.0,0,4.0,5.67,5.98
EV255125,2017.0,84915.0,266.0,78.92,0.5353,94.98,43.7,3.0,0.319,20.4,28.3,72.8,58.4,33.35,26.0,55.4,19.8,915.0,0,3.0,21.08,9.21
EV109068,2017.0,111104.0,312.0,85.74,0.4701,93.35,59.6,4.0,0.247,29.6,36.5,65.6,63.1,16.37,2.8,49.5,27.0,1054.0,0,4.0,14.26,8.7
EV298846,2015.0,389398.0,989.0,59.34,0.6826,90.02,52.12,11.0,0.546,37.1,113.9,48.8,63.1,45.97,60.2,55.2,0.0,262.0,1,5.0,40.66,11.21
EV221038,2016.0,144815.0,214.0,82.62,0.4344,95.5,78.26,3.0,0.547,25.6,53.0,76.3,64.3,8.1,72.8,53.2,33.2,1030.0,0,4.0,17.38,10.01
EV169910,2020.0,148466.0,326.0,85.81,0.49,94.99,79.06,7.0,0.309,25.1,78.8,88.1,54.2,13.7,51.7,59.9,53.0,1025.0,0,0.0,14.19,5.79
EV268672,2024.0,500.0,4.0,96.65,0.4732,95.74,81.89,1.0,0.495,1.7,4.4,82.7,47.9,10.8,36.7,66.1,73.1,1383.0,0,2.0,3.35,1.84
EV145299,2020.0,98098.0,117.0,93.83,0.4893,98.63,91.6,5.0,0.297,39.8,50.2,72.8,50.1,10.22,24.5,66.4,63.1,1339.0,0,,6.17,6.06
EV293598,2016.0,500.0,214.0,99.14,0.4088,97.35,60.2,2.0,0.394,2.2,3.0,43.3,41.0,23.82,29.0,72.6,73.9,790.0,0,2.0,0.86,9.92
EV133294,2023.0,18419.0,22.0,94.09,0.3815,95.79,84.02,1.0,0.485,7.4,20.5,83.2,53.7,16.74,78.0,56.1,66.1,1377.0,0,3.0,5.91,3.01
EV279490,2022.0,51190.0,110.0,91.19,0.46,98.31,100.51,3.0,0.433,23.5,47.7,89.6,49.9,12.79,54.6,56.9,38.1,1269.0,0,1.0,8.81,4.13
EV115210,2022.0,10570.0,32.0,91.63,0.5198,96.56,47.63,1.0,0.487,7.6,18.6,88.6,38.3,13.52,18.3,74.7,56.0,707.0,0,2.0,8.37,3.94
EV150474,2020.0,42804.0,82.0,95.02,0.3118,95.9,80.49,1.0,0.434,7.7,20.8,69.4,58.6,14.89,26.6,58.4,38.5,1077.0,0,2.0,4.98,
EV189410,2019.0,123807.0,367.0,80.07,0.5871,96.1,60.19,5.0,0.363,32.8,47.1,86.4,62.0,22.51,41.7,58.3,55.9,931.0,0,3.0,19.93,6.86
EV218264,2020.0,7122.0,28.0,99.59,0.4055,97.61,61.89,1.0,0.365,2.0,3.0,55.5,51.7,18.2,34.6,64.0,64.5,1480.0,0,3.0,0.41,10.79
EV200579,2016.0,352692.0,1261.0,46.81,0.8307,88.27,25.79,16.0,0.882,38.5,47.1,68.1,72.6,37.68,72.9,37.2,0.0,99.0,1,,53.19,9.95
EV262273,2022.0,32382.0,9.0,97.42,0.3378,95.04,96.63,4.0,0.208,7.8,24.3,71.3,64.9,19.65,37.9,48.1,82.2,1030.0,0,4.0,2.58,4.24
EV125248,2019.0,28435.0,83.0,99.8,0.3308,95.29,57.98,1.0,0.199,7.9,12.5,65.1,68.3,24.98,5.7,41.2,88.8,1133.0,0,1.0,0.2,7.08
EV263047,2023.0,53802.0,168.0,96.57,0.4232,98.96,59.69,8.0,0.071,45.0,71.1,88.1,56.8,17.7,22.2,55.7,100.0,1289.0,0,2.0,3.43,3.06
EV113972,2015.0,170458.0,509.0,70.18,0.5999,93.52,48.13,11.0,0.056,34.3,47.1,65.6,76.2,18.33,16.5,39.8,49.6,516.0,0,4.0,29.82,10.88
EV181214,2024.0,32055.0,127.0,84.08,0.6099,94.45,41.78,8.0,0.26,20.9,63.4,91.3,47.2,23.79,21.2,72.0,49.2,548.0,0,3.0,15.92,1.77
EV234178,2015.0,114924.0,402.0,74.77,0.6553,91.83,41.0,3.0,0.214,11.1,31.1,58.3,73.9,23.12,65.9,41.1,19.2,823.0,0,2.0,25.23,11.02
EV127009,2017.0,135939.0,387.0,78.06,0.5284,96.66,54.74,1.0,0.425,30.5,53.7,64.0,59.3,30.81,43.3,52.3,46.6,863.0,0,2.0,21.94,8.92
EV192495,2019.0,186355.0,425.0,87.61,0.5444,90.15,70.81,11.0,0.542,55.8,91.5,70.6,74.2,30.1,53.7,46.0,17.6,559.0,1,5.0,27.47,6.92
EV275359,2018.0,43231.0,158.0,77.03,0.7237,92.31,37.33,4.0,0.312,14.1,17.8,89.7,51.4,16.05,22.9,56.3,46.1,507.0,0,2.0,22.97,7.91
EV163130,2023.0,32517.0,106.0,93.49,0.4408,98.8,82.16,6.0,0.469,33.5,55.8,95.4,62.6,12.46,51.5,56.5,49.2,1257.0,0,1.0,6.51,2.74
EV253294,2020.0,52426.0,113.0,99.8,0.3894,96.03,91.82,5.0,0.187,10.0,47.1,78.1,44.0,11.55,15.5,74.9,61.6,1353.0,0,0.0,0.2,
EV167137,2020.0,25446.0,135.0,90.71,0.5422,95.86,40.06,4.0,0.137,5.3,16.1,64.3,64.6,22.73,10.9,52.2,58.9,1272.0,0,0.0,,5.92
EV294908,2020.0,136812.0,388.0,75.87,0.526,93.99,56.6,6.0,0.137,28.2,69.9,68.6,72.3,30.8,7.7,43.1,58.1,624.0,0,2.0,24.13,5.96
EV160155,2022.0,63879.0,83.0,97.34,0.4522,96.05,66.81,3.0,0.323,18.0,53.7,84.0,58.5,9.69,44.8,59.5,74.5,1343.0,0,1.0,2.66,4.05
EV136941,2018.0,146600.0,507.0,72.57,0.6437,92.2,39.65,9.0,0.766,22.8,58.3,68.3,61.2,24.04,78.3,51.7,7.7,676.0,1,3.0,27.43,
EV255564,2016.0,78549.0,259.0,87.75,0.4725,93.77,60.05,3.0,0.113,29.5,35.8,53.8,49.1,25.85,27.1,58.8,75.1,1101.0,0,3.0,12.25,9.85
EV123691,2018.0,43424.0,149.0,91.72,0.5063,95.29,60.61,2.0,0.272,6.5,22.1,64.7,55.9,18.08,10.0,60.2,63.2,1227.0,0,3.0,8.28,8.0
EV217200,2016.0,131680.0,558.0,72.5,0.6304,94.92,38.92,10.0,0.536,20.4,46.6,67.5,51.2,117.138,63.8,66.1,0.5,709.0,1,2.0,27.5,9.87
EV252119,2022.0,40571.0,86.0,93.1,0.3395,98.29,74.57,3.0,0.079,10.8,37.7,86.3,64.3,15.65,28.2,53.3,88.7,1062.0,0,2.0,6.9,3.82
EV269335,2021.0,500.0,214.0,99.8,0.3957,95.23,117.27,1.0,0.365,1.8,3.0,75.1,53.4,11.53,18.9,54.5,35.7,1535.0,0,1.0,0.2,5.16
EV198742,2022.0,47451.0,146.0,88.65,0.5063,94.98,70.83,1.0,0.397,12.3,35.9,74.5,63.0,15.34,45.4,47.9,73.7,1235.0,0,0.0,11.35,3.97
EV256505,2017.0,6160.0,58.0,91.04,0.5218,94.3,64.93,1.0,0.221,1.0,3.0,72.8,68.3,18.02,55.2,52.9,72.0,1302.0,0,6.0,8.96,8.96
EV270207,2017.0,7175.0,103.0,89.12,0.511,92.39,64.25,1.0,0.476,5.5,6.9,59.2,66.5,19.06,49.1,37.9,29.6,1294.0,0,2.0,10.88,9.19
EV233538,2023.0,71890.0,145.0,88.1,0.4679,95.19,89.75,8.0,0.534,46.3,67.8,78.6,63.0,18.33,67.6,54.6,41.5,1210.0,0,3.0,11.9,2.91
EV261081,2024.0,12209.0,66.0,96.43,0.3439,98.42,81.44,1.0,0.178,8.0,13.6,76.7,72.2,21.59,0.0,56.9,87.1,1097.0,0,1.0,3.57,2.24
EV240105,2024.0,23618.0,25.0,99.8,0.4251,98.22,69.43,6.0,0.282,25.9,37.2,82.6,52.3,17.74,31.6,68.4,75.2,1407.0,0,2.0,0.2,1.85
EV158220,2017.0,17985.0,112.0,88.18,0.5063,95.04,30.24,1.0,0.116,1.1,3.0,54.0,45.8,29.69,44.5,66.2,64.7,628.0,0,0.0,11.82,8.98
EV170260,2020.0,124286.0,282.0,72.53,0.6685,92.36,72.61,5.0,0.352,14.1,36.7,46.1,51.1,25.02,53.3,58.5,41.1,395.0,1,2.0,27.47,10.92
EV233298,2022.0,33080.0,27.0,99.8,0.357,94.98,75.52,3.0,0.229,8.9,27.5,86.3,46.5,10.99,49.5,64.7,96.7,1448.0,0,1.0,,4.09
EV296042,2023.0,78549.0,218.0,87.39,0.3961,92.41,51.09,6.0,0.194,19.3,56.9,80.2,69.7,17.1,33.2,49.2,66.6,838.0,0,3.0,12.61,3.02
EV204423,2017.0,70078.0,157.0,97.29,0.4152,96.01,78.7,4.0,0.235,9.6,23.6,69.0,45.7,11.09,32.0,67.0,76.1,1300.0,0,1.0,2.71,8.95
EV154861,2021.0,3608.0,67.0,96.16,0.3852,95.72,84.85,4.0,0.111,2.4,3.0,82.3,54.2,16.21,17.5,56.6,90.8,1075.0,0,1.0,3.84,4.87
EV251928,2015.0,324220.0,1805.0,41.79,0.8967,87.91,15.9,16.0,0.752,52.0,96.8,72.8,77.8,36.55,33.2,43.0,0.0,0.0,1,0.0,58.21,
EV286061,2021.0,83569.0,274.0,85.45,0.4982,94.8,51.85,7.0,0.408,37.3,57.6,82.9,63.3,18.71,40.0,53.1,65.4,1069.0,0,6.0,14.55,5.29
EV177688,2021.0,178987.0,512.0,65.68,0.7429,92.01,50.75,9.0,0.746,69.3,114.9,56.6,77.5,38.31,100.0,42.8,0.0,634.0,1,1.0,34.32,5.15
EV177202,2024.0,66584.0,229.0,90.5,0.4976,96.08,62.23,12.0,0.278,35.2,47.1,90.5,51.2,16.12,26.5,54.5,62.2,1191.0,0,2.0,9.5,1.88
EV137718,2019.0,500.0,72.0,93.34,0.4083,95.42,64.19,1.0,0.472,1.2,3.0,77.7,56.2,6.17,44.8,56.9,46.4,1282.0,0,1.0,6.66,6.73
EV112987,2020.0,154662.0,337.0,72.8,0.5656,94.14,56.54,1.0,0.295,43.9,92.3,63.2,73.6,21.46,53.6,45.9,35.7,620.0,0,3.0,27.2,6.13
EV289008,2015.0,199209.0,596.0,67.41,0.7014,91.01,45.25,4.0,0.445,30.5,63.1,49.9,56.6,12.24,52.8,63.0,17.8,620.0,0,3.0,32.59,10.95
EV133359,2019.0,44594.0,101.0,92.7,0.4574,95.07,80.73,1.0,0.334,17.3,22.0,78.6,58.3,14.21,40.4,59.5,46.7,1285.0,0,4.0,7.3,6.95
EV296375,2015.0,103082.0,271.0,83.43,0.4186,92.43,58.17,7.0,0.229,11.8,30.0,58.2,58.8,18.33,49.6,45.5,79.7,789.0,0,2.0,16.57,11.02
EV149333,2017.0,182240.0,525.0,74.89,0.5751,92.56,50.78,7.0,0.319,30.8,62.7,62.1,59.7,19.89,31.7,52.8,15.1,694.0,0,2.0,25.11,9.11
EV132934,2020.0,71841.0,218.0,75.44,0.5842,94.26,51.73,9.0,0.166,20.6,47.1,65.4,60.2,30.53,21.0,53.1,77.9,414.0,0,1.0,24.56,4.08
EV271327,2016.0,54106.0,137.0,89.06,0.4264,97.56,51.13,1.0,0.316,11.0,19.2,58.0,70.0,12.27,26.9,47.9,78.8,920.0,0,1.0,10.94,9.93
EV288344,2020.0,16254.0,2.0,99.8,0.4331,95.66,83.7,4.0,0.114,1.8,5.2,80.5,48.6,11.57,20.6,68.6,83.0,1521.0,0,0.0,0.2,6.17
EV221819,2020.0,132910.0,258.0,85.37,0.5111,96.47,98.79,2.0,0.224,16.0,41.6,59.7,58.8,25.01,18.6,58.1,81.5,1026.0,0,2.0,14.63,10.05
EV218341,2016.0,111313.0,290.0,85.16,0.4433,92.35,57.1,5.0,0.528,14.3,39.5,55.5,52.9,25.58,58.8,50.9,49.1,1030.0,0,2.0,14.84,9.92
EV191168,2015.0,55455.0,48.0,98.25,0.3118,97.93,77.7,1.0,0.568,6.1,15.2,54.4,62.7,17.36,74.3,56.5,35.0,1162.0,0,1.0,1.75,11.17
EV207145,2020.0,62029.0,92.0,90.14,0.5063,96.14,89.84,1.0,0.406,19.5,54.3,77.7,58.2,16.41,54.6,55.4,63.8,1295.0,0,2.0,9.86,4.09
EV250150,2015.0,338150.0,788.0,55.71,0.6929,90.09,47.12,11.0,0.442,30.7,104.3,54.0,79.6,31.11,48.8,43.9,12.4,222.0,1,2.0,44.29,11.01
EV221491,2021.0,149083.0,359.0,72.54,0.5409,92.0,53.81,12.0,0.901,29.6,96.3,83.0,73.9,19.78,33.2,39.9,0.0,627.0,1,5.0,27.46,4.97
EV123327,2024.0,9974.0,47.0,99.8,0.3982,96.81,62.85,3.0,0.214,20.4,9.7,98.5,40.8,12.85,26.5,67.8,62.9,1405.0,0,1.0,0.2,1.9
EV283860,2023.0,1603.0,1.0,99.8,0.3131,97.45,89.4,3.0,0.319,1.1,3.0,86.1,54.9,6.02,13.7,57.8,95.4,1210.0,0,0.0,0.2,2.86
EV194912,2015.0,194759.0,742.0,57.46,0.6195,89.49,29.97,9.0,0.447,32.6,56.6,54.0,75.2,30.57,55.7,48.9,42.7,281.0,1,3.0,42.54,11.22
EV136956,2020.0,125716.0,156.0,91.06,0.3794,95.4,117.02,3.0,0.565,47.5,104.6,71.1,63.6,16.61,24.9,45.9,13.4,919.0,0,3.0,8.94,4.08
EV122059,2022.0,95189.0,221.0,72.82,0.6754,91.88,62.81,6.0,0.394,27.1,75.2,80.6,42.7,26.68,62.4,61.8,0.0,434.0,0,3.0,27.18,4.13
EV276775,2020.0,23076.0,57.0,98.16,0.3632,98.43,83.26,4.0,0.241,15.9,26.9,79.0,68.9,21.48,8.3,47.5,85.3,1030.0,0,,1.84,5.9
EV263968,2015.0,93018.0,352.0,80.13,0.5347,94.13,40.62,1.0,0.165,9.8,28.4,54.1,50.8,27.39,11.7,55.7,72.8,899.0,0,1.0,19.87,11.09
EV191447,2019.0,97499.0,289.0,83.49,0.5434,95.73,56.85,4.0,0.247,15.9,47.2,64.1,50.7,30.1,1.4,58.3,82.1,1045.0,0,1.0,16.51,6.95
EV291592,2022.0,500.0,1.0,99.8,0.2916,95.49,110.98,2.0,0.399,1.6,3.0,75.5,57.1,14.99,40.9,59.9,59.9,1181.0,0,0.0,0.2,4.21
EV209934,2018.0,71457.0,309.0,80.0,0.5199,93.44,38.16,4.0,0.162,9.1,29.4,66.8,56.7,18.92,19.1,54.4,91.7,971.0,0,1.0,20.0,8.33
EV210722,2022.0,68101.0,63.0,87.61,0.4683,99.5,111.79,4.0,0.048,17.2,57.2,82.7,47.6,18.73,15.5,61.4,100.0,1395.0,0,1.0,,4.06
EV155386,2016.0,132648.0,566.0,70.31,0.6264,95.15,34.9,8.0,0.388,20.9,41.5,58.1,56.8,28.44,23.5,60.0,55.0,1030.0,0,5.0,29.69,10.17
EV197295,2023.0,104104.0,181.0,85.25,0.5103,94.64,64.02,12.0,0.561,34.8,105.1,72.8,56.8,7.8,55.6,61.5,38.5,1177.0,0,1.0,14.75,3.0
EV166657,2015.0,450000.0,930.0,50.53,0.7899,91.15,49.11,8.0,0.319,65.9,144.9,40.0,94.4,40.85,80.4,35.1,2.0,125.0,1,5.0,49.47,10.99
EV183565,2022.0,56089.0,118.0,90.67,0.4433,94.89,86.05,4.0,0.182,10.1,33.3,72.0,58.0,28.37,24.6,55.7,52.1,1246.0,0,5.0,9.33,4.14
EV282246,2016.0,139735.0,359.0,77.54,0.6382,93.67,62.81,4.0,0.206,23.7,41.8,44.9,61.7,28.44,48.3,56.7,75.5,906.0,0,3.0,22.46,10.2
EV285002,2016.0,256711.0,1188.0,57.49,0.8045,90.21,25.03,4.0,0.166,37.5,88.3,59.2,67.1,34.23,31.2,47.9,24.8,138.0,1,2.0,42.51,10.21
EV106011,2022.0,124489.0,379.0,83.78,0.5616,96.48,58.56,11.0,0.37,37.1,90.9,70.3,51.4,15.92,21.4,53.8,52.5,926.0,0,2.0,16.22,3.95
EV163143,2022.0,36870.0,120.0,84.43,0.5015,94.31,47.55,3.0,0.433,13.5,32.3,75.8,81.5,19.06,61.1,44.9,43.4,933.0,0,4.0,15.57,3.88
EV154611,2015.0,124836.0,354.0,78.86,0.5302,94.61,63.61,4.0,0.114,30.4,40.5,72.8,59.7,16.57,33.0,58.6,77.6,908.0,0,1.0,21.14,10.98
EV171362,2024.0,5880.0,116.0,94.46,0.3907,97.5,79.72,1.0,0.339,5.0,7.9,72.3,49.6,19.35,35.3,64.3,47.0,1285.0,0,3.0,5.54,2.25
EV154959,2021.0,149836.0,332.0,81.3,0.5296,94.62,58.97,10.0,0.56,50.7,105.7,83.2,59.4,18.33,54.2,50.6,23.4,1010.0,0,2.0,18.7,5.08
EV149028,2022.0,45341.0,262.0,85.54,0.4796,94.39,32.24,9.0,0.341,12.7,38.7,88.2,53.0,21.12,12.3,51.2,26.5,1030.0,0,,14.46,3.83
EV298532,2023.0,72220.0,119.0,94.87,0.4422,95.64,114.29,2.0,0.324,29.3,73.3,88.2,56.8,1.91,30.9,60.4,41.7,1276.0,0,,5.13,3.01
EV187806,2020.0,72633.0,219.0,88.86,0.4337,94.0,60.38,1.0,0.41,16.9,49.7,77.4,53.1,11.52,47.3,55.1,10.7,1152.0,0,,11.14,6.0
EV235673,2019.0,26335.0,93.0,85.36,0.5306,92.43,43.21,1.0,0.136,8.7,13.0,61.8,44.8,14.34,33.2,67.6,76.2,597.0,0,1.0,14.64,7.08
EV255237,2019.0,190928.0,912.0,37.2,0.9874,88.79,15.3,17.0,0.208,63.0,91.8,68.4,68.8,45.28,33.3,44.6,12.8,0.0,1,6.0,62.8,7.04
EV257428,2020.0,58706.0,187.0,87.61,0.4251,97.1,87.73,1.0,0.254,17.3,35.6,71.9,47.6,12.94,55.1,66.2,91.2,1226.0,0,0.0,5.69,6.02
EV186196,2017.0,72509.0,339.0,87.61,0.5166,93.57,34.48,3.0,0.212,21.4,27.2,65.8,71.2,19.99,43.3,45.3,53.4,670.0,0,3.0,,9.16
EV222938,2018.0,40690.0,213.0,82.29,0.4553,95.28,37.81,3.0,0.196,6.1,17.9,52.8,67.6,31.99,2.1,48.1,50.9,838.0,0,4.0,17.71,8.18
EV170320,2017.0,289996.0,669.0,57.21,0.6238,91.88,47.12,6.0,0.709,32.3,110.3,66.1,86.4,27.52,65.6,38.8,5.1,293.0,1,6.0,42.79,9.03
EV184986,2017.0,238907.0,626.0,66.56,0.6645,95.38,49.56,5.0,0.577,37.0,85.6,65.1,59.1,36.54,45.0,55.8,39.5,558.0,1,3.0,33.44,8.92
EV276975,2016.0,117081.0,360.0,80.76,0.4921,94.19,56.14,4.0,0.642,20.4,35.4,61.7,50.0,20.33,72.1,59.9,24.7,885.0,0,1.0,19.24,10.0
EV134890,2024.0,20527.0,38.0,96.87,0.3824,96.01,60.2,9.0,0.319,11.9,30.4,89.4,53.7,14.92,28.8,57.7,59.3,1418.0,0,4.0,3.13,2.06
EV108892,2019.0,123813.0,172.0,96.29,0.4031,94.87,123.08,2.0,0.022,30.1,59.6,68.5,37.7,15.39,28.6,62.0,70.8,1255.0,0,1.0,3.71,6.9
EV201863,2021.0,54181.0,189.0,88.77,0.5066,96.81,48.09,2.0,0.788,9.3,29.5,76.4,50.1,25.89,71.3,62.4,0.0,1172.0,1,3.0,11.23,
EV279289,2016.0,158302.0,557.0,77.75,0.5869,94.21,46.05,5.0,0.235,20.4,55.7,73.0,53.1,15.74,12.8,56.8,56.2,740.0,0,3.0,22.25,9.93
EV108866,2018.0,70013.0,169.0,88.75,0.5758,92.24,68.46,3.0,0.07,9.9,27.2,68.1,75.2,15.86,73.0,45.6,62.5,1172.0,0,2.0,11.25,7.86
EV193171,2021.0,82155.0,250.0,92.11,0.4416,96.04,90.14,5.0,0.029,28.2,54.2,72.5,52.6,21.03,33.2,61.6,73.6,1114.0,0,2.0,,5.19
EV244437,2019.0,14780.0,1.0,99.8,0.3769,98.82,57.97,1.0,0.147,5.8,11.4,67.8,47.4,13.35,3.6,64.1,88.2,1485.0,0,1.0,0.2,6.99
EV262133,2021.0,215435.0,614.0,65.55,0.7272,90.87,42.93,15.0,0.319,38.1,129.4,68.5,78.1,29.69,33.2,42.3,3.1,529.0,1,4.0,34.45,5.16
EV215738,2018.0,193305.0,506.0,71.37,0.653,94.02,58.73,4.0,0.251,20.4,78.1,64.7,56.3,23.49,18.8,58.1,56.3,678.0,0,1.0,28.63,7.74
EV102486,2021.0,73519.0,117.0,85.87,0.549,94.91,98.17,3.0,0.406,23.9,40.6,71.5,46.6,23.28,42.6,65.1,35.3,594.0,0,4.0,14.13,5.15
EV124921,2018.0,210859.0,870.0,56.54,0.6582,89.8,28.21,11.0,0.282,31.4,84.3,63.2,76.5,35.44,54.7,39.0,9.7,202.0,1,2.0,43.46,7.91
EV280098,2024.0,37041.0,44.0,98.42,0.4117,96.35,83.03,4.0,0.664,37.1,68.9,94.2,42.4,5.67,66.2,62.6,21.5,1437.0,0,4.0,1.58,2.09
EV182445,2017.0,92704.0,225.0,84.39,0.4701,94.49,61.05,2.0,0.255,24.5,37.3,53.3,70.2,26.57,18.7,45.7,63.8,870.0,0,2.0,15.61,8.74
EV115423,2023.0,95416.0,281.0,83.51,0.5042,94.41,50.75,12.0,0.504,29.9,98.8,72.8,52.8,19.6,17.9,58.7,0.0,993.0,0,1.0,16.49,3.33
EV222643,2024.0,63780.0,184.0,83.43,0.4764,94.39,57.75,8.0,0.296,33.5,85.0,94.7,67.9,9.19,51.9,50.8,33.0,882.0,0,2.0,16.57,
EV178742,2023.0,92007.0,190.0,87.77,0.4214,95.26,78.61,5.0,0.338,49.7,75.2,76.4,61.1,13.77,42.5,49.2,58.8,860.0,0,5.0,12.23,2.93
EV211428,2019.0,239352.0,963.0,77.65,0.8209,94.02,41.55,14.0,0.705,36.3,117.1,73.2,32.9,12.95,58.6,67.3,0.0,2382.0,1,4.0,22.35,6.84
EV187199,2015.0,68555.0,222.0,85.38,0.4699,93.33,54.28,1.0,0.149,8.3,24.5,72.8,69.7,27.74,11.2,55.6,63.0,837.0,0,3.0,14.62,
EV197585,2020.0,54873.0,276.0,82.28,0.5404,94.11,29.26,8.0,0.166,12.6,31.1,62.9,54.6,22.42,50.3,58.4,52.9,997.0,0,0.0,17.72,6.07
EV235410,2022.0,75812.0,256.0,87.26,0.4932,96.45,46.78,8.0,0.36,35.1,59.2,75.7,47.8,17.67,36.9,67.1,55.0,1124.0,0,5.0,12.74,3.98
EV270432,2021.0,87013.0,155.0,91.31,0.4647,94.79,79.69,6.0,0.319,15.6,54.2,72.8,54.5,16.48,36.4,66.0,65.8,1222.0,0,4.0,8.69,5.09
EV118152,2023.0,31015.0,56.0,98.65,0.3499,97.94,71.82,1.0,0.161,12.3,27.8,87.3,60.4,8.75,10.1,55.7,71.7,1132.0,0,1.0,1.35,3.06
EV193773,2016.0,376102.0,1120.0,48.47,0.5063,87.37,34.42,11.0,0.364,51.6,124.9,55.6,96.0,39.56,26.9,28.6,0.5,53.0,1,5.0,51.53,9.92
EV253080,2023.0,8234.0,1.0,99.8,0.3611,96.61,93.47,3.0,0.083,1.0,3.0,90.5,58.7,9.58,33.2,61.6,76.4,1528.0,0,2.0,0.2,2.91
EV219761,2023.0,74248.0,195.0,84.45,0.5384,94.32,61.63,11.0,0.242,42.2,91.3,72.1,51.6,16.9,22.5,59.3,59.2,1120.0,0,,15.55,3.15
EV204325,2015.0,200890.0,893.0,61.17,0.6935,91.2,29.25,10.0,0.67,41.7,63.0,72.8,56.8,30.21,61.6,62.1,0.0,351.0,1,3.0,38.83,10.87
EV202558,2022.0,148253.0,453.0,67.09,0.5439,91.08,38.48,12.0,0.644,42.7,103.3,90.1,70.7,19.49,26.2,43.2,0.0,505.0,0,0.0,,4.15
EV223309,2017.0,49699.0,174.0,87.06,0.4591,95.35,45.12,2.0,0.153,7.1,13.1,59.1,70.8,31.66,42.4,47.4,76.0,884.0,0,2.0,12.94,9.11
EV108294,2017.0,120514.0,242.0,87.07,0.4799,96.03,111.39,1.0,0.481,19.5,49.5,65.0,43.4,8.32,31.5,71.2,47.7,1030.0,0,2.0,12.93,9.04
EV200548,2023.0,500.0,1.0,99.8,0.383,98.83,116.12,1.0,0.449,2.5,3.0,95.1,42.3,7.4,31.0,62.1,50.4,1469.0,0,2.0,0.2,2.79
EV187357,2020.0,58592.0,257.0,75.63,0.5767,93.82,32.84,5.0,0.545,19.2,33.4,74.0,65.1,24.52,38.7,58.1,16.1,730.0,0,4.0,24.37,5.79
EV180959,2022.0,76328.0,81.0,90.5,0.3559,94.98,86.26,1.0,0.44,19.2,66.6,78.5,64.3,14.69,29.0,56.5,2.3,1057.0,0,4.0,9.5,
EV247448,2019.0,16946.0,63.0,89.25,0.5468,95.27,51.52,1.0,0.358,20.4,3.0,72.6,51.0,19.34,31.1,57.2,0.0,656.0,0,1.0,10.75,6.76
EV123757,2022.0,37305.0,138.0,99.8,0.391,96.99,76.13,1.0,0.205,15.2,30.3,79.7,42.6,13.92,20.0,68.6,92.1,1350.0,0,4.0,0.2,3.93
EV221357,2016.0,53924.0,202.0,91.5,0.4173,99.24,68.35,4.0,0.25,10.9,20.2,63.7,62.1,15.17,35.3,51.1,85.0,893.0,0,1.0,8.5,10.38
EV116622,2023.0,10124.0,1.0,99.8,0.4174,97.25,61.75,1.0,0.157,1.0,3.0,82.3,57.3,15.03,47.8,60.8,100.0,1539.0,0,3.0,0.2,2.92
EV136315,2022.0,96697.0,205.0,83.67,0.4912,94.2,64.84,7.0,0.586,27.0,78.7,89.0,48.8,9.82,50.9,60.5,52.1,1072.0,0,1.0,16.33,
EV154329,2017.0,411665.0,826.0,62.49,0.7081,90.78,62.66,13.0,0.477,94.6,152.3,50.7,64.2,30.21,44.2,45.9,12.8,427.0,1,1.0,37.51,8.88
EV231188,2020.0,48704.0,48.0,94.82,0.4138,94.94,105.84,3.0,0.198,14.2,28.5,80.6,70.7,8.65,56.0,51.2,49.9,1083.0,0,1.0,5.18,5.8
EV285600,2018.0,239388.0,533.0,49.38,0.8536,89.39,42.07,9.0,0.703,81.4,101.9,67.6,61.2,39.08,65.9,51.7,0.0,146.0,1,0.0,50.62,8.21
EV139628,2016.0,105715.0,282.0,82.74,0.5486,92.74,61.32,6.0,0.357,19.1,32.1,68.0,58.2,21.58,50.7,52.5,66.0,1035.0,0,4.0,17.26,9.72
EV100179,2022.0,87951.0,239.0,82.78,0.5751,94.98,59.72,6.0,0.455,22.1,68.6,70.5,55.7,20.1,78.3,49.7,29.8,1049.0,0,1.0,17.22,4.1
EV295771,2016.0,302503.0,672.0,87.61,0.5705,92.68,58.42,7.0,0.575,30.7,103.6,67.2,78.4,24.04,30.7,44.5,0.0,391.0,1,4.0,35.5,9.77
EV259843,2020.0,54530.0,369.0,76.03,0.4926,94.77,23.0,5.0,0.084,17.2,31.6,72.8,63.5,23.84,0.0,55.2,53.6,622.0,0,2.0,23.97,6.04
EV228560,2023.0,68212.0,190.0,97.31,0.4374,98.96,67.37,8.0,0.052,41.8,71.4,87.6,52.5,9.41,0.0,58.3,98.8,1264.0,0,4.0,2.69,3.05
EV175494,2022.0,12097.0,55.0,98.5,0.3478,96.21,36.26,2.0,0.371,4.3,8.6,88.5,59.8,9.22,5.4,61.0,76.0,1132.0,0,0.0,1.5,3.85
EV274347,2023.0,53535.0,143.0,93.97,0.3725,93.56,85.41,2.0,0.371,30.9,51.0,87.4,44.1,4.95,29.7,64.8,59.4,1311.0,0,1.0,6.03,3.12
EV142856,2023.0,24779.0,35.0,98.32,0.4184,96.58,59.33,9.0,0.371,16.3,50.4,88.7,46.4,5.23,28.6,62.2,52.8,1424.0,0,0.0,1.68,2.84
EV122915,2018.0,126463.0,301.0,82.79,0.518,91.82,72.59,4.0,0.175,27.1,52.2,67.5,62.5,26.38,53.7,52.1,60.8,973.0,0,6.0,17.21,7.92
EV203244,2016.0,72489.0,166.0,83.75,0.4872,95.86,71.04,3.0,0.365,14.1,24.7,52.7,81.9,17.55,36.9,42.1,50.3,837.0,0,2.0,16.25,10.17
EV159891,2018.0,68517.0,187.0,72.81,0.7023,95.19,48.65,3.0,0.392,12.3,24.0,66.2,60.5,21.06,37.7,53.4,60.4,453.0,0,1.0,27.19,7.98
EV268297,2016.0,66571.0,170.0,90.97,0.4539,96.69,54.7,1.0,0.328,9.6,47.1,61.6,55.1,20.15,8.1,64.3,39.7,1209.0,0,1.0,9.03,10.07
EV155062,2019.0,101300.0,328.0,78.6,0.596,95.12,51.29,8.0,0.638,26.5,58.4,70.2,61.2,20.24,69.5,54.6,52.1,941.0,1,2.0,21.4,6.94
EV257729,2018.0,34643.0,63.0,93.43,0.4626,94.77,68.69,4.0,0.351,7.7,19.0,73.0,39.3,16.77,31.0,70.2,67.8,697.0,0,3.0,6.57,8.03
EV199890,2019.0,60171.0,235.0,84.3,0.4497,95.63,49.16,4.0,0.053,13.9,30.3,60.6,63.2,18.33,9.3,51.5,75.4,852.0,0,4.0,15.7,6.86
EV104557,2017.0,160008.0,397.0,81.58,0.5531,94.43,63.12,4.0,0.092,20.5,59.4,69.5,55.3,16.73,23.3,51.9,66.4,929.0,0,1.0,18.42,9.03
EV120969,2018.0,92164.0,185.0,93.94,0.4885,95.42,85.02,6.0,0.248,12.7,36.5,78.0,55.1,10.02,16.9,48.5,42.6,1259.0,0,2.0,6.06,7.83
EV251511,2024.0,60107.0,220.0,85.76,0.5292,94.98,47.26,10.0,0.586,27.2,92.1,80.4,48.4,15.9,53.0,68.9,27.4,1112.0,0,4.0,14.24,2.22
EV262126,2018.0,120326.0,350.0,77.05,0.4728,91.83,55.49,8.0,0.482,24.5,50.3,56.5,70.4,36.17,22.4,53.3,32.8,669.0,1,7.0,22.95,7.97
EV198333,2017.0,119242.0,517.0,76.68,0.5697,92.42,39.13,5.0,0.353,20.0,41.3,60.7,53.8,15.93,29.7,55.9,50.6,810.0,0,6.0,23.32,9.14
EV173126,2024.0,500.0,31.0,99.24,0.3336,96.27,91.6,1.0,0.123,1.0,3.0,94.8,56.8,10.78,18.4,57.8,57.2,1165.0,0,2.0,0.76,2.13
EV254203,2024.0,51844.0,153.0,87.72,0.4889,97.33,61.68,7.0,0.325,32.1,72.1,95.3,54.5,12.9,24.9,54.3,47.0,1198.0,0,3.0,12.28,2.03
EV223621,2021.0,121938.0,372.0,79.51,0.5585,94.98,48.07,8.0,0.452,38.4,84.5,83.6,61.9,15.08,48.5,50.7,3.3,891.0,0,5.0,20.49,4.85
EV133510,2021.0,117228.0,402.0,74.57,0.691,93.58,43.51,9.0,0.221,42.3,72.4,66.4,76.6,37.66,100.0,43.8,28.1,856.0,1,2.0,25.43,5.03
EV203040,2021.0,98347.0,289.0,83.22,0.4197,92.03,64.02,6.0,0.161,31.5,74.0,80.2,56.9,10.62,2.5,56.2,25.0,714.0,0,1.0,,4.84
EV108595,2015.0,118484.0,239.0,86.19,0.4762,94.99,97.58,1.0,0.422,18.8,34.3,51.3,53.9,22.59,33.2,61.2,54.5,1103.0,0,4.0,13.81,11.03
EV162961,2020.0,78097.0,256.0,87.61,0.5615,95.98,56.79,4.0,0.32,15.0,50.1,83.5,68.1,20.87,48.5,47.7,33.4,1023.0,0,0.0,16.84,4.04
EV226708,2022.0,46666.0,148.0,93.93,0.3775,95.89,112.96,3.0,0.134,20.4,38.2,78.8,60.5,8.77,2.4,56.9,79.0,951.0,0,2.0,6.07,3.7
EV258019,2016.0,161716.0,271.0,87.8,0.4567,94.91,83.53,4.0,0.156,26.4,57.3,65.5,53.3,15.18,29.8,65.8,52.1,1030.0,0,1.0,12.2,9.68
EV207089,2021.0,55336.0,86.0,98.98,0.3824,97.48,114.35,3.0,0.039,18.4,34.0,79.1,52.2,10.99,11.6,64.5,61.8,1382.0,0,2.0,1.02,5.02
EV107805,2023.0,13384.0,1.0,99.8,0.3261,98.46,79.28,3.0,0.47,7.3,47.1,83.7,59.6,26.76,44.4,59.0,60.1,1488.0,0,5.0,0.2,3.07
EV281310,2018.0,78549.0,107.0,87.61,0.4869,96.77,55.78,4.0,0.131,9.1,47.1,60.8,50.6,23.28,35.2,59.7,16.4,1238.0,0,3.0,8.24,8.02
EV131203,2021.0,78549.0,345.0,82.14,0.5369,95.39,31.43,6.0,0.266,20.3,47.1,83.2,49.9,22.87,23.7,55.0,74.1,968.0,0,3.0,,5.08
EV143202,2016.0,26746.0,92.0,91.72,0.4315,93.41,61.23,1.0,0.277,4.8,9.7,70.4,67.8,16.05,73.2,42.1,64.5,1003.0,0,4.0,8.28,9.92
EV224113,2021.0,83582.0,219.0,84.95,0.4488,93.35,87.25,1.0,0.406,16.3,53.8,78.9,78.0,14.38,24.3,55.6,45.3,813.0,0,4.0,15.05,5.25
EV269241,2020.0,123592.0,270.0,88.65,0.486,96.96,75.16,3.0,0.396,22.4,57.1,76.2,46.1,8.58,20.8,54.1,53.9,1068.0,0,3.0,11.35,7.03
EV154925,2019.0,139946.0,301.0,84.41,0.4766,93.05,89.35,2.0,0.479,28.3,69.3,82.2,50.3,25.27,25.2,58.2,4.4,982.0,0,1.0,15.59,6.99
EV139286,2020.0,14714.0,39.0,99.8,0.4731,97.71,59.57,1.0,0.166,2.8,3.5,78.9,52.0,8.91,7.7,56.9,57.2,1498.0,0,2.0,0.2,6.11
EV283216,2019.0,136547.0,408.0,80.09,0.5766,94.07,52.91,8.0,0.277,29.3,64.3,72.8,51.6,28.45,35.2,56.9,35.2,841.0,0,2.0,19.91,6.93
EV165715,2016.0,192669.0,414.0,56.52,0.826,91.15,50.52,6.0,0.42,36.3,59.0,72.8,61.8,31.89,61.9,61.1,21.6,213.0,1,4.0,43.48,10.09
EV266911,2024.0,78549.0,6.0,99.18,0.434,95.97,77.03,1.0,0.336,3.0,8.0,77.5,48.7,11.1,21.3,60.6,31.0,795.0,0,2.0,0.82,1.8
EV235514,2020.0,97067.0,224.0,81.61,0.5039,92.95,77.09,5.0,0.072,20.4,51.3,66.5,70.0,26.82,8.8,45.9,36.9,792.0,0,4.0,18.39,6.07
EV232606,2017.0,78549.0,955.0,47.49,0.7417,91.87,26.81,10.0,0.722,39.0,100.4,36.8,99.3,41.67,61.2,23.7,52.1,79.0,1,4.0,52.51,9.14
EV296310,2023.0,78549.0,149.0,92.5,0.3728,95.5,61.95,5.0,0.184,16.7,53.6,88.2,68.5,19.65,28.7,62.3,57.2,956.0,0,0.0,7.5,3.09
EV148863,2017.0,195584.0,540.0,77.15,0.5602,93.22,58.02,6.0,0.249,37.2,78.0,81.4,56.8,13.15,18.0,57.8,72.0,730.0,0,1.0,22.85,8.88
EV211095,2024.0,15348.0,1.0,99.8,0.3429,94.29,77.16,1.0,0.071,8.7,12.1,87.2,69.7,8.52,11.2,48.8,99.0,1174.0,0,3.0,0.2,2.29
EV274169,2022.0,500.0,8.0,96.9,0.4237,98.93,64.02,1.0,0.468,1.0,3.0,78.0,50.7,12.9,38.1,57.1,77.7,1476.0,0,5.0,3.1,3.97
EV102196,2021.0,64283.0,152.0,88.6,0.5063,96.35,84.19,4.0,0.548,18.8,36.3,80.9,63.3,16.66,39.9,45.5,45.2,951.0,0,4.0,11.4,4.95
EV103008,2016.0,197555.0,539.0,60.04,0.8281,90.21,47.32,2.0,0.958,36.3,67.7,55.1,84.4,40.3,55.8,33.5,0.0,558.0,1,5.0,39.96,9.96
EV248519,2021.0,37015.0,128.0,90.6,0.3865,96.25,59.61,4.0,0.286,13.0,29.5,68.0,69.6,22.06,26.7,46.8,74.9,991.0,0,3.0,9.4,5.07
EV188749,2020.0,53429.0,80.0,80.88,0.561,90.6,74.42,2.0,0.567,11.2,21.1,62.6,80.4,23.86,100.0,35.0,0.0,917.0,1,5.0,19.12,5.91
EV286087,2019.0,78549.0,794.0,52.26,0.6802,90.67,25.28,10.0,0.442,24.1,84.3,75.3,77.9,29.46,42.5,47.8,46.0,189.0,1,5.0,47.74,7.14
EV271101,2023.0,53337.0,115.0,95.52,0.4084,94.98,64.02,9.0,0.376,32.3,62.9,89.8,47.4,0.0,66.7,61.3,1.3,1313.0,0,3.0,4.48,2.94
EV231901,2016.0,234632.0,502.0,77.17,0.6036,92.04,78.11,8.0,0.31,27.3,73.2,47.7,66.7,29.89,34.7,50.4,37.0,717.0,0,2.0,22.83,10.07
EV162240,2016.0,13544.0,59.0,96.73,0.4866,95.5,78.26,1.0,0.055,3.3,8.4,66.1,66.7,12.05,36.2,47.4,92.9,1400.0,0,4.0,3.27,9.97
EV145535,2022.0,57096.0,142.0,80.76,0.59,95.64,74.84,3.0,0.719,31.3,44.0,91.0,49.0,21.58,43.7,69.0,24.3,542.0,0,3.0,19.24,4.11
EV289742,2019.0,16018.0,47.0,98.98,0.4922,94.98,91.25,1.0,0.24,1.0,3.0,77.7,56.4,15.54,35.4,56.4,71.9,1366.0,0,0.0,,7.16
EV242601,2020.0,6317.0,36.0,99.8,0.3464,97.62,39.85,2.0,0.349,1.7,3.0,91.5,41.9,6.51,45.5,68.8,87.4,1450.0,0,2.0,0.2,2.24
EV265565,2022.0,39574.0,86.0,92.65,0.421,93.27,63.42,4.0,0.343,13.3,38.5,81.8,51.9,16.44,68.0,62.4,26.5,1330.0,0,0.0,7.35,4.0
EV269188,2020.0,68560.0,212.0,87.61,0.4742,94.98,64.0,6.0,0.556,20.4,46.9,72.8,49.6,21.88,68.3,59.0,54.5,1171.0,0,2.0,,5.79
EV271729,2017.0,118771.0,333.0,81.76,0.5036,91.14,58.08,3.0,0.117,26.5,44.7,59.6,54.0,24.68,14.2,58.8,34.0,968.0,0,,18.24,8.86
EV180730,2022.0,31549.0,159.0,87.61,0.4226,97.08,56.84,4.0,0.066,10.2,31.3,87.8,52.1,25.75,11.3,61.6,100.0,1239.0,0,0.0,6.96,4.01
EV143552,2022.0,40481.0,103.0,98.21,0.3858,94.98,87.1,7.0,0.466,15.4,44.2,76.4,59.3,14.94,23.5,52.3,54.1,1377.0,0,1.0,1.79,3.85
EV168200,2017.0,65218.0,277.0,87.56,0.4599,96.84,33.91,6.0,0.253,15.0,47.1,55.9,57.8,16.71,21.2,62.5,57.3,1048.0,0,3.0,12.44,8.95
EV152781,2022.0,21823.0,66.0,99.51,0.4031,95.36,39.85,4.0,0.053,5.4,10.5,74.7,63.9,12.32,35.5,45.8,81.6,1496.0,0,0.0,0.49,4.02
EV213297,2022.0,100856.0,354.0,74.89,0.5214,93.75,42.66,9.0,0.459,42.9,88.3,90.4,72.8,20.93,28.6,50.1,40.4,616.0,0,1.0,25.11,3.93
EV224994,2019.0,67270.0,215.0,79.11,0.5371,92.89,52.37,5.0,0.781,16.2,37.5,82.2,74.8,11.93,77.5,42.0,0.0,776.0,1,3.0,20.89,6.89
EV119452,2018.0,21053.0,156.0,91.88,0.4668,95.52,86.33,1.0,0.58,2.7,3.9,69.8,59.6,12.2,47.7,53.8,35.1,1205.0,0,4.0,8.12,7.91
EV265249,2022.0,66199.0,177.0,94.47,0.4486,97.63,85.67,3.0,0.457,39.0,55.9,80.2,44.3,7.19,51.0,56.6,71.0,1265.0,0,1.0,5.53,4.16
EV265580,2023.0,30157.0,59.0,87.61,0.3947,96.13,98.18,4.0,0.319,6.9,17.7,81.0,65.4,5.78,24.3,56.9,70.8,1030.0,0,1.0,1.96,3.22
EV223084,2020.0,86097.0,242.0,84.95,0.5365,93.39,53.59,7.0,0.197,17.2,47.2,66.5,64.2,29.23,36.5,47.9,35.5,1065.0,0,4.0,15.05,5.93
EV178440,2022.0,75115.0,228.0,87.71,0.4878,95.9,49.01,4.0,0.509,21.6,52.9,75.3,55.9,16.28,18.5,67.5,62.3,1114.0,0,4.0,12.29,4.15
EV227561,2021.0,73559.0,216.0,90.91,0.4356,97.09,67.02,8.0,0.27,29.5,39.7,77.2,58.3,16.8,41.6,55.9,74.1,1113.0,0,1.0,9.09,4.99
EV130828,2021.0,57943.0,216.0,82.18,0.4638,94.11,34.31,6.0,0.436,25.9,49.6,78.7,80.1,17.38,59.6,42.7,18.1,802.0,0,,17.82,4.95
EV117043,2018.0,153579.0,764.0,59.8,0.6285,91.55,24.14,13.0,0.224,22.1,67.1,59.5,85.5,45.11,7.7,27.9,48.1,245.0,1,3.0,40.2,7.97
EV202067,2017.0,111586.0,300.0,73.19,0.5915,91.16,56.58,4.0,0.511,27.2,42.3,69.0,79.4,18.33,47.3,45.8,13.3,606.0,1,4.0,26.81,9.01
EV100582,2020.0,78549.0,147.0,94.03,0.4147,96.65,50.57,4.0,0.28,12.9,37.4,83.0,62.6,12.46,2.4,55.5,78.2,1294.0,0,5.0,5.97,3.19
EV220786,2017.0,78549.0,163.0,86.69,0.3702,95.08,44.93,4.0,0.33,5.0,17.6,60.2,66.8,14.75,39.0,51.8,29.5,892.0,0,2.0,13.31,9.05
EV143522,2017.0,103524.0,355.0,82.56,0.4773,93.08,57.31,1.0,0.279,23.9,36.7,65.0,71.3,12.34,16.9,44.1,35.7,684.0,0,1.0,17.44,9.17
EV228177,2015.0,76627.0,174.0,94.26,0.4416,94.82,88.29,4.0,0.243,17.3,27.8,68.6,61.0,3.16,29.3,54.0,43.8,1257.0,0,4.0,5.74,10.8
EV268586,2024.0,10930.0,59.0,98.67,0.3704,97.55,91.97,1.0,0.07,3.8,9.0,100.0,56.4,3.14,9.8,55.5,79.7,1124.0,0,2.0,,1.87
EV254350,2018.0,17725.0,68.0,93.63,0.5204,95.26,40.55,1.0,0.242,2.1,3.0,60.0,48.0,25.3,44.2,62.5,44.4,675.0,0,0.0,6.37,8.11
EV110837,2019.0,251643.0,717.0,65.06,0.7276,89.89,45.36,11.0,0.662,69.2,112.5,78.2,72.1,22.73,87.2,48.8,0.0,493.0,1,7.0,34.94,7.35
EV190508,2018.0,72031.0,178.0,87.61,0.5022,96.32,69.58,2.0,0.223,27.5,34.2,56.8,66.5,20.65,56.5,44.5,76.7,1154.0,0,1.0,12.39,7.88
EV134877,2019.0,61964.0,121.0,93.3,0.4353,95.05,111.72,6.0,0.377,7.1,24.7,66.1,56.3,12.2,45.9,57.6,55.5,1309.0,0,1.0,6.7,7.1
EV232590,2019.0,322344.0,785.0,59.78,0.7141,90.7,46.2,11.0,0.799,76.2,47.1,62.5,70.8,37.27,79.8,45.3,0.0,414.0,1,2.0,40.22,7.17
EV256632,2019.0,90525.0,230.0,77.46,0.5905,92.57,55.19,6.0,0.207,14.8,44.4,69.1,52.3,23.74,32.2,58.7,70.8,430.0,0,3.0,22.54,6.99
EV101612,2018.0,9029.0,1.0,99.8,0.4363,96.51,85.44,1.0,0.332,2.3,3.0,80.8,42.5,10.57,15.7,66.8,56.3,1488.0,0,5.0,0.2,7.93
EV244057,2016.0,13833.0,1.0,97.52,0.41,95.81,82.03,1.0,0.408,1.1,3.0,58.2,47.1,17.66,33.5,66.5,56.6,1507.0,0,3.0,2.48,
EV205429,2019.0,8981.0,1.0,87.61,0.3648,96.94,95.31,2.0,0.137,1.2,3.0,62.6,46.1,17.18,5.4,68.6,67.5,1498.0,0,2.0,,6.91
EV280964,2019.0,238321.0,430.0,68.93,0.5863,94.91,71.81,11.0,0.581,41.0,109.3,72.9,77.9,28.66,41.5,35.2,13.3,533.0,1,4.0,31.07,7.14
EV275674,2020.0,99633.0,240.0,83.67,0.5063,95.02,73.83,5.0,0.22,22.0,57.2,64.4,64.5,24.18,43.6,49.4,61.5,752.0,0,4.0,16.33,
EV123573,2018.0,154186.0,302.0,85.6,0.5174,94.05,63.98,7.0,0.137,24.7,60.1,76.4,56.8,21.19,27.7,65.4,70.9,1075.0,0,1.0,14.4,7.62
EV131719,2023.0,35102.0,20.0,99.8,0.3174,95.59,89.49,1.0,0.394,20.4,26.4,82.9,43.6,0.0,35.8,62.7,30.5,1504.0,0,1.0,0.2,3.28
EV153781,2017.0,17143.0,177.0,87.11,0.4589,95.26,45.93,1.0,0.255,1.2,3.0,46.0,47.6,19.68,40.7,60.6,76.0,1162.0,0,1.0,12.89,9.29
EV187817,2022.0,32034.0,161.0,90.51,0.4231,94.15,43.36,1.0,0.13,8.4,25.0,83.4,52.2,14.06,26.8,61.4,86.9,1226.0,0,1.0,9.49,4.3
EV246755,2023.0,5223.0,1.0,99.8,0.3436,96.61,50.63,5.0,0.354,3.0,7.4,100.0,48.7,15.05,29.6,58.7,70.5,1030.0,0,2.0,0.2,3.04
EV245306,2018.0,8144.0,19.0,96.6,0.411,97.43,86.98,1.0,0.535,1.4,3.0,64.4,56.8,13.42,55.7,64.9,36.6,1467.0,0,2.0,3.4,8.0
EV297055,2016.0,316234.0,1389.0,48.28,0.8024,87.69,22.5,11.0,0.483,35.1,103.3,40.7,77.3,51.17,27.5,41.0,0.0,68.0,1,3.0,51.72,10.13
EV268262,2015.0,89444.0,269.0,89.97,0.4889,94.16,51.71,1.0,0.236,17.1,26.0,59.3,47.0,18.57,12.8,64.0,71.2,1091.0,0,5.0,10.03,11.14
EV129734,2022.0,62716.0,114.0,91.67,0.47,96.69,64.53,5.0,0.539,33.3,51.3,87.2,52.2,14.42,33.2,65.6,44.4,1273.0,0,2.0,8.33,3.97
EV187379,2017.0,287601.0,672.0,45.24,0.8983,89.45,40.12,3.0,0.379,42.4,104.3,56.9,60.4,44.26,62.1,51.5,0.0,70.0,1,5.0,54.76,9.04
EV198903,2015.0,265615.0,935.0,53.37,0.672,91.99,32.35,6.0,0.397,49.9,82.2,52.7,69.0,38.33,68.8,45.3,23.9,110.0,1,3.0,46.63,10.98
EV232064,2022.0,107535.0,312.0,83.46,0.499,94.02,53.58,8.0,0.319,46.5,82.7,84.7,54.2,18.58,33.2,57.1,13.7,965.0,0,3.0,16.54,4.05
EV112850,2022.0,45560.0,145.0,95.75,0.4472,95.85,63.86,4.0,0.043,20.4,34.5,100.0,56.0,5.32,0.0,62.7,52.1,1252.0,0,0.0,4.25,3.94
EV211545,2020.0,82793.0,315.0,75.98,0.5108,92.53,37.39,9.0,0.095,30.1,49.1,59.6,72.5,28.97,6.9,49.5,85.5,680.0,0,5.0,24.02,5.95
EV281527,2020.0,90373.0,159.0,93.67,0.3691,93.66,83.31,5.0,0.347,23.8,46.3,73.1,42.5,19.61,31.1,67.9,54.7,1271.0,0,0.0,6.33,6.11
EV229958,2015.0,363017.0,903.0,56.31,0.883,87.39,64.02,8.0,0.692,84.8,109.4,54.5,86.7,36.14,78.4,34.9,0.0,381.0,1,5.0,43.69,11.01
EV266141,2020.0,14756.0,1.0,99.8,0.3867,97.3,119.01,4.0,0.226,5.8,8.1,76.6,51.0,17.64,45.8,64.7,94.4,1471.0,0,3.0,0.2,6.0
EV209183,2018.0,78354.0,132.0,95.34,0.4113,97.06,107.69,4.0,0.457,15.9,32.8,62.1,54.6,21.48,0.0,59.3,37.8,1296.0,0,3.0,4.66,8.11
EV224401,2022.0,40911.0,80.0,98.04,0.4016,95.03,97.0,4.0,0.303,9.8,33.8,82.7,41.8,6.8,15.6,71.5,47.0,1414.0,0,5.0,1.96,3.83
EV259621,2019.0,61593.0,265.0,80.27,0.533,93.15,32.87,5.0,0.567,8.1,26.5,68.6,64.2,24.58,44.7,45.8,39.7,1010.0,0,5.0,19.73,7.05
EV274664,2022.0,78549.0,39.0,99.8,0.4093,94.98,60.55,1.0,0.027,1.0,3.0,84.2,47.0,16.91,7.4,68.5,49.4,1438.0,0,2.0,0.2,4.02
EV234617,2015.0,64115.0,134.0,92.89,0.4559,95.74,75.57,4.0,0.385,11.5,18.2,43.9,57.5,14.84,29.1,54.9,51.6,1329.0,0,3.0,7.11,11.1
EV211363,2022.0,76061.0,166.0,86.61,0.4189,95.75,69.91,5.0,0.564,40.6,70.4,91.6,64.9,13.03,34.5,55.3,0.0,919.0,0,3.0,13.39,3.77
EV184251,2015.0,67229.0,312.0,81.07,0.5836,92.79,42.01,3.0,0.595,12.3,24.9,56.9,56.8,15.9,25.2,55.6,24.1,960.0,0,1.0,18.93,10.84
EV245927,2023.0,26739.0,214.0,97.26,0.3644,96.58,116.59,1.0,0.3,11.8,30.6,83.9,46.3,11.97,31.6,60.8,69.6,1364.0,0,,2.74,2.7
EV191611,2016.0,21497.0,82.0,89.81,0.5297,94.76,83.41,2.0,0.451,1.9,47.1,51.8,44.4,22.16,60.7,62.4,45.1,659.0,0,1.0,10.19,9.99
EV232308,2019.0,72108.0,267.0,83.54,0.4856,95.08,49.59,8.0,0.09,13.6,35.8,72.7,65.6,21.33,1.0,53.5,55.9,748.0,0,4.0,16.46,6.95
EV199204,2016.0,74271.0,172.0,67.75,0.8584,94.98,50.34,2.0,0.319,19.4,25.9,25.1,68.8,37.61,86.1,43.7,34.5,436.0,1,1.0,32.25,10.26
EV214594,2023.0,53864.0,53.0,99.8,0.3814,97.12,116.81,6.0,0.249,26.8,62.2,82.0,49.0,11.08,29.2,58.1,76.8,1366.0,0,2.0,0.2,2.71
EV195943,2016.0,167604.0,359.0,82.32,0.5572,94.43,74.89,1.0,0.384,23.9,50.4,54.0,57.4,16.37,40.6,60.3,68.3,975.0,0,1.0,17.68,10.24
EV225870,2019.0,163119.0,479.0,74.08,0.6021,92.3,44.05,4.0,0.403,43.5,81.9,70.1,48.7,20.47,4.7,67.0,11.0,691.0,0,0.0,25.92,6.9
EV121295,2019.0,33870.0,89.0,97.93,0.4367,97.51,56.11,4.0,0.255,20.4,12.0,74.1,48.4,9.8,28.6,63.8,81.8,1457.0,0,4.0,,6.95
EV211856,2019.0,88211.0,120.0,85.51,0.5579,95.37,101.69,1.0,0.035,26.8,51.3,78.5,47.9,20.22,6.8,56.9,79.2,602.0,0,1.0,14.49,7.13
EV183055,2016.0,302734.0,837.0,60.68,0.7204,94.98,41.08,11.0,0.791,50.6,103.7,63.6,67.5,27.65,25.7,45.9,0.0,1030.0,1,4.0,39.32,9.95
EV128545,2021.0,48227.0,95.0,94.35,0.4561,96.66,55.05,1.0,0.272,11.1,31.1,79.2,54.8,6.41,15.8,65.1,82.7,1030.0,0,2.0,5.65,4.98
EV110575,2015.0,4239.0,76.0,99.8,0.3571,97.76,93.0,1.0,0.14,2.5,3.0,47.1,56.8,19.25,24.6,61.8,73.3,1427.0,0,1.0,,11.08
EV261857,2020.0,93488.0,110.0,90.7,0.4814,95.12,86.55,4.0,0.237,20.4,46.8,72.8,58.3,28.99,39.1,49.1,73.0,1265.0,0,3.0,9.3,6.22
EV113319,2020.0,221097.0,758.0,56.41,0.6717,88.37,31.82,10.0,0.379,28.5,92.2,74.9,74.3,26.0,49.1,41.9,11.6,206.0,1,2.0,43.59,8.07
EV151205,2021.0,150156.0,382.0,87.61,0.5905,93.48,57.7,9.0,0.551,55.9,93.3,64.5,65.8,24.3,93.3,53.6,26.8,1030.0,1,3.0,30.69,4.99
EV108480,2020.0,62986.0,140.0,93.13,0.4479,95.03,56.95,5.0,0.236,26.5,39.8,80.4,45.7,15.25,21.4,65.8,70.2,1275.0,0,0.0,6.87,5.89
EV106647,2018.0,130925.0,283.0,77.49,0.4757,95.11,65.15,4.0,0.226,17.9,53.4,80.1,72.6,18.33,30.7,45.4,76.8,730.0,0,4.0,22.51,8.03
EV260319,2020.0,109711.0,340.0,72.29,0.753,88.65,50.0,5.0,0.21,21.6,60.0,63.6,74.1,35.04,100.0,45.9,35.7,824.0,1,2.0,27.71,5.92
EV173177,2022.0,84001.0,289.0,86.99,0.5206,94.08,61.98,4.0,0.393,28.0,64.8,71.0,52.7,23.89,1.8,58.2,51.6,1051.0,0,,13.01,4.22
EV257724,2021.0,92288.0,205.0,90.25,0.469,94.61,78.84,6.0,0.054,26.9,65.9,77.9,44.5,17.32,5.9,69.6,52.1,1203.0,0,1.0,9.75,4.84
EV128874,2015.0,78549.0,984.0,59.47,0.7099,90.77,20.55,8.0,0.51,19.3,48.0,51.4,65.6,38.96,35.4,48.7,35.1,317.0,1,2.0,40.53,11.09
EV231634,2017.0,500.0,1.0,95.92,0.3622,97.91,61.32,1.0,0.566,2.4,3.0,68.6,62.7,8.51,48.8,52.7,70.3,1134.0,0,6.0,,8.97
EV204356,2022.0,17876.0,66.0,95.05,0.3913,95.37,85.39,2.0,0.415,1.0,3.0,71.4,67.3,11.82,48.6,41.0,41.8,1030.0,0,2.0,4.95,4.03
EV110197,2016.0,24249.0,74.0,95.74,0.4468,96.38,85.56,3.0,0.285,4.1,9.8,59.2,48.1,20.07,2.0,58.5,58.3,1401.0,0,,4.26,
EV134380,2020.0,138960.0,311.0,79.71,0.5063,93.63,66.92,9.0,0.65,20.4,75.8,68.5,67.0,17.57,59.1,47.3,0.0,1030.0,0,2.0,20.29,6.09
EV249185,2020.0,73911.0,215.0,77.64,0.5654,95.28,49.19,12.0,0.494,46.4,47.1,87.3,74.1,23.41,74.3,45.6,26.2,779.0,0,2.0,22.36,2.83
EV104065,2017.0,97909.0,242.0,88.32,0.4851,93.51,72.94,4.0,0.15,12.7,37.3,79.4,55.6,21.78,0.0,54.8,55.8,1122.0,0,3.0,11.68,8.9
EV195125,2023.0,9363.0,1.0,99.8,0.3241,94.74,57.12,1.0,0.022,8.7,21.7,82.2,44.7,12.09,0.0,68.3,69.4,1436.0,0,2.0,0.2,2.72
EV176973,2017.0,208549.0,429.0,68.49,0.5257,92.12,59.56,5.0,0.319,50.5,74.8,72.3,64.4,25.83,37.6,57.4,19.1,510.0,0,2.0,31.51,
EV171277,2021.0,100127.0,127.0,88.39,0.4601,95.15,103.66,4.0,0.475,19.9,64.7,75.8,56.7,16.77,71.2,62.1,0.0,1165.0,0,2.0,11.61,5.01
EV210303,2018.0,84503.0,248.0,87.35,0.5066,95.91,53.73,5.0,0.341,15.0,37.8,60.0,56.1,18.33,1.2,60.1,55.8,1090.0,0,1.0,12.65,
EV279456,2021.0,111416.0,374.0,81.37,0.5427,93.9,50.94,5.0,0.398,17.8,61.8,68.0,54.7,25.16,2.4,53.7,54.0,889.0,0,2.0,18.63,5.05
EV216785,2021.0,74772.0,131.0,91.19,0.441,95.7,117.76,1.0,0.175,32.5,45.7,82.9,51.9,15.89,30.9,56.8,74.9,1238.0,0,3.0,,5.09
EV241878,2017.0,500.0,1.0,99.8,0.3352,98.38,104.22,1.0,0.112,1.0,3.0,72.6,59.3,15.32,19.0,63.2,73.4,1171.0,0,2.0,0.2,9.03
EV286346,2021.0,157193.0,571.0,71.65,0.634,90.61,48.7,15.0,0.319,50.6,115.8,71.0,63.6,28.02,43.2,48.9,0.0,658.0,1,4.0,28.35,4.85
EV176803,2022.0,48044.0,97.0,92.09,0.4662,94.86,86.35,5.0,0.236,14.5,46.1,77.4,50.5,20.52,0.1,60.9,74.6,1354.0,0,3.0,7.91,3.84
EV111887,2017.0,100590.0,198.0,85.85,0.5063,94.01,82.97,3.0,0.301,12.4,36.0,65.9,75.1,20.09,32.6,48.2,65.9,898.0,0,4.0,14.15,9.21
EV111296,2018.0,103148.0,439.0,77.77,0.6199,92.51,46.57,1.0,0.633,11.9,41.4,72.5,70.1,24.74,23.8,39.5,14.6,786.0,0,0.0,22.23,8.03
EV243807,2017.0,161931.0,327.0,82.03,0.5194,97.2,70.72,6.0,0.385,33.3,64.8,64.4,57.8,13.98,30.3,51.6,59.3,988.0,0,6.0,17.97,8.74
EV169888,2019.0,149876.0,465.0,75.72,0.5817,92.9,47.93,6.0,0.076,30.2,71.6,67.5,61.2,21.09,41.0,55.2,93.2,849.0,0,2.0,24.28,7.12
EV287616,2022.0,47924.0,158.0,87.54,0.466,96.78,57.02,8.0,0.04,20.7,53.0,79.6,64.0,14.89,48.3,56.7,100.0,884.0,0,3.0,12.46,3.79
EV221718,2017.0,213915.0,214.0,62.07,0.583,92.64,35.71,11.0,0.203,39.0,77.6,41.8,79.0,48.68,30.3,37.0,65.5,348.0,1,4.0,37.93,9.2
EV296242,2024.0,500.0,40.0,97.06,0.3956,95.69,58.09,2.0,0.33,2.7,9.0,99.5,40.4,9.32,16.9,73.1,33.6,1444.0,0,1.0,2.94,2.0
EV195465,2018.0,140215.0,280.0,86.69,0.5039,97.22,80.87,1.0,0.269,21.0,61.9,82.0,57.3,21.87,10.2,56.8,52.1,1053.0,0,6.0,13.31,7.66
EV230093,2022.0,142567.0,274.0,78.29,0.4934,95.39,90.75,5.0,0.502,78.1,120.0,85.8,74.8,25.52,45.9,47.6,42.0,734.0,1,3.0,21.71,4.03
EV106349,2020.0,500.0,214.0,96.87,0.4044,97.37,58.64,1.0,0.319,2.0,6.5,86.9,45.4,9.2,50.1,65.8,52.7,1486.0,0,2.0,3.13,7.1
EV133533,2021.0,3749.0,33.0,93.4,0.4106,95.92,58.34,1.0,0.534,3.8,10.6,78.0,38.7,15.38,17.4,71.0,50.2,678.0,0,1.0,6.6,4.75
EV165353,2019.0,116046.0,200.0,88.51,0.4459,94.98,83.73,4.0,0.319,25.6,58.0,76.1,53.6,27.25,36.8,60.0,35.0,1175.0,0,1.0,11.49,6.8
EV134801,2015.0,212652.0,214.0,76.44,0.5825,92.05,70.76,4.0,0.353,32.8,64.4,62.4,62.8,20.04,26.7,58.7,38.9,780.0,0,1.0,23.56,10.99
EV109434,2021.0,82037.0,449.0,63.2,0.7815,91.6,25.75,6.0,0.268,24.3,42.1,84.5,59.5,25.66,56.1,62.9,32.3,217.0,1,6.0,36.8,5.16
EV139775,2018.0,78549.0,84.0,84.41,0.627,94.98,58.11,1.0,0.612,1.5,3.0,62.0,56.8,17.78,33.2,43.7,0.0,1227.0,0,1.0,15.59,8.01
EV226049,2019.0,81096.0,257.0,85.19,0.4302,96.1,64.65,3.0,0.141,13.8,40.4,76.7,71.0,18.98,0.0,49.2,80.7,782.0,0,1.0,14.81,7.08
EV144860,2021.0,60276.0,194.0,89.87,0.4635,95.02,69.95,1.0,0.469,22.0,49.7,86.7,56.8,12.92,48.2,68.7,37.9,1151.0,0,,10.13,4.86
EV261043,2018.0,99623.0,345.0,83.34,0.5533,94.32,52.94,4.0,0.487,17.8,39.6,58.3,53.0,21.15,24.5,60.6,23.7,982.0,0,2.0,16.66,8.02
EV262724,2020.0,23179.0,112.0,88.8,0.4169,94.34,67.45,4.0,0.366,33.3,46.2,89.7,63.6,8.4,38.6,47.8,48.2,973.0,0,1.0,11.2,1.81
EV172980,2018.0,128305.0,372.0,74.35,0.4995,95.48,52.65,5.0,0.204,23.2,50.3,72.6,68.5,19.18,29.4,58.6,56.7,573.0,0,2.0,25.65,8.07
EV183191,2019.0,244814.0,586.0,51.59,0.8366,89.19,41.66,9.0,0.376,76.4,122.5,61.6,69.5,30.2,37.2,46.9,8.0,101.0,1,0.0,48.41,6.91
EV250062,2016.0,81335.0,202.0,90.58,0.5063,97.31,63.33,3.0,0.319,17.1,28.7,58.0,43.7,18.62,52.5,67.8,65.9,1175.0,0,2.0,9.42,10.03
EV113846,2020.0,105633.0,220.0,91.64,0.4287,94.09,82.8,5.0,0.069,27.3,65.9,80.8,51.1,14.69,7.5,58.2,88.5,1155.0,0,1.0,8.36,5.86
EV111528,2023.0,50106.0,95.0,95.62,0.4335,95.57,64.02,7.0,0.409,26.6,62.3,100.0,55.2,9.71,60.1,57.8,31.5,1372.0,0,0.0,4.38,3.12
EV240255,2023.0,41038.0,82.0,90.68,0.4467,95.3,85.04,2.0,0.369,19.3,41.5,92.4,60.5,13.23,23.0,60.1,54.7,1022.0,0,1.0,9.32,2.91
EV199853,2020.0,120000.0,532.0,49.99,0.8732,88.66,24.16,10.0,0.32,32.1,70.0,80.5,65.2,34.65,38.7,56.0,17.0,147.0,1,5.0,50.01,6.08
EV160790,2021.0,90445.0,227.0,85.78,0.509,96.34,72.01,1.0,0.219,26.8,47.1,81.7,51.2,25.5,71.2,60.4,55.9,1092.0,0,1.0,14.22,4.83
EV223557,2020.0,128927.0,204.0,91.78,0.4388,96.93,64.02,6.0,0.329,34.8,66.5,72.0,51.6,21.82,37.4,61.3,68.2,1220.0,0,,8.22,6.25
EV150820,2015.0,111181.0,214.0,80.05,0.5064,91.79,65.4,4.0,0.639,19.7,30.2,37.0,49.6,38.15,73.3,52.0,0.0,996.0,1,2.0,19.95,11.2
EV138024,2023.0,15493.0,1.0,99.8,0.4081,96.23,92.14,5.0,0.151,10.5,28.4,87.0,49.0,0.0,6.1,65.0,86.1,1529.0,0,3.0,0.2,3.03
EV133681,2020.0,148289.0,214.0,71.26,0.4991,92.47,46.98,7.0,0.344,49.3,84.5,81.9,67.4,22.67,32.7,50.8,18.8,543.0,0,1.0,28.74,6.03
EV104558,2024.0,39346.0,154.0,91.02,0.4774,97.0,46.69,10.0,0.395,28.7,76.2,86.9,49.8,8.72,57.0,47.7,31.1,1266.0,0,3.0,8.98,1.96
EV137998,2024.0,22468.0,51.0,92.1,0.5167,94.59,101.01,5.0,0.395,26.0,46.6,86.5,45.5,9.55,22.9,68.7,52.1,682.0,0,2.0,7.9,2.15
EV122956,2017.0,160612.0,378.0,79.02,0.5902,94.67,78.03,1.0,0.199,45.0,59.1,71.1,53.8,22.24,57.2,67.1,50.5,930.0,0,1.0,20.98,8.96
EV117842,2021.0,214661.0,994.0,36.34,0.9878,88.16,15.94,24.0,0.672,92.2,150.2,79.9,64.5,40.58,53.9,56.1,0.0,0.0,1,1.0,63.66,5.05
EV248613,2019.0,73409.0,211.0,80.35,0.588,93.5,58.29,4.0,0.212,22.9,41.2,82.2,57.6,16.27,0.0,63.5,53.3,497.0,0,3.0,19.65,7.15
EV174291,2015.0,95021.0,146.0,92.2,0.4477,94.44,64.02,1.0,0.114,21.6,28.0,66.9,52.3,25.37,8.1,64.6,90.3,1273.0,0,0.0,7.8,11.01
EV267658,2020.0,265090.0,592.0,52.49,0.9199,90.83,46.88,6.0,0.371,47.2,143.4,76.8,62.1,37.54,17.5,55.1,19.1,91.0,1,3.0,47.51,6.03
EV210328,2024.0,17762.0,77.0,92.03,0.4706,93.3,78.18,1.0,0.086,4.8,13.3,96.3,60.3,16.3,46.3,58.4,93.0,1267.0,0,4.0,7.97,1.98
EV263692,2021.0,56749.0,295.0,83.26,0.506,96.6,35.7,1.0,0.358,11.8,36.1,85.8,54.7,9.1,47.9,51.2,59.2,990.0,0,3.0,16.74,5.1
EV100039,2022.0,32997.0,214.0,98.96,0.4157,97.61,91.65,2.0,0.183,7.9,27.3,93.2,63.5,9.66,23.9,50.8,86.7,1454.0,0,0.0,,4.02
EV298786,2022.0,52124.0,213.0,88.25,0.4346,96.21,62.64,5.0,0.616,19.0,49.4,87.2,43.9,5.99,34.2,58.2,0.0,1123.0,0,1.0,11.75,3.91
EV231421,2018.0,57351.0,293.0,83.27,0.4198,95.79,36.13,2.0,0.374,13.9,25.6,81.4,65.9,19.72,24.3,53.0,31.9,749.0,0,2.0,16.73,7.75
EV281371,2018.0,17209.0,106.0,92.03,0.3962,95.12,68.31,4.0,0.537,1.2,3.6,71.5,47.1,7.87,33.3,65.9,49.7,1325.0,0,1.0,7.97,8.12
EV197756,2020.0,176489.0,573.0,68.69,0.6673,91.52,64.02,4.0,0.748,34.8,100.9,72.1,56.4,25.56,65.9,56.1,2.4,633.0,0,1.0,31.31,6.12
EV103947,2020.0,136218.0,517.0,71.45,0.5308,92.76,40.83,9.0,0.245,29.8,76.0,86.1,70.4,24.78,5.9,47.9,63.2,480.0,0,2.0,28.55,4.96
EV216443,2024.0,59972.0,178.0,89.95,0.4892,93.64,70.18,5.0,0.401,44.3,86.7,98.9,50.4,3.88,33.2,64.0,33.3,1196.0,0,4.0,10.05,2.07
EV193799,2016.0,137108.0,271.0,79.91,0.4822,94.12,94.53,5.0,0.544,15.2,50.8,59.2,80.8,25.98,41.1,37.7,46.9,708.0,0,5.0,20.09,9.81
EV133561,2015.0,215563.0,438.0,78.29,0.5514,94.98,60.05,7.0,0.158,25.1,59.3,61.0,57.7,24.54,28.3,56.6,93.1,798.0,0,0.0,21.71,10.93
EV263470,2016.0,87724.0,253.0,84.14,0.5909,94.98,68.97,1.0,0.392,9.9,27.9,72.8,73.0,11.15,64.3,46.7,45.6,1058.0,0,2.0,15.86,10.11
EV264853,2023.0,78549.0,276.0,80.42,0.5343,93.67,50.77,6.0,0.513,43.1,81.4,88.4,73.6,19.02,48.8,47.7,23.2,716.0,0,5.0,19.58,3.12
EV135118,2018.0,58538.0,214.0,85.84,0.5063,94.55,58.9,2.0,0.264,6.7,22.0,64.7,56.7,16.49,50.1,58.5,53.0,1092.0,0,3.0,14.16,7.69
EV248527,2019.0,127885.0,283.0,76.89,0.5256,93.34,71.49,7.0,0.78,20.8,63.1,55.1,83.3,28.53,48.4,35.6,0.0,694.0,1,4.0,23.11,7.03
EV280174,2019.0,32364.0,24.0,99.8,0.3025,96.37,76.0,1.0,0.077,9.6,13.0,73.1,59.3,8.03,41.6,57.0,60.4,1149.0,0,2.0,0.2,7.01
EV246799,2024.0,43763.0,137.0,96.08,0.3844,96.73,86.27,5.0,0.4,28.7,84.0,100.0,49.5,4.56,35.7,56.9,52.1,1313.0,0,2.0,3.92,1.88
EV207795,2020.0,127318.0,301.0,86.24,0.538,96.14,76.37,4.0,0.375,30.5,53.3,66.0,58.7,20.94,2.6,58.2,56.8,1020.0,0,1.0,13.76,8.19
EV227877,2023.0,48987.0,278.0,86.62,0.5044,96.61,45.66,6.0,0.321,33.2,53.1,87.6,59.1,15.52,49.9,55.6,49.0,1039.0,0,2.0,,2.95
EV108335,2020.0,87532.0,194.0,90.85,0.4628,96.21,97.46,4.0,0.319,19.9,52.6,69.6,47.5,19.61,28.8,66.1,67.4,1157.0,0,3.0,9.15,5.85
EV284071,2021.0,121407.0,261.0,85.2,0.5063,96.12,61.85,5.0,0.215,44.1,78.1,81.7,67.2,14.51,12.9,48.5,47.0,1030.0,0,1.0,14.8,5.11
EV236560,2024.0,42999.0,118.0,99.8,0.3372,97.56,88.14,6.0,0.282,18.8,53.6,94.1,45.2,13.5,20.5,55.0,60.7,1406.0,0,1.0,0.2,1.81
EV183561,2020.0,135833.0,345.0,74.06,0.5093,93.22,65.67,9.0,0.62,21.9,76.3,79.3,64.6,16.43,31.5,47.7,3.9,606.0,0,3.0,25.94,5.82
EV171315,2024.0,61247.0,93.0,89.95,0.4459,98.13,88.6,4.0,0.228,34.7,93.0,87.3,61.3,18.33,46.3,53.3,59.7,998.0,0,1.0,10.05,2.13
EV237246,2016.0,148664.0,318.0,77.97,0.4654,92.85,73.54,8.0,0.374,20.9,47.8,63.0,78.9,29.7,23.5,56.9,39.4,1030.0,0,3.0,22.03,10.01
EV188693,2024.0,29656.0,45.0,99.47,0.3879,94.88,72.59,7.0,0.43,13.3,31.3,91.0,50.0,5.5,40.5,62.7,34.6,1460.0,0,,0.53,1.88
EV270196,2022.0,78549.0,30.0,99.8,0.3786,96.27,91.23,1.0,0.189,1.5,5.0,95.2,56.8,4.17,13.8,48.2,50.6,1170.0,0,2.0,0.2,4.11
EV125298,2021.0,53705.0,87.0,94.41,0.3588,95.23,109.57,3.0,0.353,22.2,36.1,79.4,60.1,14.11,17.1,57.4,58.0,1051.0,0,3.0,5.59,4.76
EV206526,2021.0,36744.0,329.0,84.64,0.5317,93.87,34.5,6.0,0.314,7.6,21.8,68.9,59.2,5.56,13.0,55.6,62.1,1042.0,0,0.0,15.36,4.96
EV222169,2016.0,286398.0,1151.0,57.46,0.7811,89.43,64.02,13.0,0.282,38.1,95.5,48.2,66.3,32.25,36.5,48.9,18.4,166.0,1,3.0,42.54,10.12
EV109931,2023.0,93799.0,192.0,87.61,0.5766,91.28,77.15,10.0,0.719,57.2,47.1,72.0,68.8,29.47,82.4,49.1,0.0,1095.0,1,1.0,17.78,3.03
EV116970,2020.0,78549.0,808.0,58.0,0.8055,91.64,29.22,18.0,0.306,81.0,113.2,66.5,81.9,25.03,91.2,39.2,33.0,389.0,1,7.0,42.0,6.01
EV277018,2016.0,138882.0,454.0,64.59,0.6914,93.59,39.0,6.0,0.326,24.1,47.2,50.9,92.7,33.35,63.0,40.8,46.9,426.0,1,6.0,35.41,10.15
EV194480,2021.0,145614.0,366.0,75.47,0.59,91.49,57.27,5.0,0.612,32.1,89.9,78.4,70.1,23.68,38.7,40.3,8.0,866.0,0,4.0,24.53,5.43
EV282861,2022.0,49186.0,128.0,92.48,0.4128,96.51,70.42,5.0,0.556,21.4,54.9,80.7,47.1,10.32,24.5,62.0,67.9,1275.0,0,1.0,7.52,3.78
EV256706,2023.0,50048.0,86.0,88.57,0.4282,95.07,77.99,4.0,0.743,14.4,37.5,89.6,52.5,12.08,30.8,60.5,34.3,936.0,0,4.0,11.43,2.9
EV137711,2018.0,36283.0,150.0,90.78,0.4605,93.55,71.12,6.0,0.346,13.5,17.9,63.3,47.8,11.98,19.7,64.4,59.6,1289.0,0,4.0,9.22,7.85
EV241081,2019.0,101280.0,279.0,80.67,0.5971,92.92,71.82,1.0,0.237,29.1,48.9,68.9,61.7,22.72,48.2,57.0,43.9,940.0,0,1.0,19.33,6.79
EV278503,2020.0,66461.0,126.0,90.33,0.4541,95.46,83.23,2.0,0.391,16.7,36.0,71.9,57.0,19.64,47.1,56.9,60.1,1275.0,0,1.0,9.67,5.77
EV260279,2018.0,282653.0,857.0,65.67,0.692,93.79,42.97,12.0,0.556,40.3,115.5,60.2,64.9,27.49,62.0,47.6,0.0,449.0,1,1.0,34.33,8.08
EV162651,2019.0,205741.0,803.0,41.29,0.9856,89.61,20.97,13.0,0.715,50.4,98.1,71.4,71.4,38.41,33.2,50.9,0.0,0.0,1,2.0,58.71,6.87
EV224659,2018.0,1379.0,1.0,99.8,0.3059,94.98,81.94,1.0,0.269,2.5,3.0,53.0,59.8,22.73,41.4,51.6,41.3,1237.0,0,2.0,0.2,7.93
EV244038,2020.0,24632.0,214.0,89.63,0.5074,95.94,87.87,1.0,0.203,5.6,13.6,72.1,56.8,16.62,35.7,63.7,75.0,636.0,0,5.0,10.37,6.04
EV265998,2019.0,149336.0,522.0,70.74,0.526,93.88,43.78,12.0,0.079,46.3,68.2,85.6,66.8,20.91,16.4,49.1,84.3,462.0,0,4.0,29.26,7.01
EV217415,2022.0,8879.0,79.0,94.05,0.3913,93.59,56.67,1.0,0.053,4.7,6.6,93.3,59.2,3.2085,16.4,55.9,52.1,1400.0,0,3.0,5.95,4.07
EV267403,2015.0,228132.0,317.0,77.97,0.4891,92.07,64.02,7.0,0.494,27.4,70.4,53.8,64.3,21.92,57.4,49.2,32.8,747.0,0,2.0,22.03,10.95
EV268416,2017.0,164959.0,484.0,75.43,0.5249,94.58,49.75,6.0,0.208,20.4,60.0,72.2,51.7,20.23,37.1,68.0,66.5,773.0,0,2.0,24.57,9.05
EV182114,2020.0,43499.0,184.0,85.49,0.4363,95.33,70.46,1.0,0.312,6.6,22.6,68.9,63.4,24.94,19.3,55.1,60.2,915.0,0,4.0,14.51,6.02
EV249327,2019.0,95030.0,214.0,87.61,0.5753,94.6,41.9,8.0,0.34,27.5,42.6,73.5,63.8,18.3,15.3,56.9,49.8,940.0,0,3.0,19.91,6.86
EV218099,2019.0,59756.0,81.0,99.22,0.409,96.8,93.37,1.0,0.33,14.6,19.9,64.0,51.5,10.13,33.2,66.6,73.6,1373.0,0,2.0,0.78,6.82
EV151236,2022.0,33375.0,126.0,83.57,0.5591,94.22,48.2,6.0,0.174,9.9,32.1,66.0,51.9,22.38,14.7,56.9,41.3,560.0,0,2.0,16.43,3.86
EV247968,2024.0,32707.0,111.0,89.71,0.351,94.51,78.65,3.0,0.231,23.6,53.6,99.8,62.0,8.84,8.8,51.6,65.0,936.0,0,1.0,10.29,2.05
EV165256,2017.0,296787.0,747.0,58.76,0.7929,90.82,45.12,9.0,0.733,79.2,109.6,47.4,74.2,35.37,98.6,37.2,0.0,440.0,1,,41.24,9.09
EV251980,2021.0,120717.0,248.0,83.95,0.5942,95.64,88.42,9.0,0.25,40.1,80.5,75.9,55.7,17.38,21.9,53.5,71.6,1081.0,0,3.0,16.05,5.05
EV116193,2021.0,176734.0,574.0,70.0,0.6285,93.73,40.06,12.0,0.959,41.4,110.8,72.8,61.9,26.59,69.0,49.8,0.0,679.0,1,5.0,30.0,4.99
EV157859,2024.0,29020.0,21.0,92.06,0.4542,96.43,65.77,4.0,0.213,34.8,43.8,87.0,57.1,14.16,64.3,59.9,48.2,1341.0,0,1.0,7.94,2.02
EV267590,2015.0,42072.0,79.0,93.27,0.4524,95.98,64.02,1.0,0.414,4.2,11.5,72.8,54.0,16.32,52.1,52.5,35.2,1295.0,0,1.0,6.73,11.19
EV276334,2018.0,113223.0,211.0,86.06,0.4403,92.69,81.07,9.0,0.223,17.2,49.6,76.6,66.0,18.18,24.8,53.8,54.3,829.0,0,2.0,13.94,8.03
EV122592,2021.0,31977.0,75.0,92.6,0.4078,96.65,115.63,5.0,0.456,8.9,29.3,91.7,58.7,9.53,58.6,56.9,19.2,1033.0,0,4.0,7.4,4.95
EV178632,2017.0,129734.0,604.0,66.55,0.5758,93.2,29.94,7.0,0.148,25.5,50.3,50.9,87.0,35.95,0.0,36.2,45.8,436.0,1,6.0,33.45,8.9
EV169296,2020.0,42468.0,51.0,99.29,0.4431,95.74,84.54,4.0,0.186,16.4,28.4,76.2,44.8,9.47,16.5,64.2,42.5,1437.0,0,5.0,0.71,5.95
EV251454,2018.0,268357.0,1168.0,43.46,0.7476,86.7,19.87,15.0,0.394,38.8,111.8,61.6,94.7,161.35,42.9,23.7,0.0,18.0,1,5.0,56.54,7.92
EV121210,2020.0,47458.0,137.0,87.66,0.4758,95.1,73.32,1.0,0.339,21.1,26.8,87.8,51.9,20.9,3.5,58.3,33.9,1193.0,0,5.0,12.34,6.35
EV193191,2021.0,66183.0,192.0,89.35,0.4473,96.32,66.24,5.0,0.597,16.3,47.1,80.0,61.9,16.93,51.1,52.7,31.4,1143.0,0,2.0,10.65,5.06
EV147455,2023.0,79140.0,214.0,95.7,0.3835,94.8,73.91,9.0,0.227,29.6,71.3,86.7,43.8,18.33,16.0,68.1,71.9,1301.0,0,5.0,4.3,3.18
EV103716,2023.0,68792.0,134.0,97.13,0.4208,95.63,62.71,11.0,0.185,26.1,75.6,83.1,50.1,11.97,15.3,59.4,74.8,1341.0,0,2.0,2.87,2.86
EV154299,2024.0,27115.0,133.0,95.91,0.3715,95.97,52.82,4.0,0.196,12.2,19.5,89.6,57.0,9.82,20.2,49.8,75.1,1018.0,0,2.0,4.09,
EV224124,2021.0,96819.0,236.0,90.27,0.4429,95.68,76.45,4.0,0.233,17.5,53.4,73.3,58.8,16.43,19.3,55.7,51.6,1164.0,0,3.0,9.73,4.82
EV118331,2022.0,124667.0,463.0,56.83,0.8112,90.98,32.5,14.0,0.351,47.1,115.5,74.4,64.0,40.21,42.1,56.0,19.4,209.0,1,3.0,43.17,3.7
EV214497,2017.0,157210.0,487.0,68.55,0.5363,92.74,42.16,4.0,0.27,22.9,56.4,51.0,70.5,33.49,25.0,42.0,36.5,541.0,0,1.0,31.45,8.97
EV207981,2020.0,26694.0,50.0,91.23,0.5825,96.36,81.25,3.0,0.124,19.5,48.9,88.1,44.3,14.68,51.3,62.3,90.9,685.0,0,1.0,8.77,2.02
EV176327,2016.0,171513.0,448.0,74.72,0.6381,92.38,60.51,1.0,0.358,45.3,60.6,57.9,49.9,28.29,29.2,60.5,52.5,809.0,0,4.0,25.28,10.14
EV187659,2017.0,252961.0,1123.0,32.58,1.1553,88.45,14.76,18.0,0.414,30.4,96.9,68.2,68.9,48.81,48.5,45.6,0.0,0.0,1,3.0,67.42,9.19
EV105286,2020.0,78549.0,319.0,66.43,0.747,91.58,48.29,7.0,0.402,19.3,47.1,65.1,59.3,22.5,23.4,56.9,27.0,286.0,0,4.0,33.57,6.05
EV151855,2017.0,34297.0,44.0,99.8,0.3313,94.98,86.36,2.0,0.267,12.5,18.0,72.8,62.0,13.54,2.8,57.1,52.1,1135.0,0,1.0,0.2,8.7
EV235510,2017.0,30934.0,154.0,90.08,0.3749,94.47,36.53,8.0,0.311,3.8,9.5,66.8,56.8,14.09,9.5,56.9,65.7,964.0,0,4.0,9.92,9.03
EV105867,2016.0,45659.0,92.0,97.67,0.3919,95.44,84.88,2.0,0.242,5.7,17.1,67.3,49.9,12.76,6.5,67.0,58.9,1380.0,0,0.0,2.33,9.82
EV172535,2023.0,15304.0,38.0,99.26,0.4048,96.69,52.87,3.0,0.529,1.8,3.0,87.3,47.7,7.8,40.7,62.7,49.2,1432.0,0,4.0,0.74,3.04
EV286066,2021.0,22722.0,23.0,97.37,0.4172,94.58,70.29,2.0,0.242,10.4,16.1,72.8,50.8,22.95,16.2,63.2,78.5,1405.0,0,5.0,2.63,4.92
EV184588,2017.0,67031.0,140.0,96.29,0.4459,97.45,83.07,2.0,0.319,10.1,24.0,65.9,44.5,12.96,23.7,56.9,55.6,1307.0,0,4.0,3.71,8.75
EV172612,2015.0,170856.0,424.0,79.41,0.5965,93.44,56.46,3.0,0.319,23.2,54.0,50.2,62.0,29.68,19.9,64.3,26.6,889.0,0,3.0,20.59,11.27
EV299139,2023.0,60494.0,148.0,95.67,0.4175,98.41,91.78,7.0,0.051,21.1,54.1,77.3,52.8,8.55,24.0,56.9,96.9,1297.0,0,2.0,4.33,3.24
EV264567,2015.0,75592.0,151.0,78.38,0.6675,94.83,64.68,1.0,0.441,20.9,25.8,36.8,56.1,30.67,40.9,63.6,38.7,516.0,0,0.0,,11.01
EV140263,2015.0,185074.0,348.0,78.34,0.4914,92.92,71.88,5.0,0.553,16.7,54.3,55.2,69.2,18.69,19.6,42.3,15.4,904.0,0,1.0,21.66,11.1
EV253164,2019.0,4357.0,32.0,97.36,0.3574,93.9,45.72,1.0,0.483,1.2,3.0,72.8,48.5,22.6,3.7,54.2,52.2,1436.0,0,0.0,2.64,7.25
EV200776,2019.0,86977.0,351.0,87.61,0.4897,95.36,46.06,4.0,0.283,15.7,42.1,71.7,65.0,29.69,2.3,57.3,69.4,606.0,0,0.0,23.95,6.81
EV189529,2016.0,95838.0,243.0,89.61,0.4909,97.26,71.74,8.0,0.065,15.5,35.2,72.8,55.0,21.87,26.9,59.5,82.1,1132.0,0,1.0,10.39,9.91
EV271427,2021.0,45815.0,152.0,87.61,0.4323,94.46,49.68,2.0,0.526,17.7,25.2,88.8,55.2,5.26,41.5,55.8,39.5,1184.0,0,0.0,10.11,4.8
EV187092,2024.0,20901.0,24.0,97.3,0.4009,97.74,87.86,7.0,0.457,38.7,54.6,93.4,54.0,14.25,39.8,68.6,38.8,1457.0,0,2.0,2.7,1.83
EV114429,2020.0,64385.0,236.0,87.61,0.5527,95.0,67.6,4.0,0.27,18.9,31.4,74.3,53.8,18.13,25.1,60.4,60.5,1072.0,0,,13.54,5.7
EV281025,2018.0,285488.0,766.0,52.61,0.6846,88.41,37.93,14.0,0.782,64.5,121.3,49.9,88.7,47.56,67.4,26.8,0.0,244.0,1,3.0,47.39,7.91
EV265639,2022.0,63229.0,216.0,87.99,0.5373,95.01,64.02,7.0,0.207,16.3,53.2,85.9,53.7,18.33,25.5,60.5,67.2,1160.0,0,0.0,,4.03
EV206044,2020.0,166506.0,521.0,71.75,0.654,95.06,49.64,11.0,0.246,28.6,55.4,42.2,62.9,30.11,42.3,52.8,66.8,665.0,1,4.0,28.25,10.01
EV243523,2017.0,224138.0,792.0,64.07,0.7181,90.51,35.31,6.0,0.232,27.2,79.4,56.6,81.3,42.18,54.5,33.1,48.9,481.0,1,3.0,35.93,9.08
EV105155,2024.0,47054.0,100.0,93.8,0.4263,94.98,90.79,3.0,0.431,20.4,47.1,91.0,50.7,11.85,42.0,55.4,85.8,1302.0,0,1.0,6.2,2.31
EV227147,2016.0,450000.0,1448.0,50.8,0.8062,88.29,31.64,15.0,0.583,73.7,47.1,48.1,69.1,43.02,48.0,50.2,0.0,20.0,1,,49.2,10.08
EV204525,2024.0,53625.0,212.0,93.56,0.3908,94.2,64.02,11.0,0.141,24.9,81.4,93.3,44.2,5.61,2.8,56.9,59.6,1223.0,0,4.0,6.44,2.01
EV190739,2023.0,22759.0,107.0,94.37,0.3676,97.15,99.83,3.0,0.28,9.2,30.3,97.7,55.6,6.76,24.0,61.3,96.7,1007.0,0,1.0,5.63,3.24
EV205531,2017.0,194454.0,541.0,75.43,0.5545,94.12,57.92,4.0,0.218,38.5,73.3,66.7,51.0,16.5,4.4,55.3,67.5,673.0,0,0.0,24.57,9.2
EV141745,2021.0,11894.0,65.0,95.67,0.4451,97.11,61.42,1.0,0.483,1.5,3.0,86.5,46.7,18.72,55.5,65.9,68.4,1393.0,0,0.0,4.33,5.0
EV297859,2024.0,78549.0,1.0,99.8,0.5063,96.22,75.86,2.0,0.095,1.5,3.0,83.8,45.4,12.8,16.2,63.5,84.3,1492.0,0,1.0,0.2,1.95
EV284183,2016.0,269403.0,843.0,55.89,0.5887,91.8,33.9,9.0,0.353,20.4,91.4,65.1,81.7,37.07,32.9,37.6,60.9,196.0,1,6.0,44.11,9.98
EV222618,2015.0,322443.0,862.0,61.86,0.6843,90.84,48.02,13.0,0.4,30.6,99.8,50.7,65.2,36.66,33.2,54.0,0.0,395.0,1,2.0,38.14,11.06
EV283031,2016.0,88312.0,219.0,93.34,0.4544,95.52,62.34,6.0,0.256,11.0,29.5,53.4,45.9,17.57,58.0,68.5,70.7,1194.0,0,2.0,6.66,10.26
EV171282,2017.0,92864.0,196.0,89.4,0.4508,95.09,79.87,1.0,0.273,20.4,33.5,70.2,47.8,19.09,18.6,60.2,49.3,1030.0,0,0.0,10.6,9.03
EV109849,2023.0,84150.0,346.0,75.98,0.5558,94.98,39.41,8.0,0.453,45.0,105.4,82.4,58.7,26.81,73.3,49.5,38.8,864.0,0,3.0,24.02,2.68
EV144555,2019.0,37770.0,106.0,96.16,0.4085,96.6,67.73,1.0,0.359,11.9,20.0,66.8,54.1,13.02,31.1,59.9,66.5,1411.0,0,1.0,3.84,6.87
EV228818,2015.0,175159.0,526.0,75.43,0.5063,93.12,54.34,4.0,0.084,32.4,55.0,56.8,61.4,32.2,43.4,58.3,75.5,710.0,0,1.0,24.57,11.01
EV281366,2016.0,54380.0,236.0,72.88,0.6477,93.48,31.26,4.0,0.581,6.0,18.0,59.2,48.2,25.75,28.9,59.3,19.5,420.0,0,3.0,27.12,
EV120283,2023.0,32799.0,132.0,88.35,0.4132,94.45,69.27,3.0,0.316,9.0,30.2,89.9,61.8,11.57,53.5,56.6,44.9,918.0,0,0.0,11.65,3.0
EV212425,2018.0,74047.0,149.0,87.61,0.4697,97.5,82.07,3.0,0.536,11.8,28.5,61.5,58.4,25.54,26.1,49.9,56.1,1234.0,0,3.0,11.69,7.73
EV196167,2016.0,124693.0,556.0,73.84,0.5063,91.73,34.3,3.0,0.32,17.8,36.8,53.0,58.5,30.18,44.6,56.4,39.8,729.0,0,4.0,26.16,10.07
EV135037,2024.0,53379.0,81.0,86.35,0.5511,94.66,102.93,8.0,0.559,36.2,91.7,99.1,65.1,21.56,59.7,52.0,21.5,597.0,0,,13.65,1.97
EV242911,2020.0,26050.0,85.0,90.81,0.4524,98.13,108.9,4.0,0.366,7.1,23.0,95.4,61.1,12.41,67.5,47.7,81.0,1273.0,0,6.0,9.19,3.14
EV282388,2024.0,31162.0,88.0,99.27,0.3799,98.03,116.82,3.0,0.126,43.4,61.3,93.8,45.6,11.89,0.0,57.5,87.9,1385.0,0,0.0,0.73,2.07
EV263507,2017.0,78549.0,230.0,83.33,0.4928,93.06,46.53,5.0,0.391,9.9,33.0,67.0,57.4,13.76,59.4,53.3,53.9,1030.0,0,4.0,16.67,8.69
EV161407,2018.0,88552.0,309.0,77.64,0.507,95.54,49.02,1.0,0.38,19.3,40.0,74.7,76.2,20.85,41.2,51.2,1.5,719.0,0,1.0,22.36,8.27
EV215188,2019.0,11002.0,25.0,99.8,0.3905,94.91,117.87,2.0,0.155,2.6,7.6,77.1,45.5,13.51,4.9,70.4,52.2,1475.0,0,2.0,0.2,6.88
EV123710,2023.0,76853.0,183.0,77.88,0.6463,92.84,67.75,5.0,0.176,40.8,94.5,78.0,50.6,20.16,15.9,66.0,53.9,491.0,0,4.0,22.12,2.98
EV229816,2019.0,81213.0,216.0,81.67,0.5669,95.44,64.01,3.0,0.076,12.1,33.1,74.5,58.3,21.63,45.6,56.4,97.7,1055.0,0,3.0,18.33,7.24
EV235104,2016.0,78212.0,255.0,90.03,0.4471,96.42,64.5,3.0,0.111,18.5,28.4,69.0,51.0,16.29,1.1,64.4,80.9,1096.0,0,2.0,9.97,10.06
EV223707,2018.0,78549.0,82.0,93.11,0.3748,94.74,39.26,2.0,0.363,3.7,12.8,72.0,68.0,14.95,52.2,46.4,62.8,1095.0,0,2.0,6.89,7.93
EV113251,2019.0,115170.0,312.0,87.61,0.5126,93.41,55.05,5.0,0.126,19.3,59.1,57.7,54.5,15.81,0.0,65.1,93.8,1005.0,0,1.0,14.39,6.77
EV160796,2022.0,500.0,1.0,99.8,0.421,95.8,94.57,1.0,0.207,1.0,3.0,86.2,42.1,0.27,17.2,72.0,87.3,805.0,0,1.0,0.2,3.98
EV214175,2021.0,153013.0,502.0,52.89,0.8332,94.98,32.42,13.0,0.525,45.0,110.3,82.2,70.7,29.13,55.6,49.5,0.0,164.0,1,3.0,47.11,4.86
EV270761,2023.0,29933.0,135.0,89.55,0.4811,94.98,38.16,4.0,0.526,29.7,40.6,92.0,55.5,12.9,29.5,62.3,41.2,1234.0,0,1.0,10.45,2.96
EV263742,2023.0,1767.0,1.0,99.8,0.4353,98.58,60.22,3.0,0.418,5.7,18.1,85.3,52.5,10.8,51.1,62.0,65.2,1535.0,0,1.0,0.2,2.75
EV283672,2024.0,7684.0,1.0,99.29,0.3896,96.89,85.25,1.0,0.556,2.0,5.5,100.0,42.1,11.71,33.2,63.9,41.4,1459.0,0,1.0,0.71,1.94
EV195920,2016.0,293763.0,686.0,65.54,0.10386,90.33,58.38,7.0,0.494,33.4,100.2,59.2,58.8,34.55,33.2,59.0,0.0,526.0,1,1.0,,10.08
EV141486,2020.0,4115.0,9.0,99.8,0.3163,97.45,59.66,1.0,0.273,1.4,3.0,75.0,56.9,12.54,21.4,61.6,75.0,1209.0,0,3.0,0.2,6.02
EV145714,2020.0,108984.0,287.0,83.54,0.5741,96.5,66.73,6.0,0.464,20.1,59.1,81.9,42.8,10.34,34.2,66.8,68.1,1007.0,0,3.0,16.46,5.96
EV214226,2023.0,42833.0,140.0,92.79,0.4094,96.12,93.12,3.0,0.353,12.8,43.0,90.4,63.4,10.17,33.1,57.5,70.3,942.0,0,0.0,7.21,2.96
EV130301,2019.0,7017.0,1.0,99.8,0.3964,95.9,79.39,1.0,0.449,2.3,3.0,65.7,56.6,12.61,21.7,55.6,20.5,1479.0,0,0.0,0.2,7.13
EV245895,2018.0,145307.0,605.0,73.71,0.6744,94.98,30.55,7.0,0.182,19.0,57.5,79.1,63.3,21.09,31.5,53.0,58.0,1030.0,0,5.0,26.29,8.14
EV199292,2019.0,32407.0,62.0,98.34,0.3622,97.09,105.06,1.0,0.281,5.2,12.0,76.2,61.0,15.78,40.9,53.8,62.1,1111.0,0,3.0,1.66,6.94
EV251144,2017.0,3546.0,1.0,99.8,0.4023,94.41,85.19,1.0,0.441,1.1,3.0,72.8,40.8,10.29,54.2,63.0,60.5,1030.0,0,2.0,0.2,9.07
EV252658,2017.0,78549.0,407.0,79.22,0.5214,95.28,46.36,4.0,0.151,13.5,47.1,45.7,64.9,31.14,12.3,51.3,87.4,1030.0,0,3.0,20.78,9.03
EV200538,2017.0,9551.0,42.0,94.64,0.5519,95.52,78.65,1.0,0.411,1.2,3.0,69.6,48.2,23.11,23.7,62.9,64.0,723.0,0,2.0,5.36,8.89
EV211266,2020.0,172056.0,386.0,61.24,0.6983,89.77,44.29,8.0,0.667,45.7,89.8,70.9,81.6,28.28,95.7,35.4,0.0,470.0,1,,38.76,6.16
EV140779,2024.0,19357.0,135.0,96.17,0.4323,94.98,44.38,4.0,0.094,19.4,42.4,86.6,54.6,21.91,0.0,55.2,88.3,1358.0,0,2.0,3.83,1.86
EV198274,2020.0,80009.0,120.0,92.87,0.4181,96.12,66.55,2.0,0.214,16.6,39.8,73.3,72.7,15.72,3.1,58.2,82.8,1002.0,0,4.0,7.13,6.33
EV229861,2016.0,34914.0,124.0,84.37,0.5277,94.95,55.47,1.0,0.3,8.7,12.7,65.0,48.1,15.94,52.5,63.5,30.2,577.0,0,1.0,15.63,10.07
EV250507,2022.0,118976.0,496.0,70.13,0.6126,93.22,34.57,18.0,0.836,45.0,96.6,75.7,63.4,28.03,65.6,47.4,0.0,726.0,1,3.0,29.87,4.26
EV251722,2022.0,73202.0,242.0,88.08,0.4074,96.12,61.21,6.0,0.184,34.1,69.0,77.6,58.2,20.19,6.6,54.8,78.3,1118.0,0,4.0,11.92,4.13
EV280213,2022.0,78549.0,214.0,89.57,0.4826,96.27,62.1,7.0,0.505,21.1,56.1,88.7,52.9,19.75,6.3,53.4,40.3,1191.0,0,2.0,10.43,4.2
EV259799,2024.0,57801.0,218.0,68.91,0.779,94.03,34.69,12.0,0.456,73.7,105.4,84.4,66.6,28.26,55.3,47.7,32.8,1030.0,1,2.0,31.09,1.99
EV260018,2017.0,267266.0,867.0,58.37,0.8025,92.34,36.23,7.0,0.43,35.4,98.3,49.6,78.2,38.63,32.9,40.3,21.3,366.0,1,2.0,41.63,9.15
EV198137,2015.0,301185.0,886.0,64.67,0.5063,91.28,43.85,10.0,0.374,35.4,94.0,60.8,57.9,22.39,28.1,58.9,8.2,386.0,1,3.0,35.33,11.13
EV123235,2018.0,34407.0,154.0,91.99,0.4723,95.76,42.22,2.0,0.495,4.5,12.9,72.8,51.2,13.87,22.7,61.5,52.1,1256.0,0,3.0,,7.91
EV221213,2022.0,36263.0,93.0,99.25,0.3936,96.25,71.54,1.0,0.319,12.9,22.2,86.9,46.3,0.0,11.7,68.7,97.8,1427.0,0,2.0,0.75,4.04
EV281678,2019.0,199508.0,529.0,72.03,0.5063,93.43,52.66,7.0,0.351,20.4,95.4,59.4,75.3,18.33,51.1,43.4,20.1,704.0,1,2.0,27.97,7.18
EV296093,2015.0,400459.0,978.0,87.61,0.7728,90.44,44.89,13.0,0.505,37.8,115.2,65.5,61.7,33.46,43.1,56.8,9.2,276.0,1,6.0,39.99,11.06
EV193565,2017.0,5437.0,60.0,97.11,0.3882,97.33,71.45,1.0,0.271,1.4,3.0,53.7,56.8,25.31,27.8,57.1,77.7,1366.0,0,1.0,2.89,9.11
EV120659,2022.0,500.0,11.0,99.8,0.4034,99.5,73.0,4.0,0.324,3.9,47.1,86.8,51.8,5.7,4.1,62.4,100.0,1030.0,0,5.0,0.2,4.24
EV148843,2016.0,500.0,214.0,99.8,0.4411,97.69,74.55,1.0,0.395,1.9,3.0,59.8,58.0,21.0,33.2,52.6,63.5,1534.0,0,5.0,0.2,9.85
EV227885,2019.0,127337.0,217.0,86.72,0.5063,94.27,100.54,2.0,0.636,32.9,57.8,81.4,62.3,12.95,13.7,53.3,35.8,888.0,0,8.0,13.28,7.07
EV281263,2018.0,6778.0,42.0,99.8,0.3958,96.31,47.7,4.0,0.225,1.5,3.0,71.6,41.7,0.0,20.0,71.4,65.7,1465.0,0,0.0,0.2,7.96
EV210243,2019.0,119521.0,288.0,89.33,0.4626,94.41,67.13,4.0,0.186,27.6,52.3,71.0,56.8,12.12,33.3,56.4,72.8,1090.0,0,5.0,10.67,7.03
EV234898,2023.0,39443.0,141.0,92.85,0.4214,95.75,67.51,4.0,0.282,20.4,47.7,87.7,55.6,10.84,6.6,59.8,69.7,963.0,0,3.0,7.15,2.94
EV128266,2015.0,109414.0,242.0,88.54,0.5023,96.44,79.92,3.0,0.331,11.4,35.5,52.4,56.7,25.0,30.5,61.9,59.1,1052.0,0,4.0,11.46,10.69
EV220377,2022.0,41639.0,110.0,91.44,0.4089,94.87,64.02,5.0,0.319,19.1,38.9,85.1,54.2,14.39,21.2,59.9,64.3,1268.0,0,4.0,8.56,3.95
EV191290,2022.0,74920.0,201.0,82.69,0.4825,96.05,49.65,10.0,0.659,25.1,64.9,82.2,72.2,19.19,39.6,45.3,21.0,1030.0,0,1.0,17.31,3.91
EV169679,2020.0,20563.0,165.0,91.2,0.3936,95.04,44.72,2.0,0.325,9.0,24.1,82.9,57.1,9.0,31.7,55.4,58.8,1205.0,0,1.0,8.8,
EV198711,2021.0,94417.0,327.0,87.02,0.5132,93.09,53.29,4.0,0.319,23.9,51.9,92.6,51.2,15.46,18.7,58.8,77.2,1054.0,0,1.0,12.98,5.14
EV130742,2020.0,64568.0,131.0,86.75,0.5813,95.16,116.85,5.0,0.296,29.4,69.1,100.0,39.5,18.33,36.4,66.3,59.3,577.0,0,3.0,13.25,2.99
EV295996,2022.0,64922.0,221.0,88.63,0.4234,94.46,70.21,4.0,0.045,23.3,45.3,90.8,58.7,12.3,1.6,54.2,37.1,862.0,0,3.0,11.37,3.99
EV233991,2017.0,93164.0,241.0,87.64,0.4591,95.99,59.6,7.0,0.12,14.5,37.2,55.6,61.3,12.97,20.3,46.3,81.8,854.0,0,4.0,12.36,9.04
EV181852,2018.0,132401.0,211.0,88.46,0.4478,95.11,81.91,4.0,0.326,26.4,56.1,69.5,44.9,19.17,12.5,61.9,47.0,1148.0,0,3.0,11.54,7.91
EV100594,2020.0,10156.0,42.0,99.8,0.3837,96.39,54.36,5.0,0.031,4.2,12.5,79.3,47.5,13.68,31.2,70.5,87.5,1441.0,0,1.0,0.2,7.12
EV144123,2022.0,80410.0,140.0,87.93,0.5201,94.25,82.46,3.0,0.319,43.8,70.2,96.3,49.0,14.72,43.5,66.6,0.0,1201.0,0,3.0,12.07,3.92
EV199788,2017.0,307057.0,1007.0,52.98,0.6857,90.6,31.57,15.0,0.296,61.9,115.0,68.6,76.7,40.22,25.3,47.4,11.8,138.0,1,0.0,47.02,8.68
EV163861,2015.0,324474.0,1214.0,55.18,0.7707,91.11,28.79,10.0,0.135,27.2,47.1,57.3,72.9,39.75,14.4,37.4,47.4,223.0,1,3.0,44.82,11.22
EV168411,2019.0,96087.0,316.0,78.84,0.52,92.46,50.63,6.0,0.186,19.6,39.1,77.5,67.7,22.44,35.1,50.3,41.5,679.0,0,2.0,21.16,7.02
EV185376,2023.0,70536.0,140.0,93.2,0.471,96.07,64.02,5.0,0.553,22.7,71.5,84.4,62.4,10.29,35.4,49.6,52.1,1268.0,0,0.0,6.8,
EV235499,2024.0,35121.0,84.0,92.63,0.4081,95.57,75.44,5.0,0.622,20.4,50.5,99.9,56.6,11.08,29.9,52.0,38.3,1324.0,0,3.0,7.37,1.84
EV296564,2019.0,70802.0,243.0,85.29,0.4615,97.1,74.06,2.0,0.31,15.9,37.1,82.2,71.4,18.85,22.2,43.2,61.6,780.0,0,3.0,14.71,6.78
EV121812,2015.0,251396.0,776.0,52.65,0.8101,86.65,33.34,5.0,0.435,40.9,73.4,41.3,80.5,45.34,87.7,37.7,12.0,367.0,1,3.0,47.35,11.39
EV135347,2015.0,313629.0,713.0,66.08,0.6864,93.14,55.52,6.0,0.398,36.3,99.7,60.7,66.9,27.44,43.5,48.7,31.9,487.0,1,4.0,33.92,10.79
EV112470,2022.0,1061.0,68.0,93.62,0.4214,97.73,116.41,1.0,0.187,20.4,3.0,72.8,56.8,14.63,49.1,59.5,65.0,1343.0,0,2.0,6.38,4.23
EV112515,2020.0,10661.0,1.0,99.27,0.4208,94.98,53.22,1.0,0.514,3.7,8.4,76.8,50.8,5.82,74.1,65.1,50.8,1509.0,0,0.0,0.73,6.01
EV102957,2018.0,67267.0,39.0,95.48,0.3546,94.23,84.52,1.0,0.42,10.4,27.9,49.3,76.3,18.23,48.2,39.9,70.5,1081.0,0,2.0,4.52,8.13
EV220137,2020.0,60029.0,69.0,94.94,0.4219,94.98,115.06,3.0,0.132,18.9,36.4,80.8,51.5,21.49,10.3,58.6,86.0,1431.0,0,2.0,5.06,6.04
EV190257,2020.0,51402.0,242.0,91.26,0.4661,94.98,44.59,3.0,0.319,10.5,36.8,79.5,45.2,16.33,45.9,65.0,44.6,1030.0,0,1.0,8.74,5.96
EV124370,2015.0,362269.0,737.0,51.82,0.5063,92.32,49.75,7.0,0.744,86.2,108.4,56.0,87.8,32.33,52.7,33.5,0.0,272.0,1,3.0,48.18,11.23
EV218806,2023.0,36961.0,50.0,96.21,0.4011,98.43,71.49,2.0,0.237,11.2,34.2,90.5,57.6,12.8,18.1,56.1,85.5,1111.0,0,0.0,3.79,2.89
EV278197,2016.0,360620.0,713.0,57.66,0.6294,92.52,60.56,5.0,0.637,33.1,114.0,47.2,92.3,35.64,49.6,28.4,0.0,252.0,1,1.0,42.34,10.31
EV256563,2017.0,78549.0,598.0,60.19,0.638,90.4,39.21,7.0,0.464,25.6,62.8,51.4,86.6,42.15,52.3,34.6,3.9,342.0,1,5.0,39.81,
EV298870,2022.0,116071.0,242.0,56.01,1.0694,85.02,64.02,5.0,0.773,61.1,99.9,69.4,76.6,34.42,100.0,46.4,0.0,305.0,1,5.0,43.99,4.08
EV257760,2020.0,17344.0,31.0,99.01,0.4148,97.03,68.15,2.0,0.316,5.9,10.1,82.7,50.8,2.35,32.5,63.6,47.6,1461.0,0,1.0,0.99,6.02
EV172401,2022.0,65638.0,154.0,76.19,0.7308,93.89,57.37,5.0,0.378,36.4,58.9,91.8,56.0,10.47,58.1,57.9,60.0,471.0,0,4.0,23.81,
EV160795,2019.0,41640.0,132.0,90.76,0.3542,96.54,46.29,3.0,0.685,7.3,17.7,77.5,64.5,5.37,54.4,63.1,27.7,961.0,0,4.0,9.24,
EV299840,2022.0,52706.0,258.0,81.71,0.4488,91.17,39.05,8.0,0.076,24.7,47.1,68.7,69.4,24.62,0.0,54.6,50.7,765.0,0,2.0,18.29,3.92
EV216870,2022.0,39901.0,116.0,94.43,0.3934,94.4,56.72,1.0,0.391,26.7,37.4,84.6,60.4,10.86,46.5,54.5,64.4,1030.0,0,4.0,5.57,4.22
EV251622,2017.0,158048.0,457.0,74.42,0.526,92.52,59.74,4.0,0.205,27.6,59.4,56.3,75.4,31.83,33.3,41.4,37.2,527.0,1,3.0,25.58,9.04
EV161530,2015.0,450000.0,1493.0,46.15,0.8862,88.09,28.35,4.0,0.406,117.6,191.6,53.6,56.8,28.06,52.3,50.3,52.1,0.0,1,3.0,53.85,11.12
EV256641,2017.0,327646.0,1637.0,42.03,0.7666,90.87,16.75,18.0,0.403,46.6,118.1,73.6,89.2,40.33,47.0,29.1,16.2,0.0,1,2.0,57.97,9.07
EV230628,2018.0,161066.0,547.0,71.74,0.615,94.61,42.48,5.0,0.281,23.0,69.2,75.0,58.9,13.07,42.2,56.6,74.9,700.0,0,3.0,28.26,7.95
EV142254,2018.0,46566.0,103.0,94.9,0.4217,95.41,86.18,2.0,0.404,7.2,20.0,61.3,46.9,20.17,46.2,65.2,59.1,1314.0,0,2.0,5.1,7.97
EV186732,2023.0,39733.0,214.0,87.61,0.3349,96.76,39.86,9.0,0.542,24.7,49.5,94.2,49.7,18.1,59.5,60.8,25.6,1336.0,0,1.0,3.72,2.76
EV298388,2020.0,500.0,21.0,98.15,0.3552,96.42,80.47,1.0,0.298,1.2,3.0,72.2,47.1,14.96,20.8,69.4,77.1,1428.0,0,3.0,1.85,5.88
EV289768,2015.0,389548.0,840.0,59.71,0.6743,90.05,49.47,8.0,0.549,57.4,115.6,54.6,79.2,35.42,50.2,34.5,19.8,381.0,1,2.0,40.29,11.26
EV103191,2015.0,3125.0,3.0,99.8,0.3932,94.25,42.7,2.0,0.08,1.7,3.0,57.6,55.3,24.48,28.0,51.3,100.0,1487.0,0,,0.2,
EV134201,2019.0,88813.0,283.0,86.79,0.5239,96.6,58.65,5.0,0.293,17.8,43.5,81.9,58.4,18.88,13.1,56.5,75.5,1043.0,0,1.0,13.21,
EV127171,2024.0,17350.0,97.0,93.72,0.4269,94.74,64.02,7.0,0.431,25.2,39.2,100.0,56.7,16.39,46.9,50.1,52.1,1325.0,0,1.0,6.28,2.03
EV263451,2021.0,180950.0,895.0,52.84,0.6499,90.39,21.28,22.0,0.397,77.1,117.7,66.3,56.8,39.01,36.4,38.3,0.0,192.0,1,5.0,47.16,5.24
EV152270,2021.0,55764.0,247.0,84.03,0.452,95.59,48.79,4.0,0.085,12.3,38.3,80.5,76.4,23.88,0.4,53.5,96.0,805.0,0,2.0,15.97,4.98
EV222721,2019.0,251724.0,1014.0,55.15,0.7933,90.49,27.85,19.0,0.477,20.4,126.8,70.8,70.6,35.49,43.6,44.3,10.4,263.0,1,4.0,44.85,6.93
EV147304,2022.0,75712.0,202.0,77.75,0.6372,94.89,74.14,4.0,0.273,20.4,67.2,78.9,44.9,28.59,41.8,69.2,41.5,456.0,0,0.0,22.25,4.14
EV187107,2022.0,46023.0,134.0,78.25,0.7311,90.65,54.09,1.0,0.305,11.7,34.5,78.4,65.9,17.18,50.7,44.7,18.5,501.0,0,1.0,21.75,4.12
EV209114,2016.0,29593.0,120.0,95.89,0.3858,97.39,45.94,1.0,0.159,2.8,8.3,59.8,52.6,19.68,15.7,57.6,77.0,1260.0,0,,4.11,10.06
EV131720,2015.0,137782.0,267.0,81.32,0.5172,93.86,92.13,6.0,0.351,29.0,43.7,53.1,74.5,20.09,33.7,55.2,5.6,779.0,1,0.0,18.68,10.89
EV274766,2022.0,116935.0,334.0,83.66,0.5386,94.98,48.55,9.0,0.651,40.2,107.2,88.5,67.1,8.17,55.0,47.2,18.2,941.0,0,3.0,16.34,3.92
EV116084,2022.0,42807.0,155.0,80.46,0.6181,94.92,40.75,2.0,0.27,21.4,29.6,91.6,41.2,16.21,0.0,72.1,47.4,524.0,0,0.0,19.54,3.95
EV124291,2024.0,31984.0,104.0,89.88,0.4227,96.62,66.14,5.0,0.407,13.7,37.0,78.8,66.7,18.19,19.1,57.7,39.2,1030.0,0,5.0,10.12,1.96
EV128176,2024.0,34875.0,165.0,90.86,0.4521,96.16,92.37,3.0,0.269,31.0,42.8,87.2,48.3,0.69,22.6,62.1,63.3,1193.0,0,,9.14,1.78
EV110598,2022.0,80646.0,334.0,84.37,0.5122,94.12,42.27,8.0,0.358,41.9,65.3,86.2,49.8,5.79,21.0,68.3,51.6,939.0,0,3.0,15.63,4.02
EV119355,2018.0,82004.0,221.0,84.48,0.4498,95.56,74.05,6.0,0.319,26.8,39.0,63.7,63.9,16.6,16.9,47.6,39.8,841.0,0,1.0,15.52,7.97
EV199691,2022.0,54089.0,177.0,90.25,0.471,94.22,59.87,3.0,0.427,15.9,47.7,82.5,50.0,14.86,19.2,58.1,53.3,1196.0,0,0.0,9.75,4.01
EV254172,2023.0,81445.0,226.0,87.98,0.5063,97.39,65.3,6.0,0.319,34.4,82.5,85.7,50.6,16.37,12.1,61.3,75.2,1117.0,0,5.0,12.02,3.16
EV219634,2019.0,500.0,1.0,94.92,0.5063,96.15,86.29,2.0,0.121,1.2,3.0,85.6,49.5,10.56,27.5,56.5,87.7,1418.0,0,3.0,5.08,7.12
EV275390,2015.0,82575.0,157.0,83.06,0.6013,91.05,64.02,2.0,0.44,9.7,26.0,57.8,65.8,16.76,71.2,51.0,32.1,1100.0,0,4.0,16.94,10.96
EV251799,2019.0,79707.0,147.0,90.14,0.3199,96.43,84.81,4.0,0.188,13.4,35.1,67.7,61.0,24.46,0.0,49.4,69.8,953.0,0,1.0,9.86,7.01
EV119542,2016.0,7066.0,66.0,90.47,0.4524,93.63,57.45,1.0,0.283,1.2,3.0,53.5,44.8,2.36,38.5,56.9,51.0,1254.0,0,2.0,9.53,9.98
EV192810,2016.0,228998.0,609.0,65.58,2.772,94.74,42.91,8.0,0.499,27.2,76.7,46.7,68.6,37.87,75.0,48.6,10.4,623.0,1,5.0,34.42,10.01
EV103762,2024.0,27580.0,66.0,87.61,0.382,95.81,76.95,4.0,0.437,12.2,27.6,94.2,65.5,9.49,18.5,40.9,68.0,1030.0,0,7.0,2.58,1.89
EV188128,2016.0,300088.0,790.0,62.57,0.6433,92.9,46.64,7.0,0.589,75.6,98.5,43.0,66.5,36.16,24.8,48.2,27.0,419.0,1,1.0,37.43,9.95
EV128600,2019.0,4482.0,100.0,85.16,0.5251,93.09,41.23,1.0,0.235,1.4,3.0,68.6,77.3,10.62,44.9,40.5,36.2,912.0,0,6.0,,6.98
EV143212,2024.0,42355.0,118.0,93.24,0.4456,95.74,42.02,7.0,0.607,20.5,68.8,97.8,52.0,16.1,29.6,61.6,17.9,1266.0,0,2.0,6.76,1.83
EV290598,2022.0,78549.0,22.0,96.92,0.4662,94.81,94.22,1.0,0.184,20.4,12.4,72.8,64.9,21.73,46.7,50.8,83.7,1444.0,0,5.0,3.08,3.99
EV210035,2022.0,63805.0,327.0,80.17,0.4729,96.31,35.29,2.0,0.252,16.6,47.8,84.1,70.0,17.39,37.4,46.6,56.6,652.0,0,4.0,19.83,
EV211443,2022.0,157007.0,525.0,62.05,0.6192,90.94,34.9,14.0,0.649,89.7,131.5,87.7,75.9,23.44,49.5,47.0,0.0,444.0,1,4.0,37.95,3.88
EV143793,2021.0,8698.0,104.0,95.54,0.3838,95.62,40.59,4.0,0.129,7.1,14.8,64.1,51.5,18.33,17.1,64.7,74.6,1294.0,0,1.0,4.46,5.31
EV267204,2020.0,3922.0,36.0,98.83,0.3874,94.51,95.17,2.0,0.311,1.3,3.0,81.0,44.3,9.84,43.4,58.8,69.7,1436.0,0,0.0,1.17,5.94
EV143663,2021.0,85765.0,183.0,94.69,0.4715,95.65,91.7,5.0,0.131,12.5,43.0,87.0,43.8,4.54,28.0,62.6,65.6,1232.0,0,2.0,5.31,5.09
EV270185,2015.0,267422.0,1160.0,54.12,0.7097,90.27,24.04,11.0,0.45,32.5,83.1,41.4,66.5,46.98,33.2,44.9,19.2,114.0,1,4.0,45.88,10.75
EV299225,2020.0,24263.0,173.0,85.19,0.475,95.48,58.4,4.0,0.464,17.7,22.9,100.0,43.7,13.46,34.6,54.8,54.3,1080.0,0,1.0,14.81,1.9
EV184901,2021.0,109539.0,188.0,82.92,0.5132,95.57,98.31,8.0,0.439,29.3,70.2,72.1,50.6,18.43,32.9,66.5,1.9,1060.0,0,3.0,17.08,4.98
EV239503,2023.0,6800.0,71.0,87.59,0.5849,92.35,99.7,2.0,0.464,3.8,9.5,85.9,63.9,2.96,75.7,50.5,38.7,1270.0,0,,12.41,3.03
EV290129,2024.0,17962.0,1.0,99.8,0.3541,97.3,95.22,2.0,0.041,11.7,34.5,91.6,40.2,3.52,19.4,63.9,90.4,1533.0,0,1.0,0.2,1.88
EV264903,2021.0,17931.0,103.0,97.48,0.3699,96.67,73.46,2.0,0.075,10.5,13.2,88.8,59.6,13.26,11.9,50.0,95.8,1054.0,0,1.0,2.52,5.13
EV192422,2019.0,12074.0,1.0,99.8,0.4283,97.7,116.18,1.0,0.3,2.4,3.0,46.0,53.6,22.18,33.2,60.6,81.9,1548.0,0,1.0,0.2,6.94
EV213440,2024.0,500.0,1.0,99.8,0.282,96.63,84.99,2.0,0.211,3.8,9.5,91.1,62.7,16.35,4.9,52.1,96.6,1189.0,0,3.0,0.2,2.03
EV114471,2016.0,335644.0,780.0,55.14,0.698,94.98,46.93,10.0,0.727,53.0,116.3,61.4,86.4,31.09,66.4,34.1,0.0,214.0,1,2.0,44.86,9.86
EV291661,2017.0,144835.0,363.0,80.14,0.5755,96.88,58.52,7.0,0.196,15.4,50.9,61.7,57.9,17.65,22.6,53.2,88.2,950.0,0,2.0,19.86,8.98
EV144367,2023.0,22640.0,65.0,94.38,0.5282,94.7,88.11,1.0,0.207,5.0,9.9,82.7,53.7,14.36,57.6,57.6,68.9,1310.0,0,0.0,5.62,2.88
EV106090,2017.0,78549.0,19.0,99.8,0.3521,95.99,86.26,1.0,0.514,3.8,12.3,55.7,44.2,9.37,50.3,65.7,26.5,1489.0,0,2.0,0.2,8.56
EV207624,2019.0,78549.0,128.0,94.4,0.4118,97.49,113.46,2.0,0.366,30.6,37.2,69.4,57.3,16.04,30.8,66.8,51.2,1316.0,0,1.0,5.6,7.19
EV181203,2019.0,76282.0,214.0,89.14,0.4796,96.4,55.82,4.0,0.228,12.8,35.9,72.1,53.8,20.63,15.0,63.6,52.1,1120.0,0,0.0,10.86,6.87
EV244330,2016.0,330347.0,666.0,61.8,0.6499,94.79,59.74,7.0,0.402,47.1,112.6,55.0,56.8,40.69,42.6,46.0,49.4,342.0,1,4.0,38.2,9.89
EV289992,2023.0,37226.0,96.0,93.79,0.4495,95.29,62.99,7.0,0.319,28.9,47.2,81.7,52.1,26.03,57.9,61.2,20.3,1030.0,0,1.0,6.21,3.05
EV192626,2020.0,30605.0,144.0,96.99,0.3579,98.14,43.74,1.0,0.319,7.7,20.9,73.5,56.3,11.93,22.7,57.0,65.2,1317.0,0,4.0,3.01,
EV255942,2020.0,102608.0,210.0,91.0,0.4686,96.69,64.71,4.0,0.406,19.8,55.3,60.9,55.0,24.27,36.5,56.3,53.2,1146.0,0,4.0,9.0,6.15
EV282348,2024.0,8790.0,55.0,97.5,0.3562,97.12,70.13,6.0,0.353,10.1,27.4,79.7,51.8,12.17,22.8,55.8,63.2,1434.0,0,3.0,2.5,1.91
EV219712,2020.0,148189.0,337.0,80.38,0.5514,95.43,59.81,5.0,0.596,27.1,79.5,72.8,54.8,19.26,50.5,56.7,16.6,935.0,0,4.0,19.62,5.99
EV125915,2023.0,30993.0,51.0,97.34,0.3677,96.09,67.33,4.0,0.376,15.3,31.6,72.8,55.7,10.55,38.3,58.6,67.7,1090.0,0,1.0,2.66,3.18
EV295072,2022.0,13256.0,1.0,99.8,0.4356,97.37,70.2,1.0,0.074,4.6,13.1,67.0,46.4,21.83,0.0,60.4,98.2,1489.0,0,3.0,0.2,4.24
EV176883,2024.0,30575.0,98.0,92.14,0.3402,96.91,101.39,7.0,0.053,20.2,67.1,93.4,56.8,7.48,11.2,60.1,94.9,962.0,0,1.0,7.86,1.96
EV183399,2016.0,146214.0,214.0,81.0,0.5224,93.91,55.92,7.0,0.264,15.6,49.4,60.7,60.9,19.93,31.7,54.5,47.8,897.0,0,5.0,19.0,10.14
EV267907,2020.0,47093.0,38.0,94.52,0.344,96.24,110.45,1.0,0.284,10.3,25.4,82.6,63.2,8.88,34.2,55.7,40.9,1058.0,0,1.0,5.48,5.09
EV111803,2019.0,137409.0,364.0,80.27,0.5993,94.08,64.02,3.0,0.359,26.0,47.1,60.3,57.3,26.99,32.3,54.9,34.0,909.0,0,1.0,19.73,7.18
EV296332,2018.0,233176.0,214.0,77.14,0.599,93.15,73.91,5.0,0.335,44.1,93.0,70.8,49.3,27.47,39.6,61.5,65.4,866.0,0,4.0,22.86,7.97
EV204630,2019.0,41477.0,106.0,93.22,0.3589,96.99,70.15,5.0,0.138,9.6,21.5,75.3,63.8,14.59,0.0,52.8,66.3,1030.0,0,6.0,6.78,7.07
EV142262,2017.0,234881.0,463.0,70.69,0.6628,92.41,73.47,3.0,0.303,34.8,86.8,63.6,53.2,29.9,23.5,56.5,68.5,768.0,0,0.0,29.31,9.09
EV161926,2017.0,71661.0,418.0,81.29,0.5336,94.74,32.1,4.0,0.304,10.3,26.9,75.2,52.9,16.14,20.4,58.6,52.1,918.0,0,3.0,18.71,9.18
EV126466,2021.0,83981.0,228.0,93.18,0.4818,94.84,79.03,4.0,0.206,19.8,49.6,72.5,59.9,10.27,17.5,49.9,66.3,1136.0,0,0.0,6.82,5.24
EV186349,2016.0,176428.0,446.0,75.2,0.5212,92.44,67.6,5.0,0.259,16.5,55.7,48.4,56.8,31.94,43.3,59.4,48.0,824.0,0,3.0,,10.18
EV285752,2019.0,19909.0,129.0,89.91,0.4193,97.52,31.5,1.0,0.242,4.2,6.7,67.8,69.4,2.33,28.3,49.3,81.5,979.0,0,5.0,10.09,7.07
EV104204,2019.0,23468.0,65.0,99.54,0.3754,97.91,74.17,1.0,0.296,2.3,6.7,78.7,47.4,7.66,5.1,70.3,61.2,1407.0,0,2.0,0.46,7.0
EV280084,2018.0,78592.0,322.0,80.84,0.4939,93.65,39.73,7.0,0.236,9.0,29.6,68.1,63.5,13.84,48.4,49.3,78.1,682.0,0,1.0,19.16,7.82
EV212900,2019.0,114524.0,368.0,81.74,0.5002,94.83,48.44,5.0,0.306,39.4,55.6,53.4,61.8,18.8,35.5,59.4,50.8,875.0,0,2.0,18.26,6.81
EV298923,2024.0,7400.0,1.0,99.8,0.3894,98.24,87.33,4.0,0.49,1.0,3.0,85.2,60.4,13.75,37.4,55.8,51.4,1502.0,0,4.0,0.2,2.06
EV158233,2024.0,49048.0,214.0,94.21,0.4389,95.58,85.62,1.0,0.178,20.4,60.9,87.8,48.8,12.73,6.6,51.8,100.0,1339.0,0,1.0,5.79,2.23
EV284551,2022.0,54567.0,156.0,85.3,0.5727,96.51,71.15,2.0,0.197,23.9,41.7,83.6,39.5,11.46,27.2,67.8,72.8,563.0,0,0.0,14.7,3.95
EV100680,2016.0,28549.0,56.0,95.16,0.408,95.66,83.11,1.0,0.159,2.8,9.1,48.8,68.1,8.48,24.0,52.2,76.4,1030.0,0,4.0,4.84,10.23
EV170254,2022.0,70255.0,35.0,99.8,0.4074,97.35,88.95,5.0,0.117,42.6,62.6,83.1,47.3,10.4,0.0,66.2,90.7,1472.0,0,3.0,0.2,4.09
EV135259,2017.0,21493.0,44.0,94.67,0.4074,95.62,62.22,1.0,0.347,3.9,12.3,57.8,64.0,16.54,44.5,50.9,67.8,1124.0,0,3.0,5.33,9.22
EV122396,2018.0,81849.0,205.0,82.81,0.6423,90.85,84.36,1.0,0.207,9.1,30.6,59.4,69.1,12.71,59.2,47.2,50.2,1060.0,0,1.0,17.19,8.43
EV155801,2020.0,78549.0,68.0,93.46,0.3746,96.05,63.4,5.0,0.352,12.1,26.4,82.5,72.5,7.44,50.7,44.2,38.2,1000.0,0,9.0,6.54,5.93
EV109277,2015.0,238381.0,480.0,65.88,0.6291,90.53,63.98,5.0,0.229,22.2,73.7,56.4,84.3,27.41,50.9,31.3,10.1,478.0,1,8.0,34.12,10.95
EV229271,2018.0,338034.0,672.0,41.51,0.9989,90.46,40.16,6.0,0.512,101.8,137.5,60.6,67.9,37.77,47.3,44.4,2.5,61.0,1,6.0,58.49,8.2
EV144977,2016.0,500.0,1.0,99.8,0.4077,97.14,74.37,1.0,0.038,1.0,3.0,47.3,51.1,15.34,25.7,65.8,96.9,1453.0,0,3.0,0.2,9.74
EV168606,2023.0,60847.0,215.0,89.35,0.4543,96.78,78.7,3.0,0.412,41.2,66.1,86.9,50.4,13.69,8.1,67.0,69.9,1144.0,0,2.0,10.65,2.94
EV121539,2019.0,96796.0,571.0,67.62,0.586,91.03,24.35,9.0,0.319,32.9,43.8,76.4,76.7,28.35,28.1,51.3,36.6,430.0,0,2.0,32.38,6.92
EV131968,2022.0,87439.0,300.0,84.31,0.523,94.27,39.65,11.0,0.365,27.4,70.1,87.6,49.5,18.33,33.2,60.4,19.0,1031.0,0,2.0,15.69,
EV108818,2021.0,54022.0,188.0,78.32,0.6059,94.39,48.14,4.0,0.449,16.7,33.8,85.1,51.4,18.68,41.1,56.6,35.6,451.0,0,4.0,21.68,4.95
EV173400,2015.0,98317.0,215.0,91.5,0.3839,94.86,88.4,1.0,0.022,8.3,27.1,61.1,60.7,18.66,1.8,58.3,85.2,921.0,0,4.0,8.5,11.13
EV227979,2022.0,51342.0,156.0,90.65,0.4896,94.07,100.25,4.0,0.312,16.7,52.9,75.6,50.8,7.69,40.3,54.2,48.2,1266.0,0,2.0,9.35,3.8
EV293962,2015.0,78549.0,358.0,77.08,0.5928,94.69,59.46,5.0,0.396,24.0,43.2,41.9,63.0,34.58,44.7,50.3,57.9,931.0,0,2.0,22.92,10.69
EV264424,2022.0,95758.0,293.0,84.23,0.5521,93.04,61.45,10.0,0.277,23.4,78.2,72.7,48.4,25.45,36.3,57.0,42.3,1036.0,0,2.0,15.77,3.91
EV106948,2019.0,41754.0,54.0,95.55,0.3621,94.09,84.9,2.0,0.296,3.6,12.5,65.8,56.8,6.76,12.3,65.6,49.6,1442.0,0,0.0,,6.96
EV249448,2016.0,171527.0,316.0,86.8,0.4925,95.66,83.27,6.0,0.13,23.5,59.5,70.5,50.5,13.83,32.1,69.5,100.0,1036.0,0,0.0,13.2,9.95
EV180464,2017.0,187926.0,517.0,73.95,0.562,91.34,53.61,7.0,0.254,26.5,70.1,56.1,52.7,32.47,26.0,59.6,36.8,745.0,0,1.0,26.05,9.02
EV242077,2020.0,57530.0,197.0,93.96,0.439,94.83,75.81,1.0,0.217,20.1,33.6,71.1,55.5,18.24,16.8,63.5,74.3,1167.0,0,2.0,6.04,
EV159933,2019.0,81790.0,211.0,90.87,0.4745,95.8,69.85,4.0,0.13,17.6,41.4,77.8,38.6,14.36,0.0,74.3,98.2,1108.0,0,2.0,9.13,
EV103645,2023.0,48711.0,124.0,79.59,0.6829,93.35,58.66,3.0,0.347,29.1,58.2,81.7,72.6,17.32,80.9,46.0,44.4,552.0,1,1.0,20.41,
EV150849,2020.0,340202.0,1008.0,46.9,0.6901,91.1,30.39,12.0,0.367,52.6,128.2,63.7,81.7,43.52,34.8,42.5,29.2,75.0,1,7.0,53.1,9.07
EV239894,2021.0,116106.0,549.0,72.31,0.7008,91.93,28.03,10.0,0.304,33.3,75.2,80.3,71.5,17.2,57.7,48.2,40.3,682.0,0,2.0,27.69,5.22
EV233107,2018.0,100068.0,212.0,91.42,0.4208,95.85,92.59,2.0,0.319,16.1,41.3,80.6,51.0,15.24,19.7,52.2,44.9,1138.0,0,2.0,8.58,7.99
EV245253,2015.0,60172.0,191.0,86.6,0.4008,97.23,64.22,2.0,0.302,7.5,19.0,47.9,64.7,27.81,32.5,56.9,63.0,927.0,0,3.0,13.4,10.95
EV278919,2017.0,21111.0,10.0,96.2,0.4275,99.31,84.77,1.0,0.634,3.8,8.4,61.7,46.9,24.6,46.8,63.3,38.4,1433.0,0,3.0,3.8,9.04
EV193559,2020.0,117968.0,187.0,87.89,0.4681,94.58,88.44,3.0,0.31,37.9,93.3,75.8,51.0,18.71,28.7,64.7,28.3,1146.0,0,3.0,12.11,3.88
EV273983,2017.0,87410.0,246.0,84.06,0.5279,92.8,67.86,4.0,0.164,28.3,34.1,77.6,55.8,16.43,29.1,56.3,52.1,1063.0,0,2.0,15.94,8.81
EV214743,2023.0,32165.0,171.0,95.92,0.3779,97.73,62.53,3.0,0.345,24.1,36.9,92.0,60.6,12.38,42.0,65.8,72.5,1030.0,0,2.0,4.08,2.88
EV145484,2018.0,118047.0,336.0,78.73,0.4584,93.96,61.35,4.0,0.257,14.3,49.3,56.3,71.8,20.44,3.5,47.5,37.4,678.0,0,3.0,21.27,7.91
EV211953,2020.0,46602.0,106.0,97.37,0.3796,98.34,88.1,2.0,0.036,9.3,31.0,73.8,67.0,21.45,0.0,54.6,63.5,1093.0,0,1.0,2.63,6.03
EV153521,2022.0,31516.0,1.0,99.8,0.3856,97.92,120.88,1.0,0.448,14.4,23.0,70.6,47.5,14.63,25.9,69.4,82.9,1477.0,0,2.0,0.2,3.93
EV204380,2020.0,73230.0,224.0,88.9,0.4827,96.84,73.32,5.0,0.228,13.3,32.2,78.0,43.9,15.27,0.0,63.8,56.1,1191.0,0,0.0,11.1,6.92
EV168074,2017.0,53669.0,189.0,92.04,0.5063,95.68,60.22,1.0,0.08,5.7,16.0,63.7,54.5,18.51,14.5,53.5,97.7,1185.0,0,4.0,7.96,9.03
EV220687,2024.0,73545.0,215.0,86.63,0.4436,94.16,68.59,4.0,0.22,30.3,96.6,82.9,71.7,26.72,37.2,40.7,62.5,804.0,0,4.0,13.37,1.97
EV163844,2019.0,15310.0,30.0,99.8,0.4145,96.27,51.93,2.0,0.275,2.4,3.0,69.8,45.2,7.72,43.3,65.3,81.8,1435.0,0,1.0,,7.2
EV168344,2018.0,259744.0,601.0,68.98,0.5457,93.43,60.21,8.0,0.357,43.4,104.8,55.8,75.9,34.13,28.8,46.4,31.4,393.0,1,4.0,31.02,8.1
EV257094,2018.0,127724.0,530.0,75.64,0.5775,94.56,64.02,9.0,0.267,18.7,54.0,76.9,54.9,19.06,2.8,58.4,58.0,732.0,0,1.0,24.36,8.01
EV139432,2020.0,210649.0,675.0,65.15,0.6918,91.97,42.9,14.0,0.479,50.5,122.3,70.5,75.4,36.79,47.1,41.1,46.1,554.0,1,4.0,34.85,6.05
EV141608,2017.0,160672.0,410.0,76.15,0.5195,93.27,63.98,1.0,0.368,33.5,54.8,70.5,68.6,23.55,19.0,46.7,52.1,613.0,0,3.0,23.85,9.07
EV127992,2022.0,57614.0,126.0,95.2,0.366,94.07,122.91,6.0,0.132,21.8,52.5,75.7,63.1,22.44,24.0,56.2,81.6,1018.0,0,2.0,4.8,3.82
EV207979,2019.0,9487.0,214.0,91.06,0.5611,95.05,38.45,1.0,0.21,1.8,3.0,70.0,48.2,21.24,6.9,69.6,58.9,672.0,0,,8.94,6.84
EV173944,2020.0,500.0,1.0,99.8,0.3624,98.05,61.27,1.0,0.125,2.0,3.0,72.8,49.7,9.73,16.1,66.8,100.0,1455.0,0,3.0,0.2,6.07
EV162266,2018.0,68322.0,280.0,76.74,0.6904,93.18,33.8,5.0,0.307,15.7,28.8,62.0,56.8,26.65,62.9,43.8,22.9,1030.0,0,1.0,23.26,7.93
EV141898,2022.0,41001.0,49.0,99.8,0.3846,97.17,89.99,5.0,0.049,16.0,34.3,80.3,46.2,16.89,16.2,71.6,69.2,1493.0,0,2.0,0.2,4.09
EV118150,2018.0,41271.0,109.0,94.5,0.4313,96.24,52.43,2.0,0.174,9.4,47.1,56.7,59.2,15.61,35.4,54.5,77.0,1321.0,0,1.0,5.5,7.99
EV292593,2021.0,10548.0,1.0,97.75,0.3762,94.98,81.21,1.0,0.347,10.9,16.5,81.5,45.1,7.43,48.7,65.1,76.8,1463.0,0,1.0,2.25,4.77
EV291093,2019.0,63747.0,183.0,88.43,0.4267,95.53,67.54,2.0,0.433,9.9,26.7,80.3,62.0,8.78,46.2,59.3,54.8,911.0,0,0.0,11.57,6.93
EV200939,2015.0,3925.0,1.0,99.8,0.3957,96.44,64.02,1.0,0.372,1.2,3.0,59.7,48.5,19.24,33.2,69.3,57.3,1460.0,0,1.0,0.2,11.02
EV237561,2024.0,3632.0,1.0,99.8,0.4202,96.3,61.14,2.0,0.398,4.4,6.5,91.1,43.5,7.32,10.7,65.3,52.1,1509.0,0,2.0,0.2,2.13
EV121783,2024.0,46673.0,143.0,75.81,0.6417,93.78,36.84,10.0,0.569,39.3,94.4,87.5,56.8,22.17,44.1,60.4,27.9,498.0,0,0.0,24.19,1.85
EV137067,2019.0,55536.0,312.0,68.2,0.7032,92.37,25.15,9.0,0.395,7.4,23.8,77.2,58.0,20.4,18.0,54.6,42.7,343.0,0,2.0,31.8,7.16
EV261923,2015.0,281224.0,1039.0,49.49,0.7172,90.22,25.79,6.0,0.444,30.0,82.5,59.2,76.5,140.49,33.7,47.5,11.9,111.0,1,4.0,50.51,11.04
EV118330,2022.0,31415.0,148.0,95.57,0.3561,95.17,67.37,1.0,0.047,18.7,28.4,83.6,52.4,10.84,0.0,51.4,94.5,986.0,0,1.0,4.43,3.88
EV290978,2018.0,70938.0,192.0,87.87,0.5403,97.23,71.24,1.0,0.319,9.7,29.4,66.5,50.1,12.47,49.2,59.7,60.1,1141.0,0,4.0,12.13,8.0
EV284876,2019.0,142304.0,408.0,78.13,0.4985,96.14,57.4,5.0,0.177,28.3,71.4,65.0,74.0,17.38,25.7,54.1,66.5,595.0,0,5.0,21.87,7.23
EV233038,2016.0,90201.0,277.0,85.68,0.4157,91.57,51.46,4.0,0.066,12.3,29.3,54.4,55.5,19.87,2.9,71.9,66.0,1061.0,0,2.0,14.32,10.03
EV265609,2018.0,51013.0,89.0,99.8,0.3737,96.66,79.07,5.0,0.288,8.5,19.4,64.4,49.4,19.47,0.0,60.6,60.9,1381.0,0,1.0,0.2,7.76
EV123580,2020.0,95100.0,236.0,87.76,0.4552,94.98,55.55,7.0,0.099,19.3,52.1,86.2,54.5,14.8,21.1,55.1,95.9,1082.0,0,3.0,12.24,6.01
EV251869,2018.0,12100.0,105.0,87.61,0.4379,94.89,92.04,4.0,0.26,1.3,3.0,66.5,47.5,12.21,5.8,67.6,66.9,1328.0,0,3.0,9.12,7.87
EV145409,2017.0,62224.0,208.0,88.28,0.4509,95.3,106.6,1.0,0.191,8.1,22.7,61.4,50.9,17.74,28.7,60.8,76.4,1135.0,0,3.0,11.72,9.08
EV216097,2023.0,43247.0,43.0,96.32,0.3648,94.98,100.32,1.0,0.523,28.5,60.7,94.1,62.9,6.06,32.7,46.6,52.1,1168.0,0,1.0,,2.84
EV181851,2022.0,85179.0,260.0,78.89,0.5031,93.75,66.52,5.0,0.379,37.5,74.5,85.1,69.3,19.91,27.6,46.1,8.1,730.0,0,,21.11,3.85
EV207104,2018.0,11669.0,12.0,99.8,0.4167,95.0,70.55,1.0,0.167,1.0,3.0,72.1,40.4,13.99,16.5,65.8,58.9,782.0,0,2.0,0.2,7.91
EV257272,2022.0,89878.0,220.0,91.34,0.4785,94.73,73.93,5.0,0.215,52.1,75.2,94.7,53.1,2.04,4.7,61.6,34.8,1128.0,0,1.0,8.66,3.88
EV224888,2018.0,73017.0,140.0,93.29,0.4934,98.43,70.54,5.0,0.19,26.3,32.7,70.2,49.3,8.26,36.2,61.2,95.1,1266.0,0,1.0,6.71,7.89
EV116183,2019.0,165624.0,349.0,78.63,0.5285,94.98,64.79,3.0,0.187,27.3,76.2,80.2,76.6,16.68,41.5,42.1,79.3,666.0,0,7.0,21.37,
EV146512,2019.0,102832.0,193.0,92.68,0.4269,97.25,119.84,3.0,0.197,23.3,52.5,80.4,65.2,13.12,19.7,56.9,56.8,922.0,0,2.0,7.32,6.82
EV217381,2018.0,157523.0,259.0,64.52,0.9113,87.02,76.27,1.0,0.236,53.4,69.3,66.9,77.2,25.47,94.1,33.2,7.6,352.0,1,0.0,35.48,7.75
EV279792,2023.0,7668.0,15.0,92.28,0.4724,95.16,35.91,1.0,0.105,1.1,3.0,72.8,65.5,10.35,55.1,49.3,100.0,1346.0,0,3.0,7.72,3.03
EV264920,2022.0,6771.0,55.0,98.81,0.4409,95.51,48.79,1.0,0.286,1.3,3.0,85.6,48.4,8.37,2.9,55.0,72.8,1453.0,0,2.0,1.19,3.97
EV212052,2017.0,66822.0,120.0,95.23,0.4105,96.1,94.76,5.0,0.262,8.7,25.0,58.1,65.2,25.46,5.2,57.7,52.1,1058.0,0,2.0,4.77,
EV244353,2021.0,113994.0,253.0,88.52,0.5063,95.57,89.0,5.0,0.258,21.4,71.3,93.0,49.3,12.34,35.5,63.3,71.5,1089.0,0,1.0,11.48,4.93
EV167905,2015.0,193342.0,1179.0,54.69,0.6778,90.96,16.29,12.0,0.181,30.4,59.8,51.1,78.8,41.6,33.2,41.2,50.0,52.0,1,3.0,,10.86
EV149865,2022.0,91804.0,504.0,74.14,0.4986,94.4,27.9,4.0,0.31,25.5,76.1,76.0,62.5,16.05,38.5,55.9,81.0,503.0,0,,25.86,3.61
EV220464,2020.0,170147.0,521.0,66.46,0.6032,93.22,43.1,7.0,0.314,25.0,59.2,62.1,56.8,37.16,23.7,34.7,59.9,444.0,1,1.0,33.54,9.81
EV274057,2021.0,52002.0,56.0,96.04,0.3858,95.65,79.72,1.0,0.12,15.3,25.9,86.3,58.4,13.09,18.8,51.1,75.1,1109.0,0,2.0,3.96,5.18
EV261681,2021.0,121957.0,283.0,85.55,0.4998,95.24,68.66,4.0,0.48,27.5,85.2,82.3,43.4,17.11,16.3,65.0,32.9,1020.0,0,2.0,14.45,4.72
EV239402,2024.0,17213.0,46.0,98.73,0.3387,98.37,77.61,4.0,0.216,15.7,44.7,89.1,59.9,5.31,17.3,54.5,100.0,1121.0,0,1.0,1.27,2.12
EV287610,2022.0,36482.0,154.0,91.1,0.3794,95.97,82.57,1.0,0.362,8.2,24.5,87.6,49.3,11.36,21.4,61.5,52.4,1239.0,0,0.0,8.9,3.98
EV159201,2020.0,90989.0,245.0,85.29,0.5441,94.41,66.69,6.0,0.217,28.8,47.6,71.6,57.6,19.87,28.9,59.4,49.5,1148.0,0,0.0,14.71,5.94
EV184613,2020.0,76609.0,229.0,92.21,0.4166,96.39,61.71,3.0,0.251,27.7,47.3,70.2,58.9,14.99,19.4,60.1,57.7,1148.0,0,3.0,7.79,5.97
EV215976,2016.0,140685.0,358.0,74.01,0.5489,94.66,56.73,4.0,0.137,33.6,45.0,61.4,68.2,21.7,29.5,52.4,59.8,636.0,0,4.0,25.99,10.16
EV207267,2016.0,153679.0,406.0,85.33,0.5,94.23,67.08,4.0,0.272,20.4,57.3,69.1,56.8,5.34,38.6,59.0,52.1,915.0,0,1.0,14.67,9.78
EV220335,2016.0,152547.0,353.0,74.65,0.5063,93.73,55.03,6.0,0.148,18.3,52.4,35.7,79.7,39.28,28.6,43.0,36.7,688.0,1,,25.35,9.86
EV236414,2023.0,78494.0,236.0,83.89,0.4213,96.4,64.02,8.0,0.415,50.5,47.1,77.2,59.7,13.42,29.4,61.4,54.0,854.0,0,4.0,16.11,3.05
EV107514,2017.0,9013.0,59.0,99.11,0.3725,99.1,49.28,2.0,0.102,2.1,47.1,56.4,46.5,29.57,0.0,64.3,96.7,1450.0,0,4.0,0.89,8.73
EV166224,2018.0,65822.0,193.0,76.21,0.6189,95.09,58.17,1.0,0.157,12.3,47.1,72.8,58.9,27.97,19.5,57.4,86.4,474.0,0,6.0,23.79,7.74
EV287377,2021.0,66277.0,225.0,90.04,0.4201,96.33,57.23,8.0,0.261,15.7,45.3,70.2,42.8,20.43,49.6,66.0,49.8,1147.0,0,3.0,9.96,4.94
EV220118,2021.0,57201.0,242.0,85.68,0.4174,96.65,58.52,8.0,0.075,13.8,42.7,78.6,69.3,19.47,16.8,49.6,97.9,802.0,0,1.0,14.32,4.93
EV185704,2020.0,94763.0,378.0,80.87,0.545,94.51,43.3,7.0,0.26,18.9,50.9,82.4,51.1,12.24,0.0,58.1,79.4,969.0,0,0.0,19.13,5.81
EV244177,2018.0,127009.0,361.0,82.79,0.5041,94.26,47.63,7.0,0.474,17.3,53.4,88.0,54.1,13.02,24.4,57.1,62.7,953.0,0,1.0,17.21,7.96
EV206324,2017.0,97196.0,206.0,88.26,0.4426,95.45,64.02,1.0,0.415,10.7,36.5,68.9,50.7,10.56,32.7,60.7,53.6,1200.0,0,1.0,11.74,9.17
EV254542,2019.0,220100.0,503.0,64.09,0.838,89.72,59.5,7.0,0.612,68.4,98.1,64.0,78.5,33.93,100.0,43.9,0.0,1030.0,1,1.0,35.91,7.09
EV127307,2023.0,24336.0,1.0,99.62,0.4003,93.73,75.22,2.0,0.36,4.4,12.7,78.3,51.9,18.33,67.2,57.3,62.6,1572.0,0,4.0,0.38,2.84
EV117603,2020.0,108703.0,248.0,83.49,0.5482,95.11,72.4,5.0,0.744,41.8,61.1,61.3,56.3,20.8,58.3,58.5,3.5,1043.0,0,3.0,16.51,6.06
EV284493,2020.0,78549.0,167.0,87.57,0.379,94.44,51.39,4.0,0.319,6.9,14.2,55.6,62.7,23.58,0.0,48.6,85.4,1030.0,0,1.0,12.43,
EV194698,2024.0,38083.0,122.0,89.93,0.4221,97.94,83.41,7.0,0.505,19.2,49.9,97.4,68.4,7.28,60.7,42.7,52.2,1038.0,0,1.0,10.07,2.06
EV224719,2022.0,83189.0,211.0,90.65,0.4711,95.22,82.17,8.0,0.313,39.6,77.6,86.9,47.6,10.57,13.1,62.0,44.6,1211.0,0,7.0,9.35,3.86
EV240757,2015.0,39987.0,184.0,89.25,0.5056,95.38,39.15,1.0,0.591,6.6,16.2,52.1,55.2,12.81,47.9,57.2,38.2,1179.0,0,0.0,,10.95
EV174690,2020.0,78549.0,205.0,88.47,0.4223,95.63,43.09,1.0,0.266,8.2,23.9,72.8,63.9,18.74,45.3,57.3,52.1,908.0,0,2.0,11.53,5.93
EV126907,2020.0,185845.0,493.0,60.02,0.6939,90.84,46.57,11.0,0.433,30.7,103.3,72.8,90.6,25.7,66.8,33.7,9.2,456.0,1,6.0,39.98,6.22
EV254738,2015.0,121194.0,347.0,70.51,0.7508,86.28,66.52,1.0,0.467,10.4,36.2,45.5,86.6,23.04,100.0,35.8,21.3,811.0,1,4.0,29.49,11.02
EV160975,2016.0,161571.0,287.0,87.61,0.4793,94.95,82.24,5.0,0.384,21.8,53.3,62.8,54.1,21.94,10.2,56.9,48.9,1043.0,0,1.0,14.13,10.08
EV163340,2022.0,72478.0,214.0,78.22,0.5854,93.9,60.42,4.0,0.472,18.7,62.7,81.1,63.9,24.03,45.0,54.7,18.7,935.0,0,3.0,21.78,3.96
EV175615,2018.0,63901.0,152.0,92.14,0.4542,95.87,85.79,2.0,0.159,9.3,27.7,75.7,49.6,18.33,5.9,67.3,58.6,1275.0,0,0.0,7.86,8.03
EV143540,2020.0,29134.0,101.0,94.99,0.4314,99.01,87.95,1.0,0.354,5.3,16.8,80.9,46.8,13.48,23.5,60.3,77.0,1328.0,0,1.0,5.01,3.95
EV113065,2016.0,165510.0,388.0,85.48,0.5433,95.32,60.07,6.0,0.139,31.2,55.1,67.2,53.3,28.99,13.2,58.3,71.6,869.0,0,4.0,14.52,9.97
EV147687,2016.0,450000.0,714.0,57.55,0.6953,90.52,74.23,9.0,0.604,120.4,179.2,50.5,56.8,35.26,75.0,48.4,0.0,264.0,1,3.0,42.45,9.95
EV198474,2022.0,81753.0,154.0,88.36,0.4186,96.63,68.85,5.0,0.479,22.4,65.5,86.4,56.8,18.45,45.4,44.8,50.5,928.0,0,4.0,,4.08
EV267660,2016.0,105836.0,168.0,92.43,0.4626,97.37,80.28,4.0,0.594,13.0,33.4,62.3,47.4,11.62,39.6,74.3,59.0,1030.0,0,1.0,7.57,9.7
EV171732,2022.0,70241.0,198.0,89.46,0.5063,94.57,68.84,3.0,0.178,31.2,58.9,82.7,51.3,22.45,16.2,62.9,58.6,1129.0,0,2.0,10.54,
EV294034,2022.0,12607.0,4.0,99.28,0.3304,94.3,90.9,5.0,0.177,16.3,28.8,81.7,59.7,19.67,48.4,51.7,70.7,1198.0,0,,0.72,4.13
EV262776,2019.0,82117.0,180.0,89.31,0.4568,95.61,80.14,5.0,0.468,11.8,38.4,66.2,57.1,23.19,65.0,52.4,46.1,1184.0,0,5.0,10.69,6.84
EV274132,2021.0,103849.0,133.0,96.27,0.4092,97.92,94.13,1.0,0.561,27.6,76.8,71.3,57.5,15.05,33.2,52.2,22.7,1344.0,0,0.0,3.73,5.13
EV261023,2021.0,62529.0,183.0,81.38,0.473,93.71,59.53,4.0,0.326,22.5,39.6,84.8,72.1,18.33,63.3,51.4,62.3,843.0,0,3.0,18.62,5.15
EV199940,2016.0,164225.0,453.0,73.94,0.6565,94.55,54.52,6.0,0.496,24.8,50.3,65.1,57.3,25.96,66.4,59.5,39.6,757.0,0,1.0,26.06,9.87
EV290260,2023.0,7678.0,1.0,99.8,0.3745,99.5,52.02,1.0,0.127,5.9,17.4,99.4,49.8,9.02,0.0,65.2,95.1,1030.0,0,3.0,0.2,2.94
EV153793,2021.0,49802.0,99.0,87.98,0.504,96.06,69.51,2.0,0.427,12.9,40.0,69.0,67.2,18.47,45.8,53.6,43.0,954.0,0,,12.02,5.01
EV257157,2020.0,55895.0,214.0,90.71,0.4805,94.86,59.7,11.0,0.311,13.7,42.8,85.9,51.9,10.69,20.2,63.5,52.6,1166.0,0,4.0,9.29,5.83
EV282323,2017.0,108050.0,372.0,78.12,0.6391,95.97,49.55,2.0,0.485,13.7,39.3,70.0,66.8,23.55,13.5,50.5,20.3,948.0,0,4.0,21.88,8.77
EV245387,2016.0,124828.0,198.0,92.14,0.4474,97.04,122.32,7.0,0.289,17.7,45.7,63.5,44.1,17.89,7.3,70.2,62.2,1167.0,0,0.0,7.86,9.87
EV171054,2015.0,273713.0,1655.0,45.24,0.9204,87.27,15.52,13.0,0.233,31.6,79.9,56.3,65.0,32.59,29.9,59.3,0.0,0.0,1,1.0,54.76,11.1
EV272973,2023.0,27072.0,129.0,95.5,0.3615,94.8,64.02,2.0,0.151,13.5,25.9,84.3,62.6,18.93,7.7,58.4,77.7,1006.0,0,1.0,4.5,3.14
EV284182,2015.0,97366.0,237.0,87.13,0.5392,94.84,77.55,3.0,0.585,14.9,25.0,60.6,57.1,19.0,16.9,49.8,31.3,1102.0,0,2.0,12.87,11.01
EV121396,2020.0,9823.0,14.0,99.8,0.3573,96.49,78.66,1.0,0.047,1.1,3.0,79.7,61.9,11.29,10.3,55.3,100.0,1182.0,0,2.0,0.2,5.99
EV132618,2017.0,76267.0,254.0,86.34,0.5067,96.25,61.53,1.0,0.056,14.0,27.3,54.0,54.9,28.24,24.9,53.2,52.1,1030.0,0,4.0,13.66,9.21
EV127379,2023.0,42103.0,32.0,99.59,0.3943,96.69,85.96,7.0,0.071,14.6,50.4,79.4,45.2,16.19,28.8,65.6,54.4,1462.0,0,1.0,0.41,3.12
EV153853,2021.0,19536.0,58.0,88.43,0.5462,93.68,85.83,1.0,0.177,11.7,20.0,65.6,67.0,25.45,59.9,43.1,81.1,1283.0,0,1.0,11.57,5.02
EV158017,2017.0,33045.0,53.0,97.95,0.3989,97.71,57.59,2.0,0.367,12.1,16.9,44.1,55.9,16.81,32.1,50.8,42.5,1410.0,0,0.0,2.05,9.05
EV278444,2021.0,17248.0,4.0,99.8,0.3113,98.74,81.56,1.0,0.205,7.0,11.0,89.6,56.8,9.71,7.3,54.4,98.3,1180.0,0,2.0,0.2,4.65
EV170578,2024.0,52642.0,143.0,83.42,0.579,92.07,74.63,5.0,0.476,23.0,76.2,85.7,63.0,24.25,15.0,50.3,38.9,534.0,0,5.0,16.58,1.81
EV105861,2021.0,180794.0,748.0,67.47,0.6859,94.26,32.04,20.0,0.5,78.3,122.4,68.2,62.7,30.12,40.8,50.4,24.2,1030.0,1,1.0,32.53,4.81
EV116824,2015.0,30186.0,80.0,97.87,0.4191,98.47,92.82,2.0,0.102,2.6,5.7,55.4,50.8,19.86,2.8,63.2,100.0,1030.0,0,1.0,2.13,10.98
EV292802,2019.0,96440.0,357.0,72.05,0.5381,94.98,35.53,6.0,0.247,18.4,40.5,70.4,72.3,29.95,21.7,56.9,52.1,612.0,0,3.0,27.95,7.19
EV252575,2024.0,7801.0,1.0,97.69,0.3755,96.7,61.24,4.0,0.262,7.8,26.8,72.8,73.6,9.79,63.2,42.0,58.0,1182.0,0,2.0,2.31,1.87
EV174334,2016.0,132351.0,308.0,87.12,0.4541,96.25,91.86,5.0,0.287,13.4,40.8,66.4,53.0,13.5,45.9,62.1,87.4,1067.0,0,5.0,12.88,9.91
EV262060,2018.0,22708.0,66.0,91.26,0.455,95.68,36.31,1.0,0.392,1.9,3.0,64.2,67.1,16.07,27.9,49.1,72.5,1087.0,0,4.0,8.74,8.24
EV259715,2018.0,26943.0,48.0,93.73,0.5085,95.31,85.02,1.0,0.218,2.7,7.8,67.2,68.6,13.76,75.0,45.3,79.4,1370.0,0,3.0,6.27,8.09
EV124705,2021.0,18480.0,66.0,96.31,0.3299,96.72,72.9,1.0,0.375,5.1,14.1,78.8,60.7,11.19,31.8,55.1,52.1,1087.0,0,8.0,3.69,4.91
EV193627,2016.0,99037.0,481.0,74.22,0.6566,96.78,34.0,6.0,0.164,16.5,34.2,55.1,56.0,25.62,43.2,66.7,67.4,1030.0,0,1.0,25.78,9.67
EV238196,2015.0,262263.0,742.0,65.47,0.6618,92.55,44.48,10.0,0.229,29.4,80.2,50.4,59.9,36.96,0.0,55.0,14.6,473.0,1,4.0,34.53,11.0
EV230286,2017.0,163036.0,634.0,47.47,0.9161,89.77,64.02,4.0,0.497,32.7,62.4,66.1,60.3,32.04,41.9,49.2,0.0,73.0,1,3.0,52.53,9.19
EV207451,2023.0,80475.0,63.0,95.92,0.3843,97.09,89.46,7.0,0.229,40.1,95.2,93.0,51.8,11.95,29.2,52.9,59.0,1381.0,0,2.0,4.08,3.05
EV248063,2024.0,26327.0,1.0,99.8,0.3537,96.3,92.39,5.0,0.062,14.0,30.6,98.2,53.0,10.35,10.0,63.6,94.7,1559.0,0,2.0,0.2,2.06
EV245320,2022.0,9472.0,50.0,99.8,0.429,97.04,71.96,2.0,0.269,20.4,12.1,82.1,41.5,16.51,23.6,71.6,74.5,1505.0,0,4.0,0.2,3.81
EV221462,2022.0,23360.0,14.0,99.8,0.352,96.58,82.7,7.0,0.314,22.4,33.8,88.8,56.8,5.09,19.5,69.2,77.0,1545.0,0,2.0,0.2,4.03
EV190018,2017.0,63771.0,55.0,93.94,0.3934,94.98,99.83,1.0,0.216,11.3,26.0,43.8,62.5,18.17,21.0,51.3,100.0,1042.0,0,2.0,6.06,8.75
EV132485,2017.0,138648.0,319.0,87.06,0.4924,94.2,74.71,1.0,0.454,18.0,55.2,48.8,61.0,29.43,44.7,54.5,47.6,1074.0,0,1.0,12.94,8.83
EV258971,2015.0,11197.0,75.0,92.9,0.3751,94.74,24.39,1.0,0.399,1.1,3.0,60.5,63.0,20.49,42.5,54.7,63.9,1030.0,0,4.0,,11.11
EV228120,2018.0,84867.0,180.0,90.63,0.3531,95.63,79.72,3.0,0.186,17.0,33.0,68.9,63.2,24.58,26.7,52.4,77.8,907.0,0,1.0,9.37,
EV183746,2016.0,335675.0,1279.0,42.47,0.7787,89.21,22.98,8.0,0.897,39.5,112.7,50.3,83.3,18.33,56.1,43.7,0.0,0.0,1,8.0,57.53,10.25
EV197870,2023.0,105178.0,379.0,80.82,0.4816,92.26,47.3,6.0,0.608,31.9,91.6,81.8,49.9,14.84,42.0,68.0,9.4,912.0,0,3.0,19.18,
EV288156,2015.0,352547.0,1160.0,29.35,1.2388,84.31,18.18,10.0,0.515,49.8,108.0,47.3,81.2,53.37,74.8,35.4,0.0,0.0,1,3.0,70.65,
EV210318,2015.0,134079.0,336.0,78.95,0.5607,94.56,64.98,3.0,0.292,15.9,41.6,53.3,65.1,20.27,53.9,48.6,35.8,921.0,1,6.0,21.05,10.97
EV294643,2020.0,23032.0,91.0,99.12,0.5063,94.98,63.32,5.0,0.022,6.1,17.2,85.1,58.6,11.85,6.7,55.9,52.1,1089.0,0,1.0,0.88,5.96
EV210974,2022.0,27630.0,1.0,99.8,0.4476,98.88,69.69,1.0,0.225,9.4,29.5,86.3,47.8,16.55,37.2,63.6,79.7,1510.0,0,0.0,0.2,4.07
EV143159,2022.0,21164.0,76.0,94.24,0.5063,96.39,67.28,6.0,0.487,12.8,19.9,76.9,62.4,14.65,40.9,54.7,38.0,1051.0,0,1.0,5.76,3.95
EV208877,2020.0,110855.0,271.0,83.5,0.5063,94.41,74.0,4.0,0.411,24.6,65.9,81.5,49.2,23.09,32.1,63.4,55.4,1044.0,0,4.0,16.5,5.84
EV262217,2023.0,25732.0,74.0,96.53,0.3846,96.83,69.56,5.0,0.345,14.5,28.3,100.0,52.5,12.37,11.9,51.0,69.1,1113.0,0,,3.47,2.76
EV263065,2016.0,52775.0,168.0,93.69,0.4644,95.9,56.29,4.0,0.35,9.6,14.6,56.7,53.4,20.47,26.0,51.2,45.4,1264.0,0,2.0,6.31,9.88
EV296233,2024.0,46739.0,157.0,87.61,0.4489,98.43,64.49,7.0,0.325,37.2,66.2,100.0,52.0,2.15,30.6,61.3,60.8,1259.0,0,3.0,5.09,1.95
EV188416,2020.0,99815.0,214.0,88.08,0.4556,94.98,89.12,4.0,0.324,19.1,61.2,70.2,50.5,26.85,23.7,66.4,22.2,1102.0,0,2.0,11.92,5.97
EV291107,2019.0,26858.0,138.0,97.19,0.4183,97.77,53.01,4.0,0.275,6.8,9.0,65.8,45.1,7.58,22.2,62.2,70.8,1331.0,0,1.0,2.81,6.98
EV248599,2024.0,14010.0,20.0,99.8,0.3174,96.47,67.61,4.0,0.077,14.9,36.2,93.2,55.7,18.33,54.9,52.9,100.0,1196.0,0,4.0,0.2,1.98
EV266240,2023.0,53293.0,94.0,94.4,0.3632,95.08,96.74,7.0,0.287,12.6,37.7,96.3,39.4,13.77,50.0,72.3,61.7,1359.0,0,4.0,5.6,2.92
EV277915,2020.0,24913.0,214.0,99.25,0.4107,98.77,74.09,1.0,0.545,4.7,12.9,83.5,42.2,6.11,43.4,56.9,52.2,1412.0,0,1.0,0.75,6.13
EV164919,2016.0,428995.0,1692.0,43.28,0.7154,91.17,20.9,19.0,0.428,103.1,142.4,63.3,79.3,44.12,30.8,35.9,32.2,0.0,1,5.0,56.72,10.02
EV114022,2024.0,7961.0,44.0,99.8,0.3515,94.82,87.13,4.0,0.227,1.6,47.1,88.9,40.8,12.46,42.6,71.6,61.1,1030.0,0,1.0,0.2,1.94
EV179899,2016.0,146731.0,281.0,81.96,0.4261,92.49,79.46,2.0,0.3,16.3,45.8,60.7,70.7,24.38,15.7,54.7,60.3,768.0,0,1.0,18.04,10.31
EV255630,2021.0,68015.0,160.0,79.12,0.5851,94.97,69.3,1.0,0.622,12.9,37.2,63.7,53.5,27.31,38.8,64.1,32.8,507.0,0,6.0,,5.04
EV165080,2016.0,14860.0,89.0,96.49,0.3666,95.63,59.11,1.0,0.539,1.6,3.0,53.0,64.9,11.49,57.1,60.2,24.8,1042.0,0,2.0,3.51,9.99
EV120455,2019.0,86309.0,213.0,85.85,0.4688,94.79,53.42,6.0,0.655,22.1,42.6,63.4,53.8,27.32,49.9,52.5,11.4,1089.0,0,3.0,14.15,6.77
EV278436,2017.0,372416.0,1260.0,29.17,1.0901,85.39,17.16,22.0,0.693,94.0,142.2,52.8,86.6,51.42,72.3,40.7,0.0,0.0,1,7.0,70.83,8.86
EV216260,2017.0,263321.0,652.0,66.8,0.6746,92.79,62.94,6.0,0.319,34.1,95.1,61.6,56.5,28.44,31.9,54.7,26.5,610.0,1,5.0,33.2,8.94
EV244978,2016.0,149357.0,367.0,60.6,0.7654,91.62,53.57,4.0,0.471,36.6,44.8,51.5,56.3,36.01,45.6,49.7,28.7,262.0,1,2.0,39.4,10.16
EV209580,2019.0,116630.0,445.0,78.71,0.5637,94.08,45.73,6.0,0.367,30.7,55.0,72.8,45.8,17.18,38.2,56.1,42.0,854.0,0,2.0,21.29,7.02
EV201596,2023.0,56563.0,128.0,95.95,0.4066,96.47,74.84,4.0,0.319,20.1,50.3,93.3,55.7,5.96,6.8,56.2,63.6,1341.0,0,3.0,4.05,3.19
EV167411,2016.0,109973.0,609.0,66.55,0.6378,93.19,26.03,9.0,0.848,14.4,36.5,63.2,70.3,33.61,51.5,47.9,6.3,581.0,1,1.0,33.45,10.16
EV246873,2016.0,99398.0,443.0,79.15,0.5424,93.66,34.63,8.0,0.2,11.6,37.3,87.4,55.7,18.34,68.0,58.9,35.9,854.0,0,2.0,20.85,9.89
EV267722,2024.0,33611.0,158.0,88.11,0.4038,95.06,49.61,5.0,0.236,31.7,49.9,86.7,66.7,18.67,15.5,50.4,73.1,919.0,0,2.0,11.89,2.17
EV219305,2020.0,2806.0,2.0,97.33,0.3587,95.99,80.26,1.0,0.37,1.2,47.1,74.5,58.5,12.13,39.1,58.9,57.1,1175.0,0,3.0,2.67,6.13
EV245580,2020.0,5699.0,22.0,98.05,0.457,96.45,48.23,1.0,0.43,5.2,13.1,73.5,38.4,16.75,36.8,75.1,46.8,1450.0,0,2.0,1.95,6.07
EV185204,2023.0,26284.0,206.0,94.96,0.4247,95.39,43.79,5.0,0.147,16.6,33.2,90.6,46.5,9.98,15.4,59.6,89.0,1204.0,0,1.0,5.04,3.22
EV234566,2019.0,271092.0,705.0,61.04,0.663,90.95,49.36,16.0,0.699,44.3,139.1,84.2,67.2,28.28,66.4,45.9,0.0,477.0,1,4.0,38.96,6.6
EV272601,2020.0,72722.0,310.0,79.13,0.4866,94.98,39.78,5.0,0.294,12.3,39.0,72.2,66.6,26.44,45.9,48.4,51.1,718.0,0,4.0,20.87,6.05
EV195548,2018.0,107061.0,315.0,80.83,0.5197,94.15,65.37,5.0,0.181,14.1,45.8,62.2,68.0,24.22,24.6,51.5,45.4,947.0,0,1.0,19.17,7.93
EV244915,2015.0,340778.0,776.0,56.64,0.781,91.37,50.94,10.0,0.532,81.7,100.6,62.5,62.1,29.22,39.5,55.6,22.8,1030.0,1,4.0,43.36,11.05
EV238547,2024.0,15441.0,91.0,95.64,0.424,98.1,80.29,6.0,0.136,20.3,29.4,77.9,35.2,3.14,40.1,73.3,81.9,1030.0,0,1.0,4.36,1.81
EV243521,2021.0,41160.0,59.0,95.83,0.5063,95.11,67.29,5.0,0.19,9.2,28.6,74.9,52.3,14.73,17.8,59.3,76.4,1397.0,0,1.0,4.17,5.2
EV249764,2016.0,70496.0,222.0,83.87,0.4512,93.73,65.38,1.0,0.364,13.9,23.7,56.0,56.8,21.7,34.0,53.8,50.1,852.0,0,0.0,16.13,9.95
EV130723,2024.0,69087.0,238.0,81.03,0.5664,97.01,46.08,4.0,0.672,37.1,102.4,73.8,56.8,26.75,40.2,52.2,31.4,1017.0,0,3.0,18.97,2.13
EV181302,2017.0,141582.0,409.0,75.79,0.5019,94.55,51.85,7.0,0.362,33.7,56.2,70.7,72.6,24.98,37.0,49.4,57.2,593.0,0,2.0,24.21,8.47
EV285197,2020.0,500.0,2.0,99.8,0.3364,95.0,77.97,1.0,0.117,1.4,3.0,62.7,46.9,14.67,33.2,66.1,97.9,1489.0,0,1.0,,6.04
EV137360,2020.0,12917.0,86.0,82.86,0.5087,92.49,80.7,1.0,0.277,1.0,3.0,83.9,77.9,16.28,79.2,46.5,64.3,917.0,0,6.0,17.14,6.11
EV138328,2020.0,81273.0,161.0,92.18,0.4794,93.68,70.01,3.0,0.275,14.9,50.3,86.2,47.8,13.97,19.5,52.2,63.1,1259.0,0,2.0,7.82,
EV128245,2024.0,18528.0,214.0,99.8,0.416,99.19,83.48,1.0,0.319,13.4,26.4,94.7,54.7,1.85,13.1,59.6,94.7,1413.0,0,2.0,0.2,2.15
EV167799,2020.0,12230.0,1.0,99.8,0.3784,97.01,50.84,2.0,0.199,1.5,3.0,57.7,53.5,23.57,9.0,59.8,78.2,1487.0,0,3.0,0.2,5.73
EV123774,2020.0,156672.0,276.0,80.26,0.4441,96.0,86.16,5.0,0.456,26.0,86.8,72.8,73.7,25.69,54.8,39.8,46.8,1030.0,0,1.0,19.74,5.92
EV120205,2018.0,196260.0,716.0,48.06,0.9538,88.73,27.35,12.0,0.447,33.6,80.5,71.4,55.0,31.76,20.0,56.9,18.1,22.0,1,5.0,51.94,7.98
EV247540,2019.0,143387.0,526.0,76.4,0.6298,94.14,38.53,10.0,0.294,29.8,73.1,71.3,57.7,27.6,28.8,60.7,31.5,771.0,0,2.0,23.6,6.89
EV124945,2015.0,388341.0,214.0,42.78,0.7595,87.76,26.96,13.0,0.48,66.3,114.6,41.8,94.7,49.42,75.2,28.1,14.7,0.0,1,4.0,57.22,10.94
EV223140,2024.0,26711.0,142.0,92.59,0.4753,94.89,65.66,3.0,0.431,23.7,40.9,100.0,54.5,12.26,34.6,57.8,22.1,1257.0,0,2.0,7.41,1.99
EV278180,2017.0,229198.0,489.0,77.1,0.544,92.98,65.63,6.0,0.183,20.4,82.8,71.9,63.5,24.86,34.3,46.0,66.6,791.0,0,3.0,22.9,8.85
EV112788,2022.0,25670.0,68.0,89.73,0.5499,95.1,80.56,3.0,0.265,9.0,23.6,80.3,42.6,21.42,23.0,73.4,65.9,673.0,0,1.0,10.27,3.97
EV160382,2018.0,176176.0,312.0,79.23,0.4459,94.98,77.06,4.0,0.322,42.0,75.1,74.0,71.1,19.95,26.9,42.3,50.7,673.0,0,4.0,20.77,7.92
EV125877,2017.0,121596.0,161.0,87.6,0.4653,96.31,92.26,3.0,0.159,15.8,42.7,51.2,74.2,21.28,15.9,41.6,78.9,901.0,0,2.0,12.4,9.02
EV199739,2015.0,61965.0,226.0,90.92,0.4443,94.87,50.27,4.0,0.399,5.8,17.9,57.6,50.2,26.33,32.4,56.4,41.6,1187.0,0,1.0,9.08,11.05
EV258707,2017.0,78549.0,117.0,91.49,0.3748,95.78,49.56,1.0,0.423,6.4,13.8,72.8,56.8,24.14,24.9,50.0,60.5,1018.0,0,3.0,8.51,9.15
EV151481,2016.0,394502.0,1358.0,55.67,0.7372,92.65,31.93,15.0,0.364,110.0,133.2,55.1,71.8,31.34,53.7,47.9,19.0,94.0,1,4.0,44.33,10.06
EV114403,2020.0,202479.0,506.0,67.94,0.6682,94.98,54.97,9.0,0.786,60.2,123.9,76.0,58.0,27.2,93.3,59.0,0.0,667.0,1,7.0,32.06,5.75
EV156194,2021.0,36300.0,214.0,92.19,0.4205,97.8,42.94,3.0,0.218,9.5,28.1,79.5,47.7,17.03,15.8,65.1,61.7,1189.0,0,2.0,7.81,5.2
EV266594,2017.0,142917.0,663.0,45.19,0.9178,88.93,20.65,11.0,0.505,19.9,54.9,48.0,78.7,43.55,38.4,41.3,0.0,76.0,1,7.0,54.81,9.02
EV267328,2020.0,6973.0,48.0,99.52,0.3587,97.09,94.37,1.0,0.318,1.1,3.0,77.3,68.6,11.84,24.5,45.1,72.8,1030.0,0,6.0,,5.92
EV286343,2022.0,31556.0,16.0,99.8,0.3869,94.98,78.73,3.0,0.301,12.3,33.0,63.4,53.8,19.37,38.8,53.7,80.7,1487.0,0,1.0,0.2,4.14
EV174015,2024.0,45283.0,180.0,91.84,0.4223,97.83,55.82,5.0,0.276,26.4,70.1,89.1,48.8,9.51,36.5,54.7,75.1,1236.0,0,,8.16,
EV255707,2024.0,3552.0,32.0,97.54,0.304,98.39,65.53,3.0,0.221,7.5,11.1,100.0,60.0,14.12,33.2,51.4,69.4,1108.0,0,1.0,2.46,1.93
EV236729,2019.0,211933.0,422.0,80.02,0.5352,93.16,75.57,3.0,0.336,38.4,101.8,70.5,53.4,15.56,25.6,58.1,51.4,886.0,0,1.0,19.98,6.69
EV270549,2022.0,48652.0,133.0,82.47,0.5798,94.69,59.19,8.0,0.27,25.8,53.7,81.0,47.0,18.14,47.2,69.8,52.1,569.0,0,1.0,17.53,4.13
EV261246,2023.0,500.0,73.0,92.09,0.4315,95.52,77.58,1.0,0.581,2.2,3.0,95.3,56.1,18.38,32.6,54.2,0.0,1335.0,0,1.0,7.91,2.6
EV297069,2016.0,292893.0,1845.0,51.92,0.7848,91.09,16.33,19.0,0.319,72.3,95.0,51.9,80.0,39.11,49.8,50.8,46.5,0.0,1,7.0,48.08,9.91
EV175405,2023.0,500.0,1.0,99.8,0.3084,98.19,92.79,1.0,0.14,12.1,16.5,85.5,53.6,5.0,22.3,53.5,94.9,1190.0,0,0.0,0.2,3.25
EV178792,2024.0,27352.0,20.0,98.05,0.4246,95.98,76.38,4.0,0.374,28.4,46.2,96.4,65.5,1.86,34.0,54.8,61.2,1468.0,0,1.0,1.95,2.13
EV204172,2020.0,128608.0,189.0,89.93,0.4374,95.38,113.87,7.0,0.415,21.4,66.6,77.2,52.1,11.67,13.0,65.5,29.5,1160.0,0,0.0,10.07,5.97
EV297644,2021.0,38812.0,154.0,80.04,0.6218,93.97,44.0,1.0,0.287,9.5,24.7,71.3,44.0,15.64,39.7,68.0,57.7,522.0,0,2.0,19.96,5.15
EV282759,2017.0,38921.0,100.0,96.76,0.5063,94.79,78.23,3.0,0.267,6.0,17.1,52.7,55.9,23.28,38.7,54.7,85.0,1408.0,0,2.0,3.24,8.96
EV119092,2022.0,43376.0,214.0,87.61,0.4248,97.39,56.68,4.0,0.047,17.9,47.1,88.1,70.5,24.53,17.1,51.9,71.6,914.0,0,3.0,8.03,4.21
EV120402,2024.0,16789.0,49.0,90.41,0.427,95.25,64.02,7.0,0.615,16.8,47.2,87.7,64.6,13.28,61.1,44.6,29.3,1051.0,0,0.0,9.59,2.08
EV119818,2020.0,42475.0,136.0,92.76,0.4492,96.14,57.67,4.0,0.371,21.6,44.2,90.1,52.4,15.63,41.1,57.5,67.8,1308.0,0,2.0,7.24,2.92
EV294460,2017.0,44926.0,239.0,84.11,0.4706,94.74,60.19,1.0,0.557,5.4,16.4,56.6,45.9,15.08,33.5,63.7,54.3,1118.0,0,4.0,15.89,8.97
EV258329,2024.0,23306.0,55.0,96.51,0.34,97.25,71.72,7.0,0.335,18.8,62.4,90.1,52.3,12.74,2.1,49.6,81.1,1403.0,0,0.0,3.49,1.84
EV141178,2020.0,145253.0,579.0,56.31,0.7897,85.72,26.56,4.0,0.457,22.9,78.8,73.0,87.3,31.89,88.3,34.1,0.0,341.0,1,4.0,43.69,6.0
EV177775,2021.0,74522.0,308.0,82.0,0.5118,94.77,33.68,8.0,0.367,16.9,49.8,79.5,50.3,21.43,36.6,61.9,81.7,994.0,0,3.0,18.0,5.0
EV283911,2015.0,14636.0,48.0,87.61,0.3641,95.02,64.11,1.0,0.374,2.2,4.1,42.0,61.5,18.98,25.5,45.0,31.7,1149.0,0,2.0,2.21,11.04
EV185023,2024.0,30355.0,1.0,99.8,0.3332,98.24,92.01,3.0,0.271,15.0,48.9,85.2,63.1,0.0,46.8,51.8,86.3,1224.0,0,2.0,0.2,2.12
EV187497,2024.0,34964.0,161.0,87.61,0.389,98.03,61.53,6.0,0.143,15.0,44.7,93.8,47.8,9.66,14.2,65.6,84.3,1301.0,0,2.0,5.64,2.22
EV291741,2021.0,78549.0,231.0,76.95,0.6918,87.07,73.91,7.0,0.515,50.7,75.8,77.4,69.4,14.65,100.0,47.9,0.0,946.0,1,2.0,23.05,5.02
EV197505,2023.0,36551.0,167.0,78.14,0.568,94.17,34.06,2.0,0.302,11.3,23.2,97.4,47.6,20.39,46.5,66.6,52.4,496.0,0,2.0,21.86,2.86
EV285776,2020.0,81438.0,312.0,84.4,0.5011,96.21,47.14,2.0,0.161,23.2,46.7,77.7,51.1,19.99,21.9,61.7,92.8,1020.0,0,1.0,15.6,6.09
EV254986,2021.0,102119.0,148.0,87.42,0.4514,94.98,90.91,1.0,0.549,27.5,70.1,79.4,65.6,30.66,39.4,48.6,6.2,921.0,1,7.0,,4.85
EV132436,2015.0,34435.0,76.0,97.96,0.4058,96.38,79.45,5.0,0.281,4.0,13.6,61.0,56.9,7.52,29.1,57.6,71.4,1417.0,0,2.0,2.04,10.99
EV120598,2015.0,180810.0,670.0,52.35,0.8875,91.03,27.91,10.0,0.184,25.4,57.5,48.0,68.8,46.45,7.2,44.4,46.1,44.0,1,,47.65,10.86
EV223070,2015.0,447603.0,872.0,58.44,0.7062,94.98,57.23,11.0,0.319,57.4,128.2,51.1,61.4,35.69,33.2,59.0,0.0,1030.0,1,2.0,41.56,11.32
EV267468,2019.0,116948.0,416.0,79.42,0.5476,94.45,49.32,5.0,0.433,35.8,53.1,65.8,48.8,21.4,37.1,64.0,25.1,879.0,0,5.0,20.58,7.07
EV154459,2017.0,21920.0,1.0,99.8,0.3844,97.43,90.88,1.0,0.233,3.2,10.1,68.4,58.0,18.81,49.1,57.3,100.0,1499.0,0,,0.2,8.88
EV214843,2020.0,78549.0,48.0,97.04,0.4077,96.66,91.15,4.0,0.093,6.4,13.6,83.8,60.4,16.6,36.5,48.2,84.1,1184.0,0,1.0,2.96,5.85
EV252498,2020.0,110937.0,295.0,79.81,0.6992,86.91,58.07,6.0,0.4,20.4,64.9,74.7,62.9,16.77,100.0,55.6,0.0,981.0,1,3.0,20.19,5.96
EV153361,2024.0,8915.0,122.0,97.15,0.4572,95.77,52.31,5.0,0.272,7.8,20.0,88.9,52.6,12.46,49.3,60.3,73.6,1383.0,0,2.0,,1.97
EV282114,2022.0,4383.0,14.0,99.8,0.5063,96.05,57.51,1.0,0.461,3.6,8.9,87.5,48.6,6.64,22.5,60.3,59.9,1484.0,0,0.0,,4.15
EV188391,2015.0,78549.0,1125.0,49.4,0.7932,89.35,33.39,10.0,0.691,65.6,47.1,48.5,77.9,43.21,53.8,41.6,0.0,238.0,1,2.0,50.6,11.19
EV164379,2021.0,48846.0,124.0,97.74,0.413,95.61,82.83,2.0,0.261,14.8,31.2,83.4,46.0,2.78,9.5,64.6,55.3,1341.0,0,1.0,2.26,4.89
EV266484,2016.0,185645.0,553.0,75.39,0.5804,94.23,48.6,8.0,0.081,31.1,61.0,47.0,62.7,25.82,0.0,50.5,85.2,775.0,0,9.0,24.61,9.94
EV195150,2020.0,63743.0,96.0,93.79,0.4116,96.32,88.15,1.0,0.151,15.0,32.8,60.8,58.7,23.99,38.3,59.6,57.3,1302.0,0,2.0,6.21,5.88
EV150133,2020.0,13444.0,30.0,99.8,0.4203,97.89,44.57,1.0,0.368,1.4,3.0,87.6,49.0,14.17,30.8,61.1,53.8,1424.0,0,2.0,0.2,
EV171822,2024.0,39141.0,121.0,92.84,0.41,98.45,59.67,7.0,0.401,22.0,74.9,93.2,72.1,11.93,27.4,45.3,69.7,1047.0,0,4.0,7.16,2.23
EV176070,2021.0,121984.0,404.0,80.66,0.5293,93.72,54.76,7.0,0.585,42.9,81.9,83.9,59.5,22.83,25.4,49.5,2.9,885.0,0,,19.34,4.82
EV128836,2019.0,127188.0,236.0,89.14,0.4141,93.67,87.13,6.0,0.262,15.9,54.8,78.1,49.3,16.18,21.3,64.0,57.9,1133.0,0,4.0,10.86,7.09
EV143539,2016.0,38645.0,176.0,89.09,0.5045,94.52,46.68,1.0,0.164,9.7,13.4,72.8,49.4,24.57,52.9,66.4,41.8,1147.0,0,2.0,,9.77
EV153196,2020.0,79634.0,164.0,87.46,0.4556,93.67,71.88,1.0,0.453,15.4,43.0,68.2,54.8,18.2,11.9,55.8,33.8,1171.0,0,3.0,12.54,5.82
EV152014,2022.0,15501.0,47.0,99.8,0.4252,96.56,88.26,4.0,0.022,2.3,4.9,96.3,52.0,14.25,0.0,60.5,97.1,756.0,0,4.0,0.2,3.98
EV157084,2018.0,175427.0,419.0,68.35,0.568,91.97,52.75,7.0,0.493,51.0,67.4,50.2,84.1,29.87,31.7,34.3,23.0,531.0,1,3.0,31.65,8.13
EV111153,2022.0,5274.0,10.0,99.8,0.382,95.32,62.26,2.0,0.072,7.3,10.7,93.1,39.0,12.6,27.2,66.7,74.3,805.0,0,3.0,0.2,4.09
EV252891,2015.0,106212.0,301.0,68.47,0.653,85.39,47.04,5.0,0.572,12.7,35.9,34.8,91.8,35.45,100.0,28.6,0.0,560.0,1,4.0,31.53,10.93
EV293829,2019.0,95134.0,414.0,71.87,0.6481,92.98,39.88,1.0,0.466,20.5,48.9,90.5,65.0,16.0,53.3,51.2,5.2,760.0,1,3.0,28.13,7.15
EV278864,2020.0,134616.0,427.0,64.25,0.7182,90.57,43.96,6.0,0.464,24.6,56.2,66.4,88.4,29.92,84.7,28.9,9.8,533.0,1,3.0,35.75,7.97
EV184774,2019.0,74293.0,148.0,89.54,0.5704,94.82,94.3,1.0,0.319,14.9,28.9,64.8,54.2,10.77,57.7,64.5,69.4,1235.0,0,1.0,10.46,6.83
EV217405,2020.0,82207.0,198.0,73.52,0.5988,93.18,54.77,2.0,0.655,20.4,41.0,77.8,57.1,25.19,39.6,59.8,12.6,457.0,0,1.0,26.48,6.03
EV232579,2017.0,153750.0,410.0,81.23,0.5379,96.64,55.2,5.0,0.407,19.1,56.2,71.4,53.0,13.24,9.4,62.6,81.8,855.0,0,2.0,18.77,8.96
EV192218,2015.0,265784.0,756.0,87.98,0.6802,94.82,58.64,5.0,0.764,31.7,75.0,47.4,24.6,23.98,70.1,77.4,0.0,2924.0,1,4.0,12.02,11.13
EV149786,2020.0,37325.0,23.0,98.63,0.3392,98.07,122.55,1.0,0.148,6.7,17.3,70.6,48.5,13.55,32.6,65.8,75.3,1476.0,0,4.0,1.37,7.03
EV186826,2019.0,15060.0,43.0,94.83,0.5063,97.21,78.6,3.0,0.14,3.0,9.3,72.6,68.2,11.97,15.9,45.1,81.4,1125.0,0,0.0,5.17,7.27
EV151184,2017.0,271012.0,1005.0,57.04,0.8132,89.62,30.19,17.0,0.396,59.4,102.8,61.5,67.0,43.25,55.2,42.3,0.0,347.0,1,1.0,42.96,8.9
EV147783,2015.0,44449.0,13.0,99.8,0.3634,98.94,120.31,3.0,0.352,6.0,14.6,60.8,63.0,18.33,34.6,56.9,67.5,1213.0,0,2.0,,11.21
EV152320,2019.0,112905.0,319.0,74.87,0.51,92.02,49.35,8.0,0.372,27.7,52.2,74.2,69.9,15.67,69.8,52.8,58.6,681.0,0,1.0,25.13,7.04
EV298954,2022.0,4312.0,31.0,96.98,0.3921,97.69,86.06,1.0,0.383,1.4,3.0,73.4,58.7,12.96,17.4,51.9,35.5,1120.0,0,1.0,3.02,3.99
EV102685,2017.0,247482.0,729.0,60.81,0.7498,92.64,42.24,8.0,0.859,46.7,90.0,51.8,63.5,36.8,86.6,51.2,0.0,467.0,1,5.0,39.19,8.99
EV295827,2022.0,107978.0,140.0,91.62,0.4059,94.92,118.94,2.0,0.415,25.9,81.1,82.8,50.9,7.41,42.7,62.8,74.6,1279.0,0,4.0,8.38,3.96
EV140321,2019.0,22611.0,12.0,99.8,0.3336,98.32,83.01,2.0,0.189,5.4,16.7,80.4,47.2,11.98,0.0,68.2,100.0,1450.0,0,0.0,0.2,6.9
EV231071,2018.0,205806.0,474.0,76.24,0.5788,94.65,65.79,10.0,0.475,42.9,88.0,63.6,60.5,17.43,39.8,57.5,13.7,816.0,1,6.0,23.76,7.97
EV200581,2022.0,63129.0,178.0,87.69,0.4795,95.44,79.18,2.0,0.616,15.0,46.6,80.8,54.4,17.09,40.9,60.4,33.5,1159.0,0,3.0,12.31,4.19
EV270316,2017.0,109047.0,421.0,73.14,0.5378,94.59,37.09,4.0,0.238,22.9,38.5,59.0,71.5,26.36,0.0,45.9,38.9,600.0,0,2.0,,9.17
EV115227,2021.0,46940.0,129.0,92.59,0.4967,97.16,82.98,1.0,0.115,11.5,21.5,73.9,50.3,10.99,18.3,53.1,80.5,1277.0,0,,7.41,5.09
EV257433,2021.0,2022.0,6.0,99.8,0.3578,94.98,74.56,1.0,0.207,1.8,3.0,77.5,40.9,14.16,59.2,57.1,73.6,1525.0,0,1.0,0.2,5.14
EV132765,2018.0,230302.0,605.0,53.05,0.9228,88.78,41.18,8.0,0.295,32.2,93.7,64.1,61.4,43.01,48.5,59.2,20.9,1030.0,1,0.0,46.95,7.97
EV112802,2017.0,102415.0,406.0,74.68,0.5817,94.38,46.31,6.0,0.26,12.4,47.1,54.6,59.7,33.33,34.2,54.5,88.4,860.0,0,3.0,25.32,9.01
EV271779,2015.0,95405.0,157.0,91.2,0.4601,96.92,85.57,2.0,0.157,16.8,31.0,51.8,52.0,24.75,34.3,57.2,52.5,1219.0,0,2.0,8.8,11.08
EV294067,2019.0,116118.0,601.0,78.58,0.5034,92.81,32.88,8.0,0.083,31.7,54.6,84.9,60.9,26.68,1.2,52.7,95.4,686.0,0,6.0,,7.15
EV284285,2019.0,111437.0,411.0,74.51,0.4765,93.59,41.27,7.0,0.252,14.6,50.1,66.8,73.0,19.49,22.1,42.9,65.7,607.0,0,1.0,25.49,6.86
EV143765,2023.0,40731.0,125.0,91.12,0.4731,95.42,77.54,2.0,0.291,22.1,61.0,85.8,60.8,15.56,24.0,55.5,61.8,1254.0,0,4.0,8.88,3.11
EV247020,2017.0,84467.0,214.0,84.89,0.5556,95.64,74.05,2.0,0.495,13.7,32.9,66.2,49.3,10.56,44.1,57.2,45.5,1094.0,0,5.0,15.11,8.88
EV259260,2023.0,46461.0,160.0,81.24,0.5849,92.93,75.45,4.0,0.077,18.1,47.5,82.0,49.6,20.2,35.7,62.9,73.7,528.0,0,3.0,18.76,2.88
EV259881,2016.0,54865.0,460.0,74.12,0.6273,94.81,19.99,7.0,0.399,5.5,14.6,59.8,58.4,18.33,50.5,60.8,61.6,782.0,0,1.0,,9.95
EV181783,2015.0,78549.0,39.0,99.8,0.3228,97.67,77.32,4.0,0.191,1.2,3.1,61.3,54.0,19.32,24.7,61.5,93.6,1030.0,0,0.0,0.2,10.98
EV149876,2016.0,78549.0,796.0,52.46,0.9132,86.78,50.81,7.0,0.78,97.3,133.3,43.8,78.9,38.72,85.7,33.1,0.0,423.0,1,8.0,47.54,10.06
EV102410,2018.0,291872.0,622.0,66.18,0.6971,94.22,63.74,8.0,0.579,39.8,118.3,67.3,60.1,19.46,65.5,50.5,3.5,559.0,1,2.0,33.82,8.18
EV227124,2020.0,43511.0,98.0,96.32,0.4173,96.32,76.94,3.0,0.519,8.2,47.1,61.8,58.4,24.08,23.9,62.0,52.5,1381.0,0,3.0,3.68,5.89
EV125383,2020.0,152238.0,511.0,72.52,0.6507,94.49,51.4,10.0,0.404,28.2,87.2,74.4,62.3,33.69,48.4,55.2,32.2,687.0,0,0.0,27.48,6.07
EV285143,2016.0,52138.0,171.0,91.53,0.4288,95.58,87.14,1.0,0.259,4.8,15.4,69.9,47.5,17.86,17.1,70.6,44.0,1218.0,0,5.0,8.47,9.71
EV166106,2022.0,112290.0,309.0,84.55,0.4878,92.21,67.33,6.0,0.251,24.5,84.9,86.3,55.1,26.35,32.5,55.1,36.0,1078.0,0,0.0,15.45,3.88
EV196079,2022.0,30996.0,86.0,97.44,0.4043,96.2,63.35,5.0,0.206,7.9,26.2,84.4,46.5,9.31,13.8,63.7,93.6,1378.0,0,0.0,2.56,3.94
EV243879,2024.0,23619.0,106.0,94.84,0.4159,97.29,41.29,3.0,0.354,15.3,40.1,84.4,45.2,13.22,31.6,68.2,50.6,1336.0,0,0.0,5.16,2.16
EV164187,2021.0,144607.0,480.0,55.94,0.8759,89.34,32.84,9.0,0.449,32.1,105.3,72.8,59.5,28.17,54.4,60.8,22.4,181.0,1,3.0,44.06,4.97
EV162759,2021.0,130235.0,424.0,81.8,0.5322,93.86,43.88,10.0,0.292,31.7,97.2,77.1,53.8,16.62,23.0,66.6,32.0,840.0,0,,18.2,4.75
EV224486,2020.0,77938.0,236.0,85.18,0.4498,96.46,64.23,6.0,0.221,15.6,37.8,73.1,57.2,12.12,39.0,51.8,89.6,798.0,0,4.0,14.82,6.1
EV121592,2020.0,103840.0,197.0,87.41,0.4105,94.07,64.02,1.0,0.465,22.3,58.2,82.2,57.1,17.56,23.2,58.4,22.7,875.0,0,5.0,12.59,6.03
EV206722,2021.0,54115.0,76.0,95.19,0.4396,95.39,65.97,5.0,0.437,18.1,46.4,76.4,54.6,16.37,19.4,56.9,55.3,1319.0,0,2.0,4.81,4.84
EV251547,2015.0,38560.0,132.0,95.25,0.3726,95.78,52.24,2.0,0.118,6.1,14.2,62.0,40.5,20.92,13.9,56.9,74.8,1330.0,0,0.0,,10.92
EV207512,2017.0,269226.0,1244.0,52.02,0.8165,94.98,22.23,18.0,0.641,33.6,95.6,69.7,85.8,32.45,68.0,34.5,0.0,1030.0,1,4.0,47.98,9.17
EV118355,2021.0,15151.0,69.0,97.08,0.3653,95.93,60.61,2.0,0.134,2.3,6.5,75.3,66.4,18.59,17.1,54.6,64.0,1141.0,0,2.0,2.92,4.99
EV139620,2019.0,98943.0,265.0,89.58,0.4538,95.68,68.87,3.0,0.193,20.4,50.4,84.2,53.9,18.99,13.8,54.5,65.9,1144.0,0,2.0,10.42,
EV231437,2024.0,17855.0,38.0,93.36,0.5026,91.58,80.66,2.0,0.122,11.6,20.9,91.0,63.0,1.4505,30.1,56.9,47.9,1341.0,0,0.0,6.64,1.86
EV178734,2024.0,37833.0,105.0,86.52,0.4739,94.52,77.48,3.0,0.396,11.6,33.7,76.8,56.8,19.47,49.6,40.2,57.3,944.0,0,2.0,13.48,2.02
EV126700,2015.0,78549.0,613.0,73.55,0.6144,90.79,70.25,5.0,0.319,33.6,88.0,67.0,60.2,19.29,1.5,52.0,51.0,633.0,0,4.0,26.45,10.99
EV151617,2024.0,36016.0,1.0,99.8,0.3744,95.88,76.1,3.0,0.243,20.1,47.1,86.5,47.2,8.9,47.5,59.5,72.5,1545.0,0,2.0,0.2,2.13
EV214103,2024.0,31567.0,1.0,98.61,0.3368,98.86,70.47,5.0,0.505,14.4,47.3,96.6,40.6,7.53,33.2,64.5,70.8,1388.0,0,0.0,1.39,1.96
EV142829,2015.0,337431.0,764.0,58.06,0.7842,90.35,51.53,9.0,0.6,73.5,103.7,47.2,76.1,40.23,83.0,42.3,1.6,402.0,1,3.0,41.94,10.99
EV149228,2016.0,83653.0,183.0,86.19,0.5444,92.87,79.03,2.0,0.283,10.1,30.5,59.8,75.1,20.89,60.4,43.4,44.3,1100.0,0,0.0,13.81,9.94
EV163173,2016.0,55711.0,162.0,94.21,0.3789,96.55,87.24,1.0,0.234,13.5,23.1,72.8,55.8,17.86,30.8,58.6,78.3,997.0,0,5.0,5.79,10.13
EV115998,2023.0,78549.0,1.0,99.8,0.3926,96.54,92.29,2.0,0.309,7.2,25.1,72.8,59.8,10.03,8.7,49.2,52.9,1464.0,0,3.0,0.2,2.9
EV228334,2015.0,147938.0,338.0,80.02,0.4661,93.38,70.36,4.0,0.51,28.1,46.9,53.2,67.9,20.33,36.0,49.8,52.1,638.0,0,3.0,19.98,10.84
EV154737,2021.0,50561.0,160.0,87.93,0.4897,95.98,78.1,6.0,0.443,11.8,26.6,92.8,58.3,18.38,37.9,50.0,41.0,1156.0,0,4.0,12.07,4.93
EV239692,2023.0,26164.0,19.0,99.8,0.3627,95.99,119.73,1.0,0.538,10.1,28.3,91.6,44.4,17.72,43.0,61.4,39.1,1464.0,0,1.0,0.2,3.13
EV257592,2023.0,13433.0,1.0,99.8,0.3842,95.27,69.08,1.0,0.607,17.4,33.0,85.2,40.2,10.86,64.1,68.0,29.9,1514.0,0,0.0,0.2,2.82
EV157982,2019.0,142367.0,231.0,86.38,0.5374,94.88,81.47,2.0,0.245,20.9,70.6,82.9,56.5,12.1,3.2,58.4,19.0,1071.0,0,4.0,13.62,6.88
EV219047,2019.0,183676.0,423.0,72.83,0.5706,91.51,66.72,10.0,0.652,66.6,94.8,65.8,61.6,30.65,32.7,57.4,0.0,799.0,1,2.0,27.17,6.96
EV156887,2016.0,78549.0,857.0,59.4,0.6998,93.01,47.18,10.0,0.628,39.3,110.2,62.6,84.2,30.29,47.8,56.9,0.0,403.0,1,1.0,40.6,10.0
EV277059,2023.0,84139.0,263.0,82.21,0.4815,95.19,45.75,10.0,0.678,32.8,94.6,96.7,50.9,18.33,40.0,66.4,10.1,1028.0,0,2.0,17.79,3.04
EV132840,2020.0,124542.0,349.0,87.61,0.5486,93.81,54.01,6.0,0.227,20.5,69.7,73.1,56.6,24.25,42.8,61.7,61.7,963.0,0,5.0,17.45,5.86
EV274910,2022.0,20556.0,52.0,97.65,0.3413,97.73,64.02,1.0,0.117,3.9,12.7,83.7,63.0,13.1,6.1,53.3,91.8,1097.0,0,2.0,2.35,3.9
EV216220,2021.0,500.0,18.0,99.8,0.3617,97.46,72.69,1.0,0.12,1.9,5.7,91.1,37.9,5.8,8.6,76.4,81.1,1560.0,0,4.0,0.2,5.05
EV290644,2024.0,13715.0,83.0,95.91,0.4378,97.39,44.51,4.0,0.407,15.1,27.6,94.8,48.5,11.41,65.8,53.5,66.9,1391.0,0,2.0,4.09,1.81
EV176652,2023.0,60789.0,59.0,95.62,0.4629,98.69,102.48,3.0,0.392,20.3,59.9,80.6,52.1,11.18,37.4,54.0,68.2,1404.0,0,0.0,4.38,2.98
EV149816,2017.0,136755.0,392.0,75.65,0.4808,91.39,62.21,1.0,0.085,23.3,48.7,69.6,56.8,17.5,39.8,45.6,69.2,631.0,0,4.0,24.35,9.07
EV116654,2020.0,35993.0,65.0,87.61,0.3454,98.19,64.02,1.0,0.566,13.7,19.6,79.0,62.2,8.08,47.9,52.2,60.4,1087.0,0,1.0,1.47,5.86
EV218336,2019.0,32514.0,60.0,95.67,0.4211,94.98,113.27,1.0,0.239,5.6,16.8,69.8,42.4,19.71,9.2,64.7,65.5,1327.0,0,1.0,4.33,7.07
EV134682,2024.0,43711.0,203.0,84.87,0.5003,94.09,43.77,7.0,0.319,28.5,67.4,84.0,74.6,11.44,35.9,47.2,82.3,901.0,0,5.0,15.13,1.95
EV148862,2023.0,53993.0,122.0,87.61,0.5641,95.4,57.03,9.0,0.304,42.9,60.5,73.1,50.2,23.19,26.5,66.9,34.3,603.0,0,5.0,15.06,3.14
EV102879,2018.0,45935.0,112.0,93.08,0.4728,95.84,64.02,6.0,0.053,7.9,22.0,66.5,49.7,11.87,31.6,63.5,45.6,1213.0,0,6.0,6.92,8.14
EV262591,2017.0,61061.0,191.0,90.62,0.4525,95.14,62.63,5.0,0.173,6.6,22.5,63.5,49.4,17.01,43.5,63.8,81.6,1192.0,0,0.0,9.38,8.96
EV209961,2015.0,222174.0,809.0,60.46,0.6345,89.97,35.1,6.0,0.467,39.4,63.4,49.0,70.7,39.86,61.7,48.5,30.1,368.0,1,4.0,39.54,11.14
EV164997,2019.0,108287.0,177.0,90.22,0.5191,94.59,109.6,3.0,0.232,28.7,48.9,64.8,66.2,14.73,30.1,54.2,49.2,1225.0,0,2.0,9.78,7.17
EV181800,2022.0,53574.0,2.0,97.75,0.5063,97.67,94.44,5.0,0.282,24.4,45.6,85.7,43.9,11.43,64.6,62.4,90.9,1471.0,0,1.0,2.25,3.91
EV185447,2023.0,50170.0,144.0,89.61,0.3889,96.02,57.74,2.0,0.539,14.4,37.0,81.2,64.4,13.56,20.5,49.7,35.4,960.0,0,2.0,10.39,3.27
EV202587,2024.0,54354.0,330.0,83.88,0.4966,94.56,37.75,12.0,0.286,37.7,94.8,96.7,59.1,14.37,20.1,59.3,48.6,995.0,0,2.0,16.12,1.77
EV100870,2015.0,194676.0,775.0,79.21,0.8937,95.21,37.58,11.0,0.564,36.7,63.5,38.9,42.9,35.73,79.9,64.4,22.1,2498.0,1,2.0,20.79,11.11
EV177382,2020.0,78549.0,170.0,90.58,0.3657,95.11,56.53,1.0,0.05,24.8,37.0,76.0,61.2,16.43,12.5,56.9,80.5,987.0,0,5.0,9.42,6.12
EV286716,2019.0,74936.0,54.0,98.1,0.3765,97.76,80.53,4.0,0.183,13.0,38.6,72.7,51.3,27.46,3.1,59.1,81.6,1444.0,0,2.0,1.9,6.78
EV147895,2022.0,7348.0,94.0,94.23,0.4375,98.39,55.59,3.0,0.14,1.0,3.0,88.3,46.0,4.94,62.2,58.8,85.6,1337.0,0,2.0,5.77,3.87
EV242932,2019.0,87939.0,235.0,79.95,0.5182,94.3,53.89,5.0,0.442,23.5,40.6,72.8,61.2,19.87,60.1,54.7,21.4,723.0,1,3.0,20.05,7.15
EV130013,2016.0,202957.0,490.0,76.3,0.5817,94.65,54.96,3.0,0.421,27.3,63.1,65.7,55.2,25.05,48.0,51.4,30.1,775.0,0,0.0,23.7,9.91
EV207280,2016.0,352638.0,678.0,66.71,0.63,94.98,62.94,11.0,0.889,33.4,114.4,52.9,71.7,31.57,66.0,49.7,0.0,502.0,1,2.0,,10.22
EV177178,2024.0,22183.0,123.0,95.94,0.3846,95.59,56.73,1.0,0.158,25.5,34.4,90.2,49.8,13.08,34.7,61.4,64.8,1387.0,0,6.0,4.06,2.15
EV182406,2020.0,52051.0,166.0,89.97,0.4211,94.44,82.25,7.0,0.573,27.6,62.4,85.3,57.7,16.15,38.2,54.4,25.7,1183.0,0,6.0,10.03,3.2
EV154014,2016.0,119103.0,302.0,80.87,0.5801,95.33,76.95,1.0,0.344,13.9,46.7,54.1,56.2,16.98,9.9,57.5,66.8,1006.0,0,3.0,19.13,9.85
EV162879,2022.0,45717.0,118.0,81.72,0.5995,93.34,52.24,4.0,0.193,12.4,39.3,89.9,63.5,18.05,56.0,53.7,73.1,578.0,0,2.0,18.28,3.92
EV266112,2020.0,29218.0,107.0,88.98,0.4289,92.67,80.14,1.0,0.503,3.7,10.0,79.6,54.5,23.57,60.7,57.2,33.9,1258.0,0,6.0,,
EV265014,2019.0,249696.0,668.0,63.53,0.5821,90.67,52.5,8.0,0.559,48.0,121.2,73.8,71.5,28.0,49.2,46.9,32.0,393.0,1,1.0,36.47,6.89
EV199576,2022.0,78549.0,1.0,99.8,0.2973,97.2,59.76,1.0,0.271,3.1,6.3,87.6,63.5,5.94,21.3,46.3,71.5,1176.0,0,0.0,0.2,3.69
EV277646,2024.0,8639.0,214.0,99.8,0.383,97.59,83.03,1.0,0.119,4.4,12.5,75.2,47.5,18.27,27.9,65.7,83.9,1486.0,0,1.0,0.2,1.91
EV234411,2018.0,134348.0,265.0,88.26,0.4958,95.81,108.65,5.0,0.256,30.9,58.2,64.8,53.6,17.98,34.8,61.7,55.9,1126.0,0,2.0,11.74,8.17
EV200491,2017.0,85897.0,417.0,62.79,0.7712,92.6,27.58,2.0,0.398,9.5,32.4,66.0,63.2,29.1,27.3,49.4,33.7,259.0,1,2.0,37.21,9.1
EV137841,2019.0,110899.0,151.0,91.08,0.4542,95.99,84.74,2.0,0.557,20.4,50.7,58.2,56.1,28.88,22.4,55.7,56.3,1217.0,0,3.0,8.92,7.17
EV275765,2016.0,151007.0,363.0,82.14,0.4914,94.07,77.06,5.0,0.319,28.6,43.8,73.0,59.9,23.66,1.0,46.8,67.5,938.0,0,3.0,17.86,10.07
EV167710,2019.0,107440.0,417.0,81.85,0.4966,95.19,45.16,7.0,0.356,30.0,55.1,78.5,49.8,13.45,33.2,66.1,58.6,918.0,0,2.0,18.15,7.05
EV220253,2022.0,38768.0,61.0,99.8,0.2681,94.72,105.23,3.0,0.211,22.8,37.9,80.7,63.4,15.11,3.8,54.9,52.1,1153.0,0,0.0,0.2,4.02
EV297690,2018.0,99523.0,504.0,73.95,0.6117,91.15,32.76,7.0,0.13,23.3,37.5,61.7,57.5,14.84,3.4,56.9,77.4,832.0,0,4.0,26.05,7.92
EV261702,2016.0,248372.0,819.0,64.12,0.7276,91.69,36.86,9.0,0.319,20.4,80.6,53.8,71.9,46.95,13.9,45.8,67.6,450.0,1,5.0,35.88,10.03
EV218628,2022.0,20630.0,79.0,98.07,0.3495,95.34,72.29,1.0,0.229,6.3,17.7,93.1,54.2,28.392,24.6,62.6,68.7,1030.0,0,3.0,1.93,4.05
EV101595,2020.0,47416.0,113.0,98.35,0.3962,98.25,84.17,6.0,0.148,12.5,40.0,71.9,46.5,10.31,22.3,57.7,82.9,1347.0,0,3.0,,5.11
EV123847,2022.0,5963.0,59.0,94.4,0.3969,95.05,89.32,1.0,0.348,6.0,12.9,92.3,56.5,12.43,16.8,51.3,47.8,1093.0,0,4.0,5.6,3.84
EV119031,2017.0,366148.0,667.0,60.27,0.6954,90.92,72.57,2.0,0.747,40.7,133.8,72.8,61.1,36.96,44.0,52.8,0.0,512.0,1,5.0,39.73,9.01
EV241590,2020.0,5370.0,80.0,96.96,0.4269,96.96,54.87,2.0,0.156,1.0,3.0,43.1,52.4,23.92,3.3,62.2,72.4,1310.0,0,2.0,3.04,8.81
EV134865,2017.0,319208.0,651.0,87.61,0.5715,93.15,65.18,6.0,0.649,59.4,113.7,73.2,70.1,26.91,65.3,48.9,26.1,331.0,1,2.0,34.78,9.16
EV261957,2015.0,181777.0,335.0,81.35,0.5063,96.78,81.39,7.0,0.258,15.3,51.5,38.4,55.2,37.01,65.5,65.3,53.0,936.0,1,5.0,18.65,11.32
EV253453,2018.0,136234.0,527.0,77.31,0.5653,94.02,44.62,8.0,0.115,31.5,60.1,66.1,56.4,28.55,14.0,56.9,88.7,710.0,0,2.0,22.69,7.93
EV286571,2022.0,80486.0,175.0,82.74,0.4651,94.89,59.34,4.0,0.403,19.9,61.5,90.4,50.4,14.34,33.2,58.6,45.5,1108.0,0,3.0,17.26,3.89
EV290434,2016.0,353039.0,883.0,57.81,0.7493,89.34,44.46,11.0,0.825,48.8,118.4,72.8,61.3,34.11,62.4,52.9,0.0,328.0,1,4.0,42.19,10.04
EV272812,2017.0,81811.0,216.0,74.55,0.744,92.65,55.97,6.0,0.185,10.5,32.6,57.7,67.6,29.57,39.4,46.0,57.7,445.0,0,1.0,25.45,9.11
EV215282,2016.0,48301.0,123.0,88.42,0.4188,93.83,58.95,2.0,0.351,5.9,14.1,52.6,69.6,34.99,35.0,45.3,23.7,914.0,0,1.0,,10.11
EV265835,2024.0,8801.0,214.0,99.8,0.5161,94.4,70.94,1.0,0.026,5.1,10.3,91.6,56.8,6.0,22.9,68.7,83.0,786.0,0,2.0,0.2,1.93
EV158882,2022.0,133389.0,214.0,69.85,0.6618,92.24,44.29,11.0,0.751,71.2,116.5,81.0,56.8,20.24,84.8,43.9,52.1,755.0,1,2.0,,4.07
EV274048,2020.0,21101.0,64.0,92.74,0.3884,94.04,64.02,2.0,0.27,3.8,47.1,81.4,66.2,7.91,30.9,47.0,59.1,1024.0,0,1.0,,6.23
EV171662,2015.0,42021.0,99.0,96.67,0.4254,95.49,64.02,1.0,0.152,7.4,17.9,62.5,52.5,19.21,36.3,65.7,94.0,1358.0,0,1.0,3.33,11.25
EV128762,2020.0,92483.0,287.0,83.85,0.4941,95.04,74.07,4.0,0.304,15.8,46.4,70.7,53.8,22.15,25.6,63.3,66.3,1040.0,0,1.0,16.15,5.99
EV265068,2022.0,138457.0,340.0,75.64,0.5083,92.49,53.78,8.0,0.449,28.1,93.6,72.3,73.2,31.1,33.2,44.6,32.2,683.0,0,1.0,24.36,4.21
EV267771,2023.0,31412.0,51.0,99.45,0.4239,98.2,64.02,4.0,0.19,24.1,39.2,98.1,37.5,0.0,21.1,73.8,76.1,1445.0,0,1.0,0.55,2.77
EV265570,2016.0,6595.0,98.0,96.66,0.3372,95.84,104.08,1.0,0.319,1.5,3.0,47.3,51.5,17.24,26.2,55.8,77.7,1013.0,0,5.0,3.34,10.03
EV114350,2015.0,34639.0,99.0,96.65,0.3407,96.45,103.4,1.0,0.319,5.3,13.7,53.9,56.8,9.73,0.0,59.9,100.0,1082.0,0,2.0,3.35,11.12
EV144714,2023.0,60179.0,164.0,90.3,0.4293,96.42,114.42,2.0,0.655,20.4,77.7,89.3,48.4,18.33,43.3,60.3,42.0,1239.0,0,7.0,9.7,2.84
EV292589,2023.0,85727.0,249.0,81.69,0.5741,95.19,64.92,4.0,0.553,30.8,96.4,84.5,54.4,22.43,57.5,61.8,47.9,1048.0,0,3.0,18.31,2.93
EV108634,2023.0,59192.0,156.0,87.61,0.4871,93.09,101.77,3.0,0.695,40.3,70.2,78.0,85.0,19.19,63.9,39.9,0.0,827.0,1,4.0,19.42,3.08
EV296318,2020.0,60656.0,237.0,79.62,0.493,94.17,49.67,6.0,0.314,28.7,42.8,86.6,79.9,16.97,46.0,56.9,59.0,724.0,0,3.0,20.38,5.03
EV193168,2018.0,141756.0,288.0,82.14,0.5268,93.96,81.82,3.0,0.127,26.2,58.7,60.3,54.4,18.29,8.9,62.6,93.3,989.0,0,1.0,17.86,8.08
EV235000,2024.0,46015.0,214.0,93.47,0.4404,96.73,84.35,8.0,0.319,21.1,66.1,90.2,59.6,6.06,31.2,51.2,56.0,1294.0,0,2.0,6.53,2.22
EV115709,2016.0,36306.0,101.0,93.36,0.4104,95.84,76.18,1.0,0.305,4.3,10.5,67.7,56.8,8.79,25.8,45.2,80.4,1007.0,0,,6.64,9.79
EV260855,2023.0,500.0,46.0,87.61,0.5063,98.33,88.04,1.0,0.126,1.1,3.0,92.7,64.3,5.92,23.1,53.7,68.2,1139.0,0,2.0,0.49,3.16
EV230273,2021.0,19774.0,17.0,98.72,0.4245,94.84,119.47,1.0,0.251,9.3,19.9,71.6,44.6,18.66,35.8,64.2,57.9,1426.0,0,0.0,1.28,4.68
EV244887,2018.0,181321.0,407.0,87.61,0.5013,90.97,72.8,6.0,0.108,23.4,74.8,58.4,61.0,33.74,0.0,56.0,77.7,934.0,0,5.0,19.67,8.03
EV179518,2015.0,381979.0,1405.0,47.04,0.8352,92.74,26.9,16.0,0.363,71.2,114.3,51.8,56.8,35.02,51.0,42.9,32.4,71.0,1,4.0,52.96,11.07
EV179240,2023.0,26605.0,111.0,89.51,0.5239,96.42,48.62,5.0,0.021,7.2,25.1,100.0,44.8,16.62,30.7,66.1,52.1,612.0,0,1.0,10.49,3.03
EV201650,2022.0,13345.0,1.0,99.72,0.3307,96.71,87.97,1.0,0.303,2.0,3.0,83.1,64.6,9.85,26.3,46.9,72.9,1154.0,0,3.0,0.28,3.92
EV219161,2020.0,71967.0,167.0,86.28,0.3911,94.07,64.02,4.0,0.354,15.8,36.0,68.6,66.9,21.16,43.7,50.8,75.1,889.0,0,5.0,13.72,6.0
EV230291,2020.0,158257.0,359.0,82.59,0.412,97.35,76.47,7.0,0.237,26.2,68.8,82.7,59.7,16.67,45.3,58.3,42.5,705.0,0,5.0,17.41,6.77
EV243863,2020.0,313614.0,1019.0,87.61,0.8364,88.07,25.62,18.0,0.841,90.5,139.9,61.5,93.8,37.21,75.6,56.9,0.0,26.0,1,4.0,57.29,7.23
EV233237,2018.0,120540.0,303.0,82.64,0.4364,95.27,65.48,11.0,0.203,14.4,50.4,81.4,67.5,11.65,12.5,49.2,52.1,714.0,0,1.0,17.36,7.99
EV298993,2015.0,9863.0,47.0,86.02,0.5712,91.37,56.63,1.0,0.086,1.0,3.0,39.0,67.1,28.23,55.7,55.2,56.4,642.0,1,4.0,13.98,11.06
EV269649,2022.0,500.0,43.0,93.77,0.4396,96.33,40.47,3.0,0.64,5.6,13.8,78.8,73.8,19.02,38.8,45.3,14.9,1084.0,0,2.0,6.23,4.07
EV118616,2015.0,342023.0,214.0,56.56,0.5915,94.98,52.73,7.0,0.341,39.8,103.0,46.2,74.5,39.13,38.3,37.7,28.6,1030.0,1,1.0,43.44,11.04
EV243962,2021.0,203709.0,1083.0,42.71,0.9397,88.47,15.64,21.0,0.331,36.5,121.3,75.3,62.9,34.73,44.1,50.2,2.9,0.0,1,,57.29,5.04
EV131277,2016.0,268279.0,1334.0,37.88,1.0185,88.02,14.92,18.0,0.573,51.4,89.9,72.8,65.7,39.69,41.8,51.9,6.9,0.0,1,3.0,62.12,10.08
EV100946,2015.0,270356.0,214.0,63.41,0.6425,91.26,35.99,11.0,0.462,58.6,82.5,51.7,53.9,33.74,65.5,60.0,52.1,345.0,1,0.0,36.59,10.95
EV252098,2017.0,171022.0,453.0,80.71,0.6074,95.89,56.98,9.0,0.237,20.1,60.4,68.4,58.0,21.8,22.6,55.9,60.6,826.0,0,1.0,19.29,8.92
EV294014,2022.0,21336.0,41.0,95.15,0.4676,97.23,87.63,5.0,0.23,10.7,23.2,92.6,43.1,15.94,12.3,66.0,89.3,1030.0,0,1.0,,3.99
EV107462,2021.0,106446.0,369.0,75.98,0.5344,93.93,49.84,4.0,0.45,48.9,71.3,86.5,74.3,13.63,48.1,42.5,14.2,599.0,0,2.0,24.02,5.04
EV289239,2019.0,13826.0,1.0,99.8,0.3453,94.98,88.07,1.0,0.142,2.5,6.9,76.5,65.9,17.51,0.0,50.0,90.1,1174.0,0,2.0,0.2,6.95
EV255906,2015.0,314086.0,847.0,62.2,0.7298,88.83,43.3,10.0,0.414,55.2,90.6,60.7,64.6,28.13,5.2,56.9,2.8,420.0,1,1.0,37.8,11.21
EV128356,2023.0,75916.0,171.0,87.35,0.3708,94.29,82.04,7.0,0.331,19.9,67.7,74.9,69.6,17.48,51.5,41.4,27.6,870.0,0,4.0,12.65,3.23
EV134226,2019.0,78549.0,892.0,59.21,0.6964,92.35,42.53,11.0,0.629,45.8,133.3,57.9,56.8,34.12,24.8,49.9,2.1,351.0,1,4.0,40.79,6.93
EV282876,2016.0,128012.0,355.0,78.48,0.5063,96.19,50.7,5.0,0.179,12.8,44.0,72.0,67.1,21.68,25.0,53.7,65.7,625.0,0,0.0,21.52,
EV205640,2022.0,15057.0,66.0,95.67,0.4558,96.5,83.22,1.0,0.438,8.3,20.0,92.2,57.1,11.98,0.0,59.7,62.5,1068.0,0,2.0,4.33,4.05
EV274013,2022.0,500.0,1.0,99.8,0.3206,96.88,57.43,1.0,0.319,1.1,3.0,78.3,50.2,9.79,0.0,65.1,66.5,1198.0,0,1.0,0.2,4.11
EV191362,2016.0,193556.0,367.0,80.77,0.5255,97.28,73.21,5.0,0.062,20.0,61.7,62.4,46.4,19.21,21.7,62.2,100.0,1030.0,0,2.0,19.23,9.71
EV142079,2017.0,62150.0,164.0,81.93,0.611,94.74,72.33,1.0,0.282,9.3,23.6,73.3,56.8,19.25,15.1,56.8,60.5,506.0,0,4.0,18.07,9.01
EV283679,2019.0,170715.0,876.0,63.83,0.5063,92.53,25.51,19.0,0.418,63.8,80.2,62.3,72.4,31.22,33.2,48.3,30.3,413.0,1,2.0,36.17,
EV296689,2016.0,3018.0,2.0,99.8,0.3802,98.29,44.89,3.0,0.178,1.9,3.0,44.6,59.8,18.84,13.4,55.1,85.1,1201.0,0,3.0,0.2,9.85
EV268186,2020.0,75569.0,300.0,81.38,0.5174,94.61,33.78,5.0,0.311,14.1,29.3,59.1,51.8,19.41,42.4,61.8,49.5,1045.0,0,4.0,,9.11
EV259680,2021.0,19204.0,87.0,97.48,0.3878,95.4,34.01,5.0,0.12,7.4,21.1,78.9,43.2,18.33,0.0,63.6,91.7,1386.0,0,1.0,2.52,4.97
EV127905,2021.0,94544.0,345.0,72.37,0.6345,93.02,41.73,10.0,0.467,22.1,63.4,71.8,77.5,28.97,86.5,39.8,52.1,591.0,1,2.0,27.63,5.04
EV248927,2019.0,6451.0,214.0,99.51,0.4016,97.37,40.61,1.0,0.192,2.3,7.4,55.2,52.0,21.62,23.3,64.1,96.6,1482.0,0,1.0,,7.35
EV136553,2018.0,206541.0,623.0,60.11,0.8614,87.43,41.32,6.0,0.508,28.8,92.3,54.8,73.8,34.87,88.6,40.5,0.0,526.0,1,1.0,39.89,8.01
EV230434,2016.0,31509.0,94.0,97.17,0.4243,96.0,115.51,1.0,0.288,3.5,11.8,48.2,52.0,21.71,30.7,67.4,69.0,1407.0,0,1.0,2.83,9.88
EV177611,2020.0,131413.0,272.0,82.93,0.4928,93.32,70.23,4.0,0.226,28.2,76.2,75.0,70.6,20.11,31.4,45.0,54.4,794.0,0,5.0,17.07,5.94
EV253828,2023.0,30467.0,181.0,87.51,0.5045,94.87,66.83,2.0,0.323,17.2,45.2,84.4,53.4,15.18,32.7,49.8,62.6,1169.0,0,0.0,12.49,2.87
EV203492,2022.0,21326.0,29.0,99.1,0.3937,97.57,67.02,1.0,0.531,6.8,14.8,90.7,48.4,12.21,47.3,61.3,52.1,1471.0,0,0.0,0.9,4.19
EV179933,2018.0,110706.0,257.0,91.66,0.4122,94.66,78.49,6.0,0.114,14.7,45.3,57.4,49.7,21.18,8.5,65.5,76.0,1030.0,0,3.0,8.34,7.8
EV101204,2015.0,202606.0,1076.0,55.96,0.7531,94.98,20.53,15.0,0.39,37.1,63.6,64.5,73.5,33.66,58.1,50.0,36.3,240.0,1,4.0,44.04,11.08
EV282572,2024.0,57072.0,315.0,90.43,0.4684,95.63,41.95,10.0,0.102,49.7,86.6,87.4,53.5,18.33,42.3,57.4,88.5,1094.0,0,4.0,9.57,2.15
EV270986,2024.0,45018.0,109.0,90.33,0.4664,95.89,94.18,1.0,0.064,23.4,65.9,99.2,38.8,12.27,6.5,72.1,99.9,607.0,0,2.0,9.67,2.03
EV250744,2022.0,54573.0,37.0,99.7,0.3366,98.65,84.29,2.0,0.319,16.3,48.2,79.8,52.3,17.51,17.5,58.0,92.2,1448.0,0,0.0,0.3,3.89
EV133228,2016.0,162404.0,764.0,46.45,0.8925,91.09,20.32,11.0,0.3,32.3,58.6,64.4,65.2,35.72,36.6,45.2,13.7,0.0,1,2.0,53.55,9.87
EV222511,2017.0,199125.0,418.0,61.08,0.7645,91.88,56.87,7.0,0.176,58.3,47.1,72.8,61.2,38.58,16.7,50.1,65.6,244.0,1,1.0,38.92,9.05
EV270804,2021.0,56212.0,310.0,87.9,0.4537,94.8,39.75,7.0,0.133,12.1,37.9,88.0,56.0,7.38,32.8,62.0,87.0,1078.0,0,3.0,12.1,5.0
EV127558,2020.0,45384.0,114.0,80.47,0.6381,93.0,81.52,1.0,0.487,7.1,21.6,70.4,73.6,29.5,68.2,47.4,52.1,1103.0,0,2.0,19.53,
EV274147,2020.0,137541.0,465.0,74.91,0.5563,94.64,44.12,8.0,0.553,35.8,67.3,68.8,52.9,14.77,33.2,56.7,15.7,765.0,0,2.0,25.09,6.04
EV187841,2022.0,123940.0,291.0,72.37,0.6378,89.34,52.37,11.0,0.541,66.4,111.9,80.0,87.2,23.34,85.3,37.3,0.0,683.0,1,4.0,27.63,4.1
EV222418,2016.0,17905.0,78.0,95.24,0.4647,94.98,73.2,1.0,0.251,2.8,5.1,64.2,55.3,25.29,2.0,56.4,58.2,1346.0,0,0.0,4.76,
EV285023,2018.0,51695.0,178.0,86.67,0.5742,96.37,47.01,4.0,0.104,14.3,20.0,48.1,56.8,31.64,45.7,44.0,99.0,1117.0,0,3.0,13.33,8.18
EV224966,2019.0,88952.0,279.0,79.2,0.5909,91.49,53.62,5.0,0.376,19.4,40.4,68.0,80.3,19.77,60.4,34.9,5.7,713.0,1,5.0,20.8,7.12
EV293854,2019.0,158710.0,412.0,78.11,0.5294,92.17,60.88,7.0,0.247,20.1,47.1,64.8,57.4,21.02,15.7,53.0,52.1,854.0,0,4.0,21.89,7.05
EV224303,2017.0,74231.0,226.0,87.0,0.459,94.07,75.99,1.0,0.23,7.3,25.0,54.5,57.0,21.51,20.0,51.9,51.5,1094.0,0,0.0,13.0,9.08
EV156614,2015.0,145024.0,292.0,86.94,0.5059,96.51,71.86,4.0,0.28,23.0,44.9,58.1,44.4,26.37,24.5,63.8,79.1,1025.0,0,1.0,13.06,10.81
EV290667,2019.0,78549.0,663.0,66.25,0.6842,91.56,52.89,11.0,0.745,33.8,112.3,75.6,58.2,24.13,48.2,52.2,52.1,545.0,1,6.0,33.75,7.15
EV251186,2016.0,37438.0,138.0,92.64,0.4273,95.82,66.73,4.0,0.233,4.8,14.6,67.4,61.5,15.58,21.1,51.1,76.4,968.0,0,3.0,7.36,9.87
EV109756,2017.0,224395.0,379.0,81.05,0.5378,93.39,96.65,2.0,0.286,27.2,79.0,67.8,60.2,27.89,39.4,57.4,22.5,895.0,0,1.0,18.95,9.22
EV161501,2021.0,60358.0,172.0,87.61,0.3347,95.21,54.94,4.0,0.319,22.1,49.8,80.8,64.8,20.22,37.9,50.6,70.0,947.0,0,,10.44,4.66
EV195036,2015.0,197716.0,457.0,70.47,0.6247,90.71,64.16,8.0,0.208,17.6,60.8,34.8,75.2,37.09,8.0,56.9,55.7,523.0,1,5.0,,11.13
EV293239,2022.0,69707.0,115.0,95.27,0.4308,96.75,84.72,4.0,0.212,37.0,47.1,87.3,55.1,12.92,23.5,57.7,66.4,1358.0,0,2.0,4.73,4.37
EV213586,2021.0,155219.0,303.0,81.71,0.5774,93.9,64.49,8.0,0.342,36.3,98.2,79.0,58.1,22.29,17.1,53.3,13.4,957.0,0,1.0,18.29,5.15
EV175367,2019.0,78549.0,243.0,85.51,0.4153,95.18,71.6,4.0,0.109,35.0,50.7,74.7,67.1,30.73,22.5,51.6,52.1,789.0,0,4.0,14.49,7.19
EV131961,2018.0,138127.0,448.0,79.23,0.543,92.37,51.35,9.0,0.387,20.2,58.3,75.6,54.6,7.9,33.2,58.0,7.0,831.0,0,7.0,20.77,8.28
EV178941,2022.0,87642.0,195.0,81.44,0.4468,93.93,62.65,4.0,0.118,28.6,73.6,83.4,74.9,28.03,27.6,45.1,42.6,806.0,0,3.0,18.56,3.99
EV208244,2024.0,500.0,73.0,96.99,0.3882,96.37,67.44,1.0,0.066,1.3,3.0,92.3,48.6,9.07,45.4,62.3,100.0,1327.0,0,3.0,3.01,1.98
EV286285,2016.0,9173.0,28.0,99.8,0.3313,97.19,59.47,1.0,0.274,2.4,3.0,50.6,42.8,14.35,34.1,65.3,52.1,1503.0,0,3.0,0.2,
EV223848,2019.0,78549.0,60.0,92.87,0.4581,96.34,51.5,1.0,0.346,3.0,8.9,69.9,41.1,7.34,19.7,70.8,82.5,696.0,0,2.0,7.13,
EV150578,2016.0,171652.0,514.0,87.61,1.0593,87.17,26.99,3.0,0.53,24.0,51.6,43.0,71.6,48.98,100.0,42.1,0.0,136.0,1,2.0,56.06,10.03
EV122440,2021.0,133099.0,298.0,80.57,0.4892,94.06,71.97,4.0,0.208,44.0,97.5,92.4,60.6,16.73,10.4,48.8,27.7,755.0,0,,19.43,4.95
EV133443,2022.0,95603.0,414.0,73.65,0.7074,90.8,34.52,11.0,0.383,27.6,80.6,83.7,70.8,30.62,58.8,47.3,26.7,853.0,0,2.0,26.35,3.94
EV168645,2015.0,210647.0,578.0,87.61,0.5859,96.13,55.98,4.0,0.171,32.4,66.2,66.8,53.8,19.57,29.5,51.6,100.0,731.0,0,1.0,25.71,
EV164089,2015.0,164916.0,479.0,65.89,0.6164,91.17,51.03,3.0,0.212,29.6,51.1,50.7,82.5,31.63,67.6,31.6,47.7,440.0,1,3.0,34.11,10.67
EV133224,2020.0,96581.0,219.0,87.61,0.5,96.1,75.63,5.0,0.405,30.8,53.9,84.5,63.2,6.36,75.3,56.0,57.1,1142.0,0,1.0,13.22,5.89
EV284076,2020.0,195897.0,591.0,53.14,0.7878,89.76,34.02,15.0,0.892,35.4,110.9,61.6,88.7,42.08,100.0,25.5,0.0,381.0,1,6.0,46.86,6.0
EV219579,2024.0,51283.0,134.0,92.5,0.4536,97.37,78.34,4.0,0.584,23.9,72.6,86.0,47.8,14.06,43.9,64.2,29.1,1249.0,0,1.0,7.5,1.95
EV134257,2022.0,33077.0,78.0,99.43,0.4128,94.3,79.84,6.0,0.287,9.5,22.5,75.7,50.0,17.76,38.4,63.0,78.1,1355.0,0,1.0,0.57,4.08
EV290823,2016.0,151016.0,552.0,76.72,0.6008,91.6,46.71,6.0,0.086,32.6,53.1,48.6,68.7,23.51,20.7,46.4,77.8,736.0,0,4.0,23.28,10.25
EV172740,2024.0,25687.0,49.0,93.42,0.3754,95.13,52.47,3.0,0.716,22.4,47.1,85.3,66.3,20.87,37.3,50.6,11.4,1090.0,0,1.0,6.58,2.11
EV163393,2017.0,50865.0,74.0,95.39,0.4223,97.32,76.57,1.0,0.074,8.3,17.8,72.8,57.0,8.42,19.7,60.9,100.0,1354.0,0,0.0,4.61,9.13
EV208335,2022.0,58174.0,97.0,98.68,0.4328,97.5,83.09,1.0,0.081,18.9,43.1,87.6,51.3,13.33,14.4,71.3,71.1,1373.0,0,3.0,1.32,3.83
EV124557,2017.0,127898.0,306.0,81.28,0.4817,94.1,71.94,1.0,0.102,14.7,42.2,73.6,68.7,28.26,10.8,49.9,37.5,721.0,0,3.0,18.72,9.07
EV122664,2023.0,81076.0,207.0,89.62,0.5063,94.98,72.4,7.0,0.422,29.5,83.5,90.6,49.7,8.24,17.8,56.9,40.0,1148.0,0,2.0,10.38,2.94
EV216078,2023.0,1096.0,38.0,87.61,0.3791,96.32,64.02,3.0,0.202,1.1,3.0,88.7,46.0,19.62,12.4,68.5,81.3,1489.0,0,1.0,,2.81
EV189796,2017.0,76058.0,229.0,86.0,0.4995,95.51,56.14,2.0,0.582,13.3,30.6,57.4,57.9,24.37,59.4,50.5,31.6,1085.0,0,2.0,14.0,8.91
EV102603,2024.0,6548.0,64.0,95.64,0.3743,96.25,52.05,9.0,0.179,14.2,43.3,77.1,44.9,9.05,24.8,65.2,92.3,1416.0,0,2.0,4.36,2.09
EV291461,2023.0,10590.0,1.0,98.19,0.3212,98.86,78.76,1.0,0.294,2.1,3.0,89.1,62.7,14.65,53.0,52.2,84.5,1162.0,0,2.0,1.81,3.19
EV195096,2018.0,178381.0,347.0,81.63,0.5477,94.29,72.88,3.0,0.387,42.7,76.3,56.2,58.6,30.0,32.3,61.8,36.4,1030.0,0,0.0,,8.19
EV270696,2016.0,78549.0,1044.0,57.34,0.6884,91.53,24.56,6.0,0.319,19.4,67.3,63.9,72.1,36.06,38.4,50.4,24.2,227.0,1,,42.66,10.15
EV292822,2016.0,102385.0,307.0,79.18,0.6037,94.9,57.04,5.0,0.489,14.6,31.7,42.4,60.9,29.89,73.7,55.0,52.1,900.0,1,2.0,20.82,9.96
EV139056,2023.0,78549.0,99.0,88.62,0.3927,94.98,85.6,6.0,0.397,32.6,45.5,86.6,53.8,16.64,46.7,58.3,23.8,969.0,0,2.0,11.38,2.89
EV293554,2023.0,100011.0,136.0,84.08,0.4931,95.13,104.38,6.0,0.535,48.1,105.6,87.1,66.4,18.68,47.3,49.8,0.0,876.0,0,3.0,15.92,3.06
EV236601,2020.0,56402.0,205.0,89.34,0.4317,94.98,59.01,4.0,0.214,10.9,30.1,61.9,49.8,18.28,14.3,60.3,73.5,1030.0,0,4.0,10.66,5.9
EV106004,2020.0,500.0,6.0,99.8,0.4065,96.82,45.97,2.0,0.133,1.4,3.0,83.9,48.8,10.32,26.1,53.4,99.4,1477.0,0,0.0,,5.73
EV295742,2018.0,126708.0,504.0,52.33,0.9227,89.41,26.52,7.0,0.323,43.4,57.4,71.5,69.9,42.65,67.3,53.5,26.2,159.0,1,4.0,47.67,7.9
EV230183,2015.0,202734.0,443.0,72.54,0.5732,94.68,64.66,6.0,0.444,29.2,59.8,50.3,82.5,28.49,33.2,32.6,49.6,540.0,1,7.0,27.46,11.07
EV230419,2022.0,11446.0,54.0,92.76,0.4103,95.74,60.65,5.0,0.727,8.1,17.6,78.3,60.0,18.33,26.6,55.9,12.9,1030.0,0,2.0,7.24,3.9
EV100101,2020.0,182749.0,926.0,52.63,0.137145,87.41,19.8,17.0,0.319,37.9,105.3,58.0,89.9,43.89,100.0,24.7,52.1,303.0,1,3.0,47.37,6.06
EV255434,2024.0,500.0,8.0,99.8,0.3726,94.98,46.32,3.0,0.1,4.7,15.3,84.7,47.3,17.25,13.9,62.6,89.9,1476.0,0,0.0,0.2,2.19
EV178371,2016.0,351819.0,952.0,59.09,0.5063,89.74,46.73,11.0,0.426,34.5,116.2,64.9,58.2,39.48,44.8,49.3,0.0,297.0,1,2.0,40.91,10.24
EV100844,2020.0,7220.0,1.0,99.8,0.3805,99.5,50.64,1.0,0.19,1.0,3.0,76.6,51.9,13.27,28.9,67.8,85.8,1506.0,0,2.0,0.2,5.8
EV103878,2020.0,113081.0,367.0,84.93,0.5543,94.97,51.36,8.0,0.355,38.3,60.0,65.7,56.9,18.37,6.1,57.1,46.7,975.0,0,1.0,,6.25
EV176352,2022.0,36988.0,87.0,95.3,0.3595,97.51,67.21,5.0,0.299,10.0,28.7,85.7,65.9,13.9,30.1,53.3,73.6,1069.0,0,5.0,4.7,4.27
EV153846,2017.0,186573.0,390.0,75.03,0.5418,91.44,65.39,4.0,0.425,25.2,64.5,63.1,64.8,25.14,33.9,43.9,47.1,605.0,0,4.0,24.97,9.09
EV163285,2017.0,108426.0,336.0,67.81,0.6978,92.73,45.13,5.0,0.312,18.2,41.3,59.6,57.6,36.74,39.4,48.0,36.7,330.0,1,2.0,32.19,8.94
EV239989,2024.0,17571.0,118.0,90.93,0.5387,95.06,91.86,5.0,0.438,12.5,41.0,95.1,51.3,15.15,43.2,64.3,62.0,1228.0,0,3.0,,1.92
EV172343,2016.0,78549.0,679.0,56.56,0.6748,87.49,27.13,8.0,0.533,18.5,53.1,51.7,77.2,36.88,43.8,42.9,16.3,303.0,1,2.0,43.44,10.36
EV269929,2020.0,55525.0,117.0,93.39,0.3498,98.2,87.87,4.0,0.049,14.0,17.2,45.8,60.2,21.18,31.8,51.3,100.0,968.0,0,4.0,6.61,9.36
EV184375,2021.0,28169.0,114.0,86.11,0.583,98.61,35.34,4.0,0.341,9.2,14.0,83.4,48.5,17.23,32.9,71.8,63.1,587.0,0,2.0,13.89,4.93
EV222519,2015.0,91176.0,298.0,86.02,0.4535,93.8,50.87,6.0,0.087,8.7,25.7,62.4,54.2,10.76,29.2,55.6,85.5,1002.0,0,,13.98,11.22
EV223360,2024.0,4229.0,5.0,94.34,0.4285,94.48,60.39,1.0,0.37,1.1,3.0,84.3,70.6,11.76,71.9,50.2,64.4,1075.0,0,,5.66,2.26
EV119559,2022.0,95172.0,612.0,65.4,0.5607,91.0,23.18,11.0,0.596,17.9,60.2,81.7,67.3,25.36,42.3,42.6,4.4,391.0,1,6.0,34.6,4.1
EV140600,2015.0,63579.0,115.0,92.91,0.4185,94.52,80.0,1.0,0.488,11.3,17.3,52.3,61.0,27.29,16.8,61.8,27.0,1293.0,0,3.0,7.09,10.86
EV124595,2020.0,18286.0,72.0,97.03,0.3567,95.0,55.92,4.0,0.356,1.7,5.8,70.4,39.1,13.55,28.9,67.3,26.8,1403.0,0,2.0,2.97,6.13
EV255537,2019.0,37930.0,51.0,95.08,0.3485,96.89,73.69,3.0,0.353,3.7,12.5,55.8,64.7,19.76,32.4,52.4,17.3,1080.0,0,4.0,4.92,6.97
EV121551,2023.0,54374.0,126.0,90.82,0.4872,97.01,81.46,4.0,0.541,25.2,49.3,88.6,42.1,7.82,39.4,74.5,49.0,1175.0,0,2.0,9.18,3.24
EV297476,2019.0,80668.0,150.0,88.83,0.4308,96.46,81.22,1.0,0.173,21.0,36.7,68.8,63.6,25.4,0.0,56.9,86.6,943.0,0,1.0,11.17,6.62
EV220090,2015.0,235592.0,409.0,79.64,0.5801,91.83,96.87,3.0,0.47,26.4,68.5,53.6,55.0,33.29,27.9,59.2,45.9,849.0,0,3.0,20.36,10.82
EV100226,2020.0,252034.0,566.0,61.54,0.5848,91.93,55.31,8.0,0.586,39.9,133.5,75.2,77.7,35.02,40.8,38.8,0.0,438.0,1,2.0,38.46,5.93
EV202610,2018.0,88763.0,233.0,90.75,0.4098,96.05,67.59,3.0,0.101,27.1,46.4,68.8,51.9,22.27,21.8,63.5,98.3,1118.0,0,5.0,9.25,
EV158252,2021.0,126835.0,221.0,85.65,0.4501,94.59,82.19,9.0,0.583,28.1,47.1,77.3,45.9,11.2,39.4,54.3,36.7,1117.0,0,1.0,14.35,5.18
EV152948,2023.0,27400.0,75.0,94.35,0.3771,94.58,122.62,1.0,0.231,10.2,20.5,72.8,59.4,27.28,41.5,51.5,41.7,1030.0,0,2.0,5.65,3.05
EV150727,2020.0,174426.0,238.0,83.52,0.5554,94.98,105.98,7.0,0.418,20.4,94.6,75.5,53.7,25.79,28.2,55.4,47.7,1097.0,0,1.0,,6.06
EV264079,2018.0,18199.0,73.0,93.61,0.366,95.65,116.52,1.0,0.527,4.1,11.9,71.1,58.7,11.6,24.8,55.9,48.1,1327.0,0,4.0,6.39,8.27
EV149189,2022.0,66292.0,457.0,75.17,0.5592,92.83,28.3,5.0,0.323,13.6,37.5,83.1,53.9,23.42,31.3,59.5,54.7,788.0,0,3.0,24.83,4.2
EV251485,2021.0,57831.0,118.0,98.1,0.4494,96.73,67.71,1.0,0.199,15.1,43.3,76.9,47.2,11.1,61.5,54.6,72.7,1387.0,0,2.0,1.9,5.0
EV144531,2017.0,68401.0,412.0,77.19,0.595,92.93,33.5,1.0,0.22,8.6,25.2,75.9,67.4,16.98,31.4,51.5,44.6,813.0,0,1.0,22.81,8.87
EV172662,2022.0,40590.0,43.0,94.08,0.5278,97.71,87.62,1.0,0.612,10.6,27.4,90.5,41.6,5.4,56.8,72.8,42.1,702.0,0,2.0,5.92,4.14
EV152866,2022.0,24692.0,214.0,89.99,0.5469,95.36,59.79,2.0,0.271,7.5,15.2,80.3,49.7,19.69,44.2,63.2,61.9,1185.0,0,2.0,10.01,4.11
EV188664,2015.0,122819.0,214.0,72.37,0.6229,93.03,66.71,5.0,0.04,17.0,41.4,72.8,52.6,26.15,19.0,69.9,86.4,410.0,0,1.0,27.63,11.03
EV231597,2022.0,78549.0,331.0,80.66,0.5116,93.82,45.81,4.0,0.078,22.2,70.7,78.2,66.4,24.9,0.0,57.5,71.6,723.0,0,1.0,19.34,4.05
EV126487,2015.0,377783.0,1242.0,87.61,0.7462,89.71,34.08,13.0,0.639,97.6,118.3,72.8,56.8,18.33,44.0,41.3,0.0,82.0,1,2.0,49.24,10.98
EV176142,2024.0,15077.0,128.0,94.54,0.3882,94.81,48.46,7.0,0.096,14.3,37.0,99.9,68.3,9.76,5.8,49.9,100.0,1018.0,0,4.0,5.46,2.01
EV197455,2016.0,180574.0,554.0,76.5,0.6051,94.14,48.71,8.0,0.123,17.6,57.9,64.7,62.7,25.0,15.2,49.1,96.5,704.0,0,5.0,23.5,10.08
EV286654,2024.0,3956.0,20.0,95.89,0.3666,95.39,42.84,3.0,0.271,1.4,3.0,81.5,41.5,17.25,46.3,61.6,75.8,1416.0,0,2.0,4.11,2.06
EV213503,2021.0,78549.0,33.0,93.97,0.4832,94.96,67.47,6.0,0.442,1.1,3.0,68.5,53.8,18.33,25.0,55.4,42.3,722.0,0,3.0,6.03,5.01
EV136616,2021.0,72297.0,194.0,89.22,0.4778,93.4,59.45,7.0,0.326,28.1,46.0,73.8,51.3,15.29,25.8,60.8,64.4,1030.0,0,2.0,10.78,5.08
EV222553,2021.0,55275.0,235.0,77.25,0.6693,92.74,36.17,5.0,0.115,12.3,38.5,72.8,43.8,23.17,33.2,65.9,76.6,459.0,0,0.0,22.75,4.86
EV196778,2015.0,118093.0,222.0,75.84,0.684,93.09,86.61,4.0,0.213,14.4,37.6,56.5,57.7,23.96,19.6,56.9,36.8,428.0,0,0.0,24.16,11.04
EV143696,2022.0,89941.0,284.0,84.28,0.5896,95.69,68.4,4.0,0.249,29.9,76.5,76.4,59.6,29.53,61.1,59.6,76.2,1002.0,0,3.0,15.72,4.07
EV204499,2020.0,78636.0,225.0,87.92,0.5272,95.66,68.03,6.0,0.522,14.7,46.1,66.4,64.6,8.63,50.8,48.2,63.7,1092.0,0,3.0,12.08,5.95
EV250700,2015.0,145547.0,342.0,82.83,0.5737,94.77,98.53,4.0,0.246,13.1,42.9,66.0,60.1,15.63,13.0,61.4,37.9,980.0,0,2.0,17.17,11.0
EV282375,2020.0,53530.0,140.0,92.76,0.4744,95.43,69.59,2.0,0.254,20.4,31.5,65.6,53.3,20.4,33.2,59.2,57.6,1306.0,0,3.0,7.24,5.74
EV242919,2017.0,109698.0,182.0,91.37,0.3697,97.55,76.6,2.0,0.184,12.6,44.0,65.5,56.8,23.71,27.2,50.2,87.8,941.0,0,2.0,8.63,9.16
EV111956,2023.0,13617.0,75.0,89.98,0.5255,96.27,73.8,1.0,0.212,4.3,13.1,90.3,52.8,17.37,0.0,59.5,74.7,665.0,0,3.0,10.02,3.07
EV222604,2015.0,146416.0,436.0,81.88,0.4654,92.03,56.57,8.0,0.238,31.8,44.2,57.8,53.2,14.74,35.2,59.7,51.8,861.0,0,2.0,,10.96
EV299575,2024.0,4824.0,19.0,98.32,0.4273,96.64,70.02,1.0,0.194,11.3,19.7,98.2,36.1,4.43,32.3,78.8,63.5,787.0,0,0.0,1.68,1.84
EV138115,2019.0,269105.0,1068.0,52.5,0.82,90.53,25.47,18.0,0.47,94.5,125.2,63.2,61.8,32.41,35.0,55.3,0.0,195.0,1,2.0,47.5,6.84
EV140782,2019.0,57512.0,41.0,99.8,0.3492,98.49,66.04,1.0,0.02,6.0,19.7,62.7,55.5,7.67,0.0,51.2,86.6,1433.0,0,0.0,0.2,6.94
EV170851,2023.0,21753.0,23.0,99.8,0.4181,99.36,68.42,5.0,0.535,2.6,8.7,71.2,51.4,14.76,52.1,63.4,36.7,1472.0,0,0.0,0.2,2.94
EV241607,2021.0,32357.0,42.0,93.9,0.5106,94.96,95.63,5.0,0.346,11.9,24.0,71.0,56.8,21.0,43.1,55.9,74.9,1356.0,0,3.0,6.1,4.95
EV243127,2020.0,47520.0,152.0,93.96,0.4503,96.61,115.76,1.0,0.08,15.3,25.9,73.4,53.4,20.24,13.5,69.7,85.7,1289.0,0,1.0,6.04,5.76
EV130118,2022.0,50123.0,144.0,94.86,0.4567,96.52,64.11,5.0,0.495,14.7,35.5,72.3,51.5,17.69,36.8,59.2,64.2,1270.0,0,0.0,5.14,3.91
EV124511,2019.0,98815.0,284.0,85.27,0.4809,96.35,61.36,5.0,0.261,21.4,47.9,70.0,59.6,20.77,38.3,57.6,76.0,1057.0,0,5.0,14.73,6.82
EV217126,2021.0,41511.0,96.0,94.63,0.4695,96.18,74.51,1.0,0.262,6.9,20.4,79.4,53.6,8.89,10.7,55.4,70.4,1294.0,0,0.0,5.37,4.88
EV170738,2022.0,78549.0,111.0,88.95,0.4797,94.86,74.27,2.0,0.594,16.7,46.9,92.5,51.0,20.48,43.4,61.3,52.1,1202.0,0,1.0,11.05,4.18
EV197482,2023.0,77977.0,110.0,91.26,0.4837,96.64,79.82,8.0,0.611,33.7,76.1,86.8,45.5,15.94,42.3,60.8,60.2,1282.0,0,2.0,8.74,3.2
EV166571,2017.0,92604.0,184.0,92.26,0.4797,94.9,70.33,3.0,0.477,28.0,37.2,55.2,50.0,12.2,30.6,59.7,47.1,1230.0,0,0.0,7.74,8.86
EV107356,2020.0,313249.0,831.0,60.85,0.7431,91.6,44.77,10.0,0.446,51.1,122.1,75.1,60.9,32.35,52.9,53.3,1.1,416.0,1,5.0,39.15,8.75
EV189826,2021.0,84730.0,255.0,88.99,0.5048,94.63,64.3,4.0,0.182,29.0,55.0,81.8,53.5,20.87,13.5,63.3,62.4,1078.0,0,3.0,11.01,
EV286672,2021.0,93466.0,215.0,73.23,0.6727,95.32,68.73,5.0,0.387,20.4,59.8,77.9,49.5,31.68,46.1,62.8,47.2,415.0,0,4.0,26.77,5.14
EV219283,2023.0,19990.0,43.0,97.21,0.5063,95.13,95.33,4.0,0.339,7.9,25.6,82.5,46.3,7.15,36.8,64.4,64.6,1396.0,0,1.0,2.79,2.89
EV267889,2020.0,43135.0,73.0,87.99,0.513,91.47,72.59,1.0,0.076,7.1,17.8,66.9,74.8,18.9,73.5,47.1,76.2,1234.0,0,2.0,12.01,
EV247348,2016.0,4582.0,1.0,99.8,0.3686,96.86,39.18,1.0,0.3,1.5,3.0,59.7,47.9,19.16,27.1,63.9,77.1,1506.0,0,3.0,0.2,9.75
EV147644,2020.0,68938.0,55.0,96.0,0.4455,97.77,118.97,3.0,0.356,15.5,34.7,67.1,48.5,13.92,33.2,67.8,67.3,1402.0,0,,4.0,6.31
EV131281,2022.0,55006.0,114.0,97.47,0.3759,97.44,108.23,4.0,0.193,23.5,45.2,75.0,48.3,23.898000000000003,35.5,62.4,69.2,1370.0,0,2.0,2.53,4.04
EV159300,2015.0,230812.0,1327.0,59.7,0.7355,94.98,21.72,12.0,0.216,21.7,67.6,58.8,67.6,41.46,23.2,45.5,42.8,90.0,1,0.0,40.3,10.94
EV106527,2015.0,209373.0,551.0,80.17,0.5311,93.46,58.13,5.0,0.124,28.8,62.1,48.8,59.2,21.67,23.2,48.5,40.7,771.0,0,2.0,19.83,
EV288777,2015.0,36853.0,184.0,89.87,0.4592,97.14,45.17,4.0,0.489,4.5,11.5,61.1,53.5,17.71,25.8,64.8,50.0,1165.0,0,,10.13,11.29
EV254706,2023.0,46975.0,115.0,92.07,0.3894,96.99,84.53,2.0,0.498,16.3,44.0,86.0,66.3,16.27,20.2,45.7,43.4,1006.0,0,,7.93,2.88
EV135208,2020.0,158349.0,329.0,86.66,0.4516,95.05,88.83,3.0,0.404,45.0,82.3,76.1,55.9,19.01,34.1,58.4,45.7,1025.0,0,0.0,13.34,5.88
EV135574,2020.0,62251.0,75.0,98.91,0.392,97.45,120.23,4.0,0.49,13.2,43.9,78.8,49.8,15.44,33.2,56.0,59.1,1398.0,0,4.0,1.09,5.93
EV209818,2019.0,202430.0,214.0,62.27,0.6344,90.97,44.37,6.0,0.319,20.4,99.6,76.9,70.1,24.67,59.3,43.3,12.9,380.0,1,5.0,37.73,6.94
EV293863,2023.0,29584.0,168.0,83.67,0.5997,94.61,29.25,5.0,0.328,19.3,23.4,66.9,51.6,16.82,35.1,65.9,58.0,521.0,0,3.0,16.33,2.97
EV289850,2015.0,59817.0,172.0,92.03,0.4679,95.77,80.2,1.0,0.094,10.6,24.4,51.3,51.4,21.7,0.0,55.6,71.4,1030.0,0,3.0,,11.18
EV148934,2017.0,15255.0,68.0,95.42,0.4733,96.5,65.92,1.0,0.37,2.1,3.0,67.8,40.4,8.59,0.0,70.7,63.0,1381.0,0,2.0,4.58,8.94
EV238478,2022.0,34998.0,92.0,99.8,0.3642,97.39,64.02,4.0,0.176,20.5,32.0,84.8,40.0,13.96,10.0,73.3,87.8,1386.0,0,2.0,0.2,3.85
EV152269,2015.0,215084.0,1304.0,46.33,0.7232,89.11,15.46,16.0,0.142,28.9,65.5,56.7,85.4,41.85,51.6,36.0,41.7,0.0,1,4.0,53.67,11.11
EV154671,2019.0,155960.0,402.0,84.23,0.506,94.49,74.63,9.0,0.239,26.3,77.7,67.0,50.5,19.27,33.2,60.8,67.8,913.0,0,5.0,15.77,7.13
EV137472,2023.0,29499.0,106.0,92.37,0.5295,95.97,73.78,2.0,0.426,24.2,38.5,70.6,56.8,9.91,32.2,63.4,51.0,651.0,0,0.0,7.63,
EV173060,2015.0,128760.0,600.0,64.33,0.6106,95.04,27.34,7.0,0.347,11.8,38.7,63.6,65.6,24.8,30.9,51.1,50.2,367.0,0,,35.67,11.02
EV166937,2015.0,354061.0,1125.0,41.89,0.7986,89.67,26.44,11.0,0.56,35.2,107.3,45.5,90.6,48.41,59.8,32.5,7.9,12.0,1,6.0,58.11,11.03
EV158400,2015.0,22950.0,1.0,99.8,0.3515,96.9,93.09,1.0,0.253,2.2,4.9,58.1,50.7,14.47,0.0,65.5,57.2,1507.0,0,1.0,0.2,10.74
EV168461,2023.0,78549.0,70.0,99.8,0.4081,94.98,102.61,4.0,0.061,33.7,64.4,77.3,52.3,11.32,14.4,60.3,93.9,1372.0,0,4.0,0.2,2.97
EV289197,2020.0,16846.0,45.0,96.15,0.3592,96.97,81.52,1.0,0.157,10.5,26.1,90.8,56.8,10.48,25.1,49.9,80.8,1118.0,0,6.0,3.85,1.61
EV230722,2021.0,87001.0,150.0,80.32,0.5063,93.72,88.39,4.0,0.212,20.1,51.2,86.8,58.5,24.97,35.7,52.2,61.5,525.0,0,3.0,19.68,4.82
EV122526,2022.0,78549.0,289.0,85.58,0.5546,94.98,58.0,9.0,0.443,22.3,72.1,68.8,55.0,20.65,22.9,65.3,2.8,1042.0,0,3.0,14.42,
EV239133,2024.0,5370.0,1.0,99.8,0.387,97.08,87.1,2.0,0.237,1.0,3.0,98.2,46.7,8.37,31.3,69.4,79.3,1549.0,0,3.0,,1.88
EV218356,2019.0,61357.0,204.0,89.17,0.4147,94.69,71.41,1.0,0.413,10.2,32.5,72.8,61.6,26.07,14.3,49.7,37.1,868.0,0,3.0,10.83,7.18
EV297237,2020.0,500.0,1.0,99.8,0.4078,98.3,58.64,1.0,0.319,1.1,3.0,65.5,49.6,21.17,49.4,52.4,85.5,1507.0,0,4.0,0.2,6.0
EV259566,2019.0,6271.0,58.0,94.4,0.4632,95.63,54.2,1.0,0.222,1.4,3.0,70.2,50.8,11.27,37.2,67.3,63.1,1336.0,0,3.0,5.6,7.06
EV128290,2020.0,500.0,2.0,98.38,0.39,99.24,58.34,1.0,0.277,1.0,3.0,63.2,76.8,17.52,56.4,44.9,55.0,1197.0,0,7.0,1.62,6.24
EV276505,2015.0,69499.0,222.0,91.97,0.4624,94.98,54.86,5.0,0.186,5.7,19.3,58.2,51.4,11.26,23.9,56.1,82.2,1169.0,0,1.0,8.03,11.01
EV118606,2017.0,18080.0,1.0,99.8,0.3659,98.37,74.65,1.0,0.146,3.9,12.0,72.0,47.2,11.32,16.4,67.9,63.3,1461.0,0,2.0,,8.92
EV159737,2015.0,241301.0,637.0,50.13,0.9507,88.99,38.97,5.0,0.263,29.2,73.1,72.8,69.8,50.95,57.6,46.7,3.8,91.0,1,3.0,49.87,11.12
EV133590,2022.0,34063.0,45.0,99.8,0.3614,96.74,61.86,5.0,0.39,11.2,32.2,72.8,69.3,11.03,45.2,48.0,57.3,1030.0,0,3.0,0.2,3.77
EV136774,2019.0,141920.0,372.0,75.68,0.5063,93.33,56.28,6.0,0.092,33.9,61.0,76.4,67.3,17.49,32.4,55.9,75.4,597.0,0,3.0,24.32,7.18
EV200243,2020.0,16257.0,81.0,89.22,0.5292,94.19,54.34,1.0,0.459,2.0,5.1,71.3,39.2,11.2,25.6,70.2,51.6,645.0,0,2.0,10.78,5.91
EV259708,2016.0,310824.0,460.0,67.25,0.5764,93.32,82.55,8.0,0.712,49.9,106.6,72.8,75.4,33.9,36.8,44.4,0.0,516.0,1,3.0,32.75,9.99
EV150990,2021.0,27283.0,37.0,99.8,0.4141,95.53,50.65,3.0,0.22,8.8,17.6,78.5,49.9,16.08,31.6,62.3,60.6,1449.0,0,3.0,0.2,5.04
EV273061,2022.0,83884.0,296.0,83.48,0.4936,93.52,50.37,5.0,0.437,29.8,66.8,72.8,53.3,21.93,28.5,56.8,11.1,998.0,0,1.0,16.52,3.82
EV106665,2015.0,433353.0,1525.0,45.01,0.801,88.28,25.71,17.0,0.776,40.6,131.5,46.2,75.7,43.5,76.0,47.0,0.0,0.0,1,1.0,54.99,10.9
EV265300,2019.0,78549.0,236.0,83.62,0.4179,94.69,70.67,8.0,0.116,46.4,47.1,68.8,68.9,23.24,4.1,44.1,55.7,802.0,0,4.0,16.38,6.97
EV238710,2022.0,16869.0,30.0,95.53,0.4987,96.24,41.31,3.0,0.547,11.0,19.5,72.8,42.7,6.41,55.7,64.7,34.3,732.0,0,0.0,4.47,4.21
EV224655,2015.0,131044.0,426.0,81.69,0.484,93.4,46.45,3.0,0.194,12.5,42.0,65.1,64.7,28.94,17.8,48.8,84.3,859.0,0,3.0,18.31,10.9
EV272643,2023.0,58288.0,220.0,89.29,0.4565,95.5,44.1,12.0,0.303,46.9,80.2,100.0,54.9,16.44,15.5,58.8,43.9,1197.0,0,1.0,10.71,
EV170603,2019.0,174830.0,680.0,49.08,0.9717,88.76,24.34,8.0,0.32,49.2,87.6,68.7,71.9,40.15,45.3,41.5,6.0,71.0,1,7.0,50.92,7.17
EV154069,2015.0,85937.0,345.0,81.5,0.568,94.72,37.9,5.0,0.515,21.1,27.1,69.3,66.9,28.11,41.8,50.1,63.8,944.0,0,4.0,18.5,10.92
EV205298,2021.0,99712.0,439.0,87.61,0.5607,94.99,35.8,10.0,0.445,27.1,49.8,72.8,59.1,22.6,12.3,65.2,33.1,853.0,0,1.0,22.11,5.18
EV262710,2022.0,2213.0,1.0,99.8,0.3382,96.67,64.02,1.0,0.14,2.4,5.4,70.6,43.3,22.35,33.2,66.1,76.9,1471.0,0,3.0,0.2,4.01
EV177698,2016.0,127776.0,494.0,72.01,0.5292,92.2,36.03,8.0,0.129,15.1,46.2,65.1,78.7,20.88,0.0,48.1,68.3,490.0,0,6.0,27.99,9.77
EV226412,2020.0,95708.0,233.0,83.11,0.4379,95.13,74.43,7.0,0.535,23.3,59.5,58.2,57.7,29.24,13.8,51.9,56.5,814.0,0,5.0,16.89,5.74
EV153688,2017.0,307705.0,1365.0,46.29,0.801,90.94,20.25,19.0,0.794,53.0,117.8,48.5,82.3,41.26,100.0,37.0,0.0,52.0,1,1.0,53.71,8.89
EV276174,2019.0,32628.0,136.0,89.13,0.4087,97.38,33.79,5.0,0.443,8.5,16.0,70.7,62.7,9.05,64.6,48.0,16.6,925.0,0,2.0,10.87,6.77
EV287131,2020.0,107549.0,289.0,82.87,0.55,92.34,71.18,7.0,0.656,24.0,69.8,78.9,55.7,21.58,52.1,59.3,0.0,957.0,0,3.0,17.13,5.82
EV283817,2020.0,48128.0,91.0,92.26,0.4555,94.95,86.97,1.0,0.618,24.4,38.0,71.6,48.2,11.39,37.5,59.0,30.1,1298.0,0,2.0,7.74,5.71
EV277110,2015.0,194924.0,521.0,78.53,0.5585,94.35,52.29,3.0,0.17,29.2,58.7,63.3,57.4,18.33,6.7,54.9,72.1,822.0,0,1.0,21.47,11.16
EV147698,2021.0,143549.0,432.0,78.16,0.6469,93.55,57.02,6.0,0.226,33.1,47.1,69.4,60.7,17.54,50.0,50.4,73.3,820.0,0,6.0,21.84,5.26
EV243320,2020.0,209314.0,572.0,66.61,0.7786,92.12,49.41,10.0,0.5,49.6,108.1,74.2,74.3,28.94,57.8,40.1,9.6,619.0,1,2.0,33.39,6.12
EV141467,2020.0,59573.0,113.0,97.87,0.4494,97.66,79.62,1.0,0.145,24.1,29.2,80.1,47.1,10.39,11.3,67.6,57.7,1397.0,0,0.0,2.13,6.25
EV216715,2023.0,1677.0,1.0,95.42,0.5235,92.02,91.46,1.0,0.265,20.4,3.0,79.8,68.7,12.2,64.8,53.4,56.8,1472.0,0,3.0,4.58,3.0
EV167341,2018.0,122322.0,139.0,91.99,0.4064,95.23,88.96,4.0,0.407,28.1,50.6,71.9,59.4,12.19,13.2,55.0,37.0,1301.0,0,5.0,8.01,8.07
EV218553,2023.0,22361.0,94.0,96.21,0.376,96.39,61.61,2.0,0.269,8.1,22.3,88.9,44.0,35.175000000000004,26.2,62.1,61.0,1312.0,0,0.0,3.79,2.93
EV285858,2023.0,26261.0,83.0,95.31,0.433,93.38,66.35,5.0,0.404,20.7,31.1,80.3,49.6,10.25,36.0,61.8,0.0,1354.0,0,2.0,,3.23
EV101951,2019.0,26774.0,77.0,99.8,0.3664,98.27,63.27,1.0,0.407,7.1,18.5,68.5,44.6,1.76,73.8,62.3,62.7,1421.0,0,3.0,0.2,7.11
EV268190,2024.0,31736.0,73.0,99.8,0.4031,94.9,67.92,8.0,0.325,14.6,46.8,81.5,48.6,14.38,14.3,60.2,23.9,1382.0,0,3.0,0.2,1.85
EV288422,2023.0,31196.0,35.0,97.0,0.4594,97.36,100.43,3.0,0.084,22.3,35.1,81.9,52.5,15.18,0.0,64.1,89.8,1468.0,0,1.0,3.0,2.91
EV163979,2021.0,15681.0,41.0,95.05,0.3937,95.81,56.77,2.0,0.605,6.0,12.3,70.5,50.5,21.74,43.8,61.4,53.5,1375.0,0,5.0,4.95,5.03
EV209355,2019.0,182834.0,470.0,69.95,0.6966,93.98,51.0,8.0,0.51,45.6,47.1,78.8,61.6,28.99,55.3,53.2,21.7,731.0,0,4.0,30.05,7.11
EV205235,2020.0,51470.0,126.0,94.37,0.397,98.13,76.16,2.0,0.42,8.9,30.3,84.2,42.9,12.44,48.2,64.7,83.7,1322.0,0,1.0,5.63,5.68
EV161137,2017.0,94922.0,258.0,84.61,0.5505,94.32,57.34,5.0,0.066,16.3,36.6,60.0,60.2,14.93,25.9,57.4,47.0,1037.0,0,4.0,15.39,9.18
EV149668,2017.0,79346.0,244.0,85.7,0.5393,97.44,72.28,2.0,0.069,14.6,28.5,54.5,61.1,32.52,17.4,57.3,100.0,1093.0,0,2.0,14.3,8.77
EV112295,2023.0,82138.0,304.0,83.08,0.5103,96.5,46.29,7.0,0.384,45.4,70.9,88.4,57.0,13.04,52.3,53.5,73.4,1001.0,0,1.0,16.92,
EV190718,2017.0,207700.0,846.0,39.17,1.0417,89.72,20.17,4.0,0.031,32.1,73.2,46.3,68.4,45.56,42.8,50.2,76.6,0.0,1,3.0,60.83,9.2
EV108348,2020.0,52981.0,288.0,85.56,0.4992,94.93,45.21,4.0,0.264,19.7,31.0,79.0,59.2,7.56,25.3,46.1,73.1,1001.0,0,1.0,,6.06
EV178592,2018.0,37569.0,214.0,88.39,0.4208,94.64,53.47,4.0,0.425,10.7,16.3,70.5,61.0,24.6,37.4,44.9,78.9,929.0,0,4.0,11.61,7.95
EV146664,2018.0,99186.0,261.0,88.08,0.479,93.34,97.31,5.0,0.292,18.7,40.5,65.3,52.3,10.14,25.7,62.4,47.2,1052.0,0,1.0,11.92,8.07
EV259397,2020.0,120023.0,524.0,52.23,0.8615,90.54,25.16,10.0,0.388,24.4,54.5,71.9,62.1,27.81,31.9,52.1,2.4,148.0,1,4.0,47.77,7.15
EV252666,2019.0,1726.0,59.0,97.96,0.3574,96.97,90.46,1.0,0.139,1.3,3.0,77.2,64.9,9.51,31.3,56.9,81.8,1125.0,0,0.0,2.04,6.99
EV290313,2024.0,17308.0,11.0,99.8,0.4063,95.88,55.11,4.0,0.22,33.4,43.5,95.5,38.7,4.75,12.1,73.6,63.7,1471.0,0,2.0,0.2,1.7
EV278796,2024.0,3384.0,30.0,87.61,0.3137,98.41,64.02,2.0,0.315,4.9,16.1,72.8,54.2,9.4,40.4,63.0,79.5,1187.0,0,0.0,0.2,2.06
EV169809,2016.0,247366.0,696.0,49.98,0.9207,89.51,36.33,5.0,0.195,41.0,78.7,61.9,67.3,39.79,37.6,46.2,21.8,44.0,1,4.0,50.02,10.08
EV131300,2023.0,2738.0,13.0,99.8,0.3438,98.49,74.63,1.0,0.219,1.9,6.7,85.0,54.0,10.26,26.7,57.9,68.4,1216.0,0,1.0,0.2,3.01
EV201093,2021.0,142585.0,599.0,69.32,0.649,94.1,33.63,11.0,0.225,31.7,95.2,75.4,56.8,18.37,58.3,54.6,57.5,629.0,0,3.0,30.68,5.05
EV236663,2021.0,500.0,1.0,99.8,0.4451,98.07,86.49,1.0,0.084,1.2,3.0,75.4,47.2,15.22,68.2,66.4,81.0,1507.0,0,2.0,0.2,5.23
EV169862,2016.0,14227.0,54.0,95.47,0.5063,96.33,51.75,2.0,0.059,2.1,5.1,76.6,38.1,6.87,25.9,66.6,100.0,728.0,0,3.0,4.53,10.08
EV154159,2018.0,158206.0,848.0,87.61,0.6851,89.39,20.74,16.0,0.72,26.0,73.7,71.2,83.9,32.0,64.2,32.5,0.0,210.0,1,2.0,46.18,7.48
EV287779,2016.0,336023.0,1120.0,59.77,0.7236,90.05,35.08,10.0,0.293,56.8,111.6,58.3,64.5,32.85,36.9,46.9,39.4,249.0,1,4.0,40.23,9.93
EV108089,2016.0,193739.0,635.0,63.4,0.5947,93.0,39.23,11.0,0.445,24.1,63.0,52.6,79.1,31.1,38.1,45.9,8.1,1030.0,1,,36.6,9.97
EV244180,2024.0,500.0,1.0,99.8,0.3801,97.91,76.59,3.0,0.139,13.5,23.1,94.1,45.0,7.4,6.2,68.5,95.8,1492.0,0,1.0,0.2,1.89
EV278080,2017.0,185894.0,311.0,81.43,0.5914,95.83,99.95,4.0,0.546,30.9,67.7,57.0,61.3,26.45,69.7,54.7,14.6,1042.0,0,1.0,18.57,9.11
EV170714,2016.0,60363.0,143.0,87.59,0.4579,95.47,82.05,1.0,0.34,4.8,16.3,53.8,76.5,24.18,33.2,44.7,46.7,909.0,0,2.0,12.41,9.87
EV276008,2022.0,3695.0,9.0,87.61,0.3837,96.62,64.08,4.0,0.264,1.0,3.0,83.9,40.5,0.0,32.9,75.4,73.0,1474.0,0,1.0,0.2,4.11
EV101934,2015.0,160181.0,683.0,71.07,0.5894,94.98,37.07,7.0,0.106,15.4,45.9,53.7,67.9,36.46,1.7,47.5,48.1,570.0,1,5.0,28.93,11.02
EV182215,2024.0,7753.0,50.0,87.61,0.3523,96.72,70.17,4.0,0.253,11.2,22.4,97.4,61.3,7.86,9.8,55.5,92.4,1135.0,0,2.0,1.15,1.94
EV142900,2020.0,9357.0,53.0,93.79,0.4064,97.03,75.1,3.0,0.509,4.5,47.1,76.2,50.8,19.64,35.0,56.4,40.1,1358.0,0,2.0,6.21,3.7
EV241552,2022.0,142790.0,412.0,77.73,0.5063,93.84,59.07,13.0,0.552,78.2,108.0,76.5,62.5,18.37,33.2,53.1,5.8,827.0,1,3.0,22.27,4.15
EV180370,2016.0,17447.0,1.0,99.8,0.3783,99.05,106.32,4.0,0.181,2.7,4.3,57.4,42.8,9.22,33.2,71.9,82.8,1503.0,0,1.0,0.2,9.96
EV271481,2016.0,117815.0,284.0,86.75,0.4719,96.33,63.14,8.0,0.219,15.2,36.3,43.5,64.8,22.54,11.7,51.1,60.8,1039.0,0,4.0,13.25,10.24
EV177843,2019.0,65948.0,212.0,84.65,0.5452,94.84,58.77,2.0,0.339,24.3,33.3,69.5,65.1,18.33,74.3,49.2,76.0,1098.0,0,2.0,15.35,6.71
EV164458,2019.0,52093.0,162.0,88.02,0.4046,94.98,58.42,4.0,0.393,9.9,33.6,72.8,72.2,14.3,33.2,46.7,52.6,900.0,0,3.0,11.98,7.0
EV143559,2022.0,13027.0,1.0,99.8,0.4364,94.66,96.75,5.0,0.235,12.3,23.5,63.3,51.3,20.01,33.2,57.4,54.2,1528.0,0,6.0,0.2,4.0
EV118008,2018.0,55002.0,129.0,92.28,0.3694,96.04,71.93,2.0,0.105,16.5,23.8,66.6,63.8,21.36,13.7,53.2,100.0,930.0,0,1.0,7.72,8.2
EV148655,2024.0,13427.0,56.0,97.84,0.3421,98.62,61.99,3.0,0.216,12.4,29.3,95.2,52.2,19.01,33.2,62.4,76.2,1100.0,0,,2.16,2.12
EV114844,2019.0,14405.0,45.0,99.8,0.2993,96.79,85.28,3.0,0.308,1.4,4.6,86.2,61.4,9.04,23.3,43.5,67.3,1030.0,0,3.0,0.2,6.86
EV234192,2023.0,20200.0,90.0,99.78,0.3804,97.11,95.69,2.0,0.165,7.7,47.1,91.0,39.3,12.78,0.0,72.7,98.0,1409.0,0,1.0,0.22,2.98
EV114692,2022.0,111770.0,341.0,82.83,0.4982,95.37,58.75,7.0,0.33,39.0,91.1,72.8,58.3,12.76,32.7,57.3,30.3,926.0,0,3.0,17.17,4.2
EV249716,2018.0,169403.0,460.0,80.83,0.5369,93.65,63.34,9.0,0.139,23.2,72.5,68.3,61.2,15.23,0.0,55.7,60.6,816.0,0,3.0,19.17,8.19
EV147784,2021.0,112634.0,247.0,85.2,0.5142,95.31,72.3,5.0,0.478,30.0,75.8,79.4,50.4,19.88,54.4,61.4,52.1,1127.0,0,2.0,14.8,4.74
EV100431,2024.0,52005.0,89.0,89.94,0.4916,95.75,84.2,8.0,0.675,35.4,105.9,98.5,46.8,14.29,64.1,60.6,0.0,1296.0,0,2.0,10.06,1.83
EV245511,2019.0,82863.0,213.0,84.18,0.5615,93.98,57.42,6.0,0.359,14.7,39.3,74.2,67.1,16.61,54.0,49.7,45.1,1137.0,0,4.0,15.82,7.05
EV155054,2023.0,71012.0,248.0,84.44,0.4869,95.52,57.07,7.0,0.221,27.5,82.5,87.6,57.1,20.9,20.7,51.4,66.2,1058.0,0,1.0,15.56,3.22
EV286145,2015.0,110476.0,150.0,92.05,0.4738,95.9,123.34,2.0,0.489,11.7,35.1,56.9,54.9,12.23,47.9,62.4,39.5,1237.0,0,4.0,7.95,10.91
EV278699,2015.0,232589.0,1083.0,56.5,0.7064,90.01,24.58,14.0,0.385,22.3,71.9,68.9,65.8,23.69,33.7,46.2,37.8,187.0,1,2.0,43.5,10.83
EV187922,2015.0,78549.0,854.0,49.99,0.7146,90.08,28.51,8.0,0.317,51.9,47.1,56.2,74.5,18.33,51.4,46.8,0.7,139.0,1,3.0,50.01,10.95
EV254887,2022.0,71041.0,319.0,86.48,0.5009,94.22,42.67,9.0,0.305,26.9,54.4,82.1,54.2,16.66,33.2,61.2,82.1,1005.0,0,1.0,13.52,4.38
EV194703,2015.0,114785.0,286.0,77.4,0.5319,94.59,62.68,2.0,0.13,19.9,34.4,45.8,63.8,33.01,32.4,48.7,60.8,684.0,0,3.0,22.6,11.14
EV215472,2022.0,69163.0,152.0,98.07,0.386,96.11,81.61,2.0,0.245,25.3,50.8,76.0,51.5,15.42,0.0,59.5,78.0,1327.0,0,2.0,1.93,4.0
EV130076,2017.0,29950.0,72.0,97.16,0.3857,95.54,80.33,1.0,0.41,2.7,4.2,70.4,58.1,10.81,26.4,61.9,23.9,1112.0,0,1.0,2.84,8.98
EV279748,2023.0,45013.0,86.0,93.77,0.3813,97.64,83.83,5.0,0.404,25.5,47.1,92.4,65.0,8.32,24.7,53.1,56.0,998.0,0,3.0,6.23,2.77
EV242070,2015.0,256371.0,842.0,48.45,0.8864,84.25,30.14,6.0,0.354,20.4,75.8,54.3,96.8,36.56,100.0,30.1,7.7,173.0,1,7.0,51.55,11.07
EV232030,2017.0,107592.0,211.0,87.61,0.429,93.59,96.69,5.0,0.39,12.8,37.0,72.5,50.4,22.42,31.2,66.2,65.1,1278.0,0,1.0,5.76,9.16
EV269071,2019.0,48214.0,235.0,87.61,0.4952,93.4,42.53,5.0,0.245,7.5,22.7,74.5,46.8,12.94,27.3,60.5,63.4,1035.0,0,3.0,14.79,7.02
EV138278,2024.0,44636.0,177.0,90.64,0.4726,94.64,31.19,12.0,0.242,29.0,75.9,87.9,41.2,10.91,42.8,70.1,60.0,1174.0,0,2.0,9.36,1.92
EV132228,2020.0,173371.0,620.0,67.36,0.6331,94.21,38.46,5.0,0.387,20.4,54.0,56.8,64.7,29.11,44.4,49.4,26.0,1030.0,0,7.0,32.64,11.06
EV198147,2021.0,78549.0,228.0,87.6,0.4665,95.17,53.01,8.0,0.271,15.9,48.4,73.5,51.7,15.57,29.1,70.8,46.3,1145.0,0,2.0,12.4,5.05
EV192666,2017.0,123590.0,295.0,88.08,0.4393,96.07,51.04,4.0,0.183,20.9,44.3,56.6,58.5,14.17,30.7,53.1,81.4,1055.0,0,,11.92,8.84
EV132842,2023.0,58446.0,95.0,91.64,0.4349,93.54,76.83,4.0,0.512,21.6,69.6,83.3,52.2,20.2,48.4,64.6,32.3,1298.0,0,6.0,8.36,2.89
EV240850,2020.0,47696.0,138.0,92.64,0.471,94.67,94.96,3.0,0.421,7.0,23.5,85.2,40.0,15.25,36.1,71.4,43.5,1254.0,0,2.0,7.36,5.64
EV119129,2015.0,80386.0,21.0,94.14,0.4134,96.14,112.05,1.0,0.319,20.1,25.6,55.3,53.7,7.78,48.3,61.5,75.5,1396.0,0,1.0,5.86,10.97
EV210348,2023.0,500.0,15.0,99.8,0.377,94.93,87.04,1.0,0.122,2.1,7.2,92.0,41.2,3.82,37.7,71.0,74.0,1498.0,0,1.0,,3.13
EV204653,2020.0,126212.0,306.0,80.88,0.5735,94.45,69.41,7.0,0.37,31.7,70.2,71.7,57.0,23.16,37.6,52.2,29.1,909.0,0,3.0,19.12,5.74
EV179206,2017.0,112449.0,413.0,85.47,0.495,94.45,49.0,3.0,0.101,19.7,41.3,62.0,56.8,26.0,0.0,67.2,92.8,924.0,0,2.0,14.53,8.88
EV115804,2022.0,15493.0,63.0,96.08,0.4286,96.43,40.58,2.0,0.017,8.4,18.9,73.9,53.6,13.72,15.2,55.1,100.0,1354.0,0,,,3.91
EV190224,2016.0,83118.0,237.0,87.05,0.4043,94.79,56.53,3.0,0.319,10.6,26.7,67.2,53.9,11.58,39.8,54.2,20.1,1129.0,0,3.0,12.95,
EV154551,2022.0,32061.0,88.0,99.61,0.4074,97.93,86.59,1.0,0.283,9.3,24.7,90.9,45.7,11.15,9.3,62.4,76.1,1388.0,0,0.0,0.39,3.89
EV219245,2024.0,13108.0,22.0,99.8,0.5063,95.95,70.68,2.0,0.23,16.9,26.8,89.1,44.7,12.12,1.8,72.0,78.0,767.0,0,1.0,0.2,1.71
EV240336,2015.0,70411.0,185.0,87.61,0.6544,90.68,43.71,4.0,0.312,7.3,20.8,41.4,64.9,36.22,51.5,47.8,28.6,1046.0,1,4.0,20.49,11.26
EV117072,2020.0,80916.0,186.0,85.04,0.4715,95.78,65.07,6.0,0.33,26.7,79.0,94.4,78.9,8.7,48.2,37.4,70.9,911.0,0,0.0,14.96,2.83
EV289273,2021.0,34156.0,48.0,99.8,0.3802,96.7,73.1,4.0,0.373,15.6,25.5,87.7,46.3,8.29,46.3,71.8,57.3,1428.0,0,2.0,0.2,5.03
EV208745,2017.0,78549.0,403.0,81.54,0.5074,94.32,67.79,1.0,0.448,37.1,50.2,58.7,56.3,31.37,0.0,56.4,46.3,916.0,0,1.0,18.46,8.93
EV276861,2015.0,124533.0,276.0,84.74,0.4603,93.37,77.86,4.0,0.221,21.5,36.3,52.0,70.2,19.62,16.9,46.7,52.1,770.0,0,4.0,15.26,11.23
EV291836,2019.0,85783.0,194.0,89.69,0.4764,96.44,79.43,3.0,0.319,19.3,39.9,64.2,58.3,20.05,3.7,54.2,92.6,1176.0,0,0.0,10.31,7.05
EV110788,2018.0,116055.0,261.0,80.54,0.4864,94.15,52.93,5.0,0.319,18.8,49.0,68.1,65.8,22.81,31.5,48.3,44.0,726.0,0,3.0,19.46,8.08
EV218409,2018.0,269551.0,533.0,69.38,0.6851,90.63,66.86,11.0,0.703,51.2,111.1,73.8,77.1,24.18,75.4,56.9,0.0,687.0,1,3.0,30.62,8.37
EV202416,2015.0,98714.0,321.0,85.84,0.49,98.86,54.78,7.0,0.241,15.8,28.0,52.4,50.0,24.36,14.9,60.7,100.0,986.0,0,4.0,14.16,11.01
EV111161,2015.0,229021.0,598.0,66.37,0.7187,94.51,49.95,8.0,0.269,21.0,64.9,50.2,75.8,23.42,63.9,34.9,28.7,600.0,1,6.0,33.63,10.96
EV221055,2021.0,48825.0,177.0,76.38,0.6612,93.14,39.33,8.0,0.375,15.9,43.2,89.0,56.5,25.21,70.6,63.0,52.1,474.0,0,3.0,23.62,5.1
EV157184,2020.0,52202.0,192.0,93.02,0.414,95.1,62.19,5.0,0.181,15.4,24.8,77.5,42.5,13.57,33.2,71.9,64.6,1207.0,0,3.0,6.98,5.15
EV198161,2017.0,157538.0,432.0,76.19,0.5921,93.78,64.02,4.0,0.094,22.3,62.2,56.4,63.3,18.33,37.9,50.8,73.8,825.0,0,4.0,23.81,9.24
EV141585,2016.0,160491.0,524.0,75.99,0.5346,90.67,46.3,6.0,0.177,21.2,56.5,48.3,73.3,25.16,33.2,44.7,40.4,732.0,0,5.0,24.01,10.05
EV139060,2023.0,52924.0,134.0,87.84,0.5045,95.95,72.91,3.0,0.505,22.6,47.0,88.3,52.4,25.13,32.1,56.9,41.8,1149.0,0,2.0,12.16,2.84
EV102881,2016.0,16534.0,71.0,94.8,0.4067,95.26,109.94,1.0,0.408,2.3,5.6,67.2,51.0,16.77,22.9,63.8,39.6,1030.0,0,2.0,5.2,10.09
EV132781,2016.0,123384.0,349.0,78.25,0.4957,93.17,53.59,3.0,0.238,16.7,38.4,56.3,70.3,22.49,11.8,55.4,51.9,697.0,0,,21.75,9.87
EV147163,2018.0,78549.0,673.0,68.14,0.6534,90.56,59.36,6.0,0.505,39.8,115.1,68.1,73.4,27.5,62.3,40.9,0.0,557.0,1,4.0,,8.03
EV113189,2018.0,112536.0,309.0,87.38,0.4812,95.93,71.56,4.0,0.051,16.3,48.4,58.5,61.9,15.88,22.6,57.9,89.6,1029.0,0,2.0,12.62,8.06
EV179902,2019.0,500.0,1.0,91.4,0.5148,94.09,111.07,1.0,0.06,1.0,3.0,75.4,68.9,5.42,62.3,48.1,78.3,1432.0,0,2.0,8.6,6.75
EV238892,2018.0,156645.0,363.0,77.97,0.4812,93.71,63.6,9.0,0.394,23.0,67.6,54.4,71.5,28.65,39.5,51.4,21.6,638.0,1,2.0,,8.28
EV139261,2017.0,111791.0,214.0,94.3,0.3101,95.91,112.85,4.0,0.134,31.0,45.5,51.6,58.0,11.9,32.4,53.7,61.0,945.0,0,4.0,5.7,9.07
EV214504,2023.0,60024.0,9.0,99.8,0.3932,94.98,118.75,4.0,0.319,46.2,56.8,83.0,44.1,5.27,5.9,66.9,73.0,1487.0,0,1.0,0.2,2.92
EV113743,2020.0,106015.0,286.0,84.44,0.5546,93.7,72.45,6.0,0.505,25.6,57.4,72.8,60.4,26.08,37.2,53.1,12.3,1075.0,0,7.0,15.56,5.74
EV102786,2018.0,60035.0,153.0,91.63,0.4329,96.08,69.42,6.0,0.105,18.9,27.8,68.1,59.9,12.48,1.4,58.7,94.5,1195.0,0,3.0,8.37,7.81
EV198009,2020.0,78549.0,67.0,90.94,0.583,91.54,74.71,2.0,0.118,4.3,14.4,72.8,65.1,21.46,66.6,52.2,62.9,1317.0,0,1.0,9.06,5.82
EV125058,2022.0,92907.0,285.0,79.48,0.5402,93.41,49.63,10.0,0.19,26.5,80.6,80.5,75.8,23.27,33.2,43.7,62.6,759.0,0,2.0,20.52,4.04
EV132062,2024.0,45946.0,86.0,89.67,0.5063,98.34,74.19,7.0,0.609,21.5,51.8,100.0,53.7,14.88,46.5,56.8,8.0,1277.0,0,3.0,10.33,2.1
EV106194,2023.0,78117.0,234.0,86.62,0.4511,95.92,67.69,7.0,0.17,31.2,86.2,84.1,48.3,17.52,22.4,60.0,76.2,1066.0,0,0.0,13.38,3.05
EV239716,2018.0,78549.0,302.0,84.67,0.4854,94.98,69.03,6.0,0.348,23.6,56.1,58.2,54.8,23.57,38.0,57.7,57.8,1044.0,0,2.0,15.33,7.91
EV147854,2015.0,155152.0,293.0,69.16,0.6876,88.1,61.17,3.0,0.417,14.5,47.3,45.1,82.6,28.89,100.0,46.1,23.7,635.0,1,6.0,30.84,10.84
EV267090,2020.0,5528.0,1.0,99.8,0.3807,98.2,80.16,6.0,0.241,7.9,17.6,90.6,39.1,13.28,8.0,56.9,100.0,1530.0,0,0.0,0.2,2.96
EV133212,2024.0,44103.0,179.0,92.09,0.4184,97.25,49.28,4.0,0.417,25.6,82.8,97.5,63.0,12.65,19.0,57.3,52.1,1182.0,0,2.0,7.91,1.91
EV224595,2018.0,43372.0,213.0,83.37,0.4989,92.87,31.04,6.0,0.462,11.5,16.8,56.5,52.8,21.12,27.6,60.2,59.2,1030.0,0,3.0,16.63,
EV119778,2020.0,128236.0,369.0,72.83,0.5557,96.76,59.85,4.0,0.497,31.4,54.8,66.5,92.1,25.21,74.0,29.1,35.7,636.0,1,4.0,27.17,7.17
EV158019,2021.0,500.0,2.0,99.8,0.375,95.49,62.81,1.0,0.272,3.4,5.1,68.7,46.1,21.25,68.4,59.1,19.0,1514.0,0,3.0,0.2,4.84
EV185939,2018.0,131315.0,264.0,86.25,0.5357,94.44,77.99,3.0,0.287,17.4,54.8,55.6,67.5,31.46,21.9,45.4,44.6,1063.0,1,3.0,13.75,7.75
EV215463,2023.0,51874.0,131.0,92.08,0.404,99.5,87.88,4.0,0.316,14.8,47.2,92.9,56.8,20.13,12.8,58.5,55.0,964.0,0,2.0,7.92,3.24
EV155226,2018.0,43898.0,96.0,94.91,0.3691,96.43,84.93,4.0,0.435,15.0,23.2,74.7,65.6,14.45,45.7,49.5,68.5,1051.0,0,4.0,5.09,8.16
EV213186,2017.0,173979.0,311.0,78.72,0.4619,92.85,84.96,3.0,0.319,36.8,72.6,70.9,65.6,15.97,19.3,48.9,65.8,734.0,0,4.0,21.28,8.84
EV182664,2024.0,78549.0,78.0,92.11,0.3692,96.6,76.82,7.0,0.249,23.5,58.1,90.7,66.6,12.0,33.2,49.2,58.7,1021.0,0,1.0,,1.74
EV190839,2019.0,173490.0,488.0,68.8,0.7076,92.86,51.04,10.0,0.263,27.2,85.8,75.1,65.1,23.43,45.6,57.8,39.7,692.0,0,4.0,31.2,
EV270149,2023.0,7471.0,61.0,94.65,0.4593,95.35,81.23,1.0,0.556,4.5,12.5,85.2,50.9,9.23,16.7,61.0,33.4,1366.0,0,3.0,5.35,2.98
EV177391,2016.0,135165.0,477.0,67.84,0.7334,94.22,41.28,3.0,0.399,21.1,42.2,46.0,72.1,31.97,63.7,47.3,11.8,735.0,1,6.0,32.16,10.16
EV234886,2015.0,222168.0,705.0,63.99,0.6998,90.38,35.07,5.0,0.384,19.4,65.9,36.2,70.7,47.97,53.6,44.4,12.9,541.0,1,3.0,36.01,10.88
EV191845,2020.0,228844.0,611.0,69.67,0.7471,93.41,53.67,4.0,0.247,20.4,73.3,64.5,60.0,17.89,55.4,54.6,47.6,598.0,0,1.0,30.33,10.73
EV247579,2023.0,25611.0,46.0,98.35,0.4143,94.98,88.14,4.0,0.353,16.3,27.3,80.2,57.0,14.13,36.6,66.3,48.9,1406.0,0,5.0,1.65,3.09
EV254033,2016.0,17708.0,28.0,98.29,0.4047,98.07,81.67,1.0,0.216,1.5,4.7,57.7,32.4,21.71,3.6,73.0,61.0,761.0,0,2.0,1.71,10.02
EV285093,2019.0,98872.0,264.0,77.82,0.5253,94.11,57.88,3.0,0.637,40.5,49.7,80.2,68.7,23.63,71.2,52.6,9.6,703.0,0,1.0,22.18,7.11
EV229161,2023.0,48592.0,84.0,94.44,0.4221,95.6,75.77,6.0,0.265,19.1,55.5,84.3,53.5,9.97,35.8,60.9,65.6,1359.0,0,2.0,5.56,2.77
EV279562,2016.0,171382.0,557.0,70.69,0.5984,91.17,39.65,7.0,0.326,17.6,57.1,67.3,55.0,20.74,36.6,51.5,44.0,661.0,0,2.0,29.31,10.07
EV167122,2015.0,72479.0,186.0,79.49,0.6556,92.35,54.3,1.0,0.152,5.5,18.8,49.6,45.6,24.63,41.3,64.1,8.4,489.0,0,1.0,20.51,10.86
EV151432,2020.0,72756.0,165.0,92.14,0.4017,94.89,86.22,7.0,0.157,20.4,43.8,79.4,53.5,11.85,10.9,52.0,64.6,988.0,0,1.0,7.86,5.78
EV263531,2020.0,78549.0,199.0,90.03,0.4258,97.55,79.11,4.0,0.489,27.8,57.8,78.2,49.2,16.28,47.9,63.2,57.7,1143.0,0,2.0,9.97,6.06
EV239006,2017.0,16505.0,46.0,99.8,0.3637,95.2,52.72,1.0,0.183,1.6,3.0,54.2,45.9,20.82,18.3,65.4,52.1,1471.0,0,2.0,0.2,9.16
EV106836,2023.0,47441.0,87.0,93.34,0.406,95.91,122.46,2.0,0.209,20.9,39.5,77.6,61.3,15.72,33.7,54.1,73.5,1070.0,0,4.0,6.66,3.15
EV223190,2016.0,54066.0,137.0,95.86,0.4338,99.5,51.97,3.0,0.346,20.4,15.7,72.8,46.4,8.15,11.4,63.4,70.1,1359.0,0,1.0,4.14,10.01
EV207593,2024.0,40605.0,101.0,98.34,0.2959,97.44,71.28,9.0,0.36,30.6,47.1,94.1,53.7,3.06,16.0,65.8,60.7,1069.0,0,3.0,,1.89
EV200933,2020.0,81315.0,240.0,90.64,0.4857,97.29,71.99,5.0,0.27,13.0,40.2,63.0,43.9,24.02,22.8,66.2,69.5,1151.0,0,0.0,9.36,6.1
EV238371,2020.0,52964.0,120.0,94.32,0.4245,97.98,62.72,4.0,0.064,17.5,26.4,67.4,55.6,13.03,0.0,52.6,95.0,1275.0,0,1.0,5.68,6.06
EV269940,2024.0,5387.0,1.0,87.61,0.4086,97.45,67.91,1.0,0.435,1.2,3.0,93.0,49.8,11.15,23.3,56.5,59.9,1522.0,0,2.0,0.2,2.0
EV170779,2020.0,19062.0,118.0,91.91,0.4819,96.48,36.59,6.0,0.269,20.4,30.1,96.4,53.3,15.23,47.7,55.5,77.5,1275.0,0,4.0,8.09,3.04
EV206585,2019.0,161178.0,411.0,73.94,0.6223,95.56,53.51,8.0,0.494,33.0,70.0,64.3,65.7,32.5,51.3,48.9,14.9,771.0,0,4.0,26.06,7.02
EV183061,2016.0,333340.0,738.0,63.96,0.6468,89.96,59.03,10.0,0.645,37.1,115.0,48.3,62.1,31.56,64.6,50.7,0.0,505.0,1,2.0,36.04,9.84
EV164270,2021.0,88819.0,124.0,96.57,0.3896,95.41,104.69,7.0,0.073,29.9,55.0,72.8,57.5,9.16,14.6,60.2,55.4,1372.0,0,1.0,3.43,
EV132434,2019.0,78549.0,33.0,93.88,0.4732,96.08,71.93,1.0,0.597,1.0,47.1,72.0,42.2,20.44,16.2,66.4,39.7,696.0,0,3.0,6.12,7.05
EV238234,2018.0,189730.0,577.0,64.12,0.5956,91.89,43.71,8.0,0.188,26.1,78.2,76.8,79.0,26.91,32.8,45.5,52.1,399.0,1,,35.88,8.06
EV237306,2018.0,135152.0,214.0,90.6,0.4364,95.07,89.81,1.0,0.093,20.4,55.9,65.0,54.5,11.6,52.6,57.1,43.1,1205.0,0,2.0,9.4,7.96
EV196966,2022.0,69171.0,217.0,88.29,0.5032,95.16,58.3,7.0,0.39,38.2,53.6,77.9,60.8,16.01,35.4,57.9,66.9,1165.0,0,1.0,11.71,
EV171799,2015.0,113338.0,164.0,88.09,0.4389,93.34,98.13,3.0,0.344,15.3,33.8,60.5,59.4,12.98,15.8,52.0,41.6,942.0,0,1.0,11.91,10.88
EV241131,2024.0,66138.0,109.0,90.26,0.3952,92.25,80.89,6.0,0.319,41.3,93.4,72.8,64.5,13.19,66.6,41.6,15.3,974.0,0,3.0,9.74,2.07
EV240875,2018.0,10324.0,1.0,99.8,0.3609,96.8,67.57,3.0,0.121,1.2,3.0,59.9,54.0,14.1,10.7,58.5,79.1,1449.0,0,3.0,0.2,
EV150981,2016.0,124126.0,406.0,73.8,0.5097,94.75,50.61,1.0,0.3,18.3,44.7,69.5,74.5,20.3,26.6,45.1,74.4,557.0,0,4.0,26.2,9.89
EV206381,2020.0,101839.0,291.0,84.7,0.5356,95.59,49.13,7.0,0.386,22.2,63.4,81.3,52.9,14.06,5.0,58.3,24.2,996.0,0,3.0,15.3,5.78
EV124367,2018.0,129731.0,315.0,83.73,0.5529,94.98,63.14,4.0,0.389,18.2,53.4,80.7,56.2,20.38,45.1,66.3,45.3,1015.0,0,2.0,16.27,7.85
EV193110,2016.0,273647.0,550.0,53.06,0.825,94.98,51.75,5.0,0.248,45.1,92.9,57.1,72.4,32.34,41.2,41.4,45.2,114.0,1,3.0,46.94,9.96
EV148827,2018.0,163504.0,426.0,74.2,0.5954,95.0,48.42,6.0,0.299,38.7,65.3,72.8,69.5,18.33,25.7,44.3,44.4,520.0,0,,25.8,8.19
EV285378,2016.0,198573.0,609.0,70.41,0.6559,93.39,40.67,9.0,0.476,35.0,61.9,64.8,63.7,33.6,8.4,53.4,14.8,617.0,0,1.0,29.59,10.26
EV117188,2024.0,8358.0,1.0,99.8,0.3841,96.36,105.87,4.0,0.2,8.4,25.5,72.8,52.0,13.08,38.1,60.0,73.3,1460.0,0,4.0,0.2,1.85
EV258597,2019.0,161659.0,263.0,68.55,0.6646,88.34,66.73,5.0,0.161,35.2,74.8,51.5,78.7,18.33,65.1,45.6,53.1,623.0,1,2.0,31.45,7.06
EV288829,2023.0,58046.0,204.0,87.92,0.4128,95.06,64.02,3.0,0.25,22.3,63.2,100.0,61.2,13.73,24.6,42.5,69.5,904.0,0,1.0,12.08,2.76
EV163930,2021.0,20135.0,95.0,95.41,0.3951,97.04,90.92,1.0,0.149,4.7,13.5,70.6,48.3,10.12,38.9,67.1,58.4,1303.0,0,2.0,4.59,5.07
EV106449,2017.0,84164.0,360.0,83.13,0.5063,95.18,45.21,6.0,0.131,17.5,33.1,73.7,54.1,17.3,59.1,57.3,82.1,952.0,0,4.0,16.87,8.97
EV246775,2017.0,339501.0,1247.0,40.14,0.8306,86.05,21.96,11.0,0.734,39.6,129.7,61.2,100.0,33.23,80.5,25.2,0.0,0.0,1,5.0,59.86,
EV181868,2017.0,221221.0,566.0,71.42,0.6506,94.22,58.89,7.0,0.319,24.7,82.6,65.5,58.7,20.8,22.1,56.9,28.8,689.0,0,3.0,28.58,8.93
EV177231,2016.0,59338.0,42.0,99.8,0.327,97.46,115.87,3.0,0.168,8.8,19.8,68.1,57.1,12.21,0.0,59.4,70.5,1168.0,0,3.0,0.2,10.03
EV297849,2024.0,36618.0,214.0,91.84,0.45,94.72,41.9,11.0,0.168,45.7,63.5,86.6,52.6,14.27,0.0,69.0,78.1,1237.0,0,2.0,8.16,1.92
EV216025,2018.0,79555.0,164.0,91.26,0.5063,96.65,84.72,1.0,0.273,9.8,33.9,71.2,49.9,14.5,41.1,59.0,52.3,1196.0,0,5.0,8.74,8.11
EV147692,2019.0,23243.0,20.0,99.8,0.3332,95.97,58.96,1.0,0.607,2.1,7.2,73.4,42.2,3.44,50.6,72.3,26.0,1464.0,0,0.0,0.2,6.97
EV285794,2022.0,128015.0,375.0,58.25,0.8178,90.79,37.98,9.0,0.904,74.1,110.4,81.6,57.9,33.22,77.2,52.6,0.0,271.0,1,4.0,41.75,4.11
EV147235,2020.0,78549.0,82.0,99.15,0.3945,95.74,79.26,4.0,0.113,5.1,16.9,77.6,54.1,18.48,5.8,63.9,61.3,1401.0,0,2.0,0.85,5.66
EV207847,2021.0,9318.0,1.0,99.8,0.3562,97.74,77.73,3.0,0.098,1.4,3.0,79.4,44.8,7.52,22.8,69.8,91.9,1454.0,0,2.0,0.2,4.86
EV129867,2021.0,78549.0,23.0,95.97,0.467,96.24,65.1,1.0,0.45,1.1,3.0,77.3,56.8,11.35,62.1,55.4,39.3,1447.0,0,2.0,4.03,4.84
EV110677,2023.0,56025.0,253.0,86.9,0.518,94.1,64.02,12.0,0.21,37.2,69.2,88.4,59.6,14.41,33.1,62.6,68.9,1063.0,0,1.0,13.1,3.15
EV217979,2022.0,26426.0,123.0,91.86,0.4373,92.3,63.19,2.0,0.738,23.2,30.4,76.4,49.0,21.07,36.0,69.6,19.2,1303.0,0,2.0,8.14,
EV115463,2017.0,163568.0,327.0,80.15,0.4592,93.09,70.39,5.0,0.15,26.0,59.8,61.7,71.0,22.48,28.6,50.4,70.0,686.0,0,2.0,,8.7
EV249464,2023.0,70902.0,155.0,95.48,0.4066,98.24,89.93,6.0,0.101,41.5,47.1,91.3,53.2,8.81,33.2,62.2,84.7,1252.0,0,,4.52,3.16
EV292471,2020.0,3906.0,1.0,99.8,0.3946,98.13,48.98,1.0,0.259,8.2,27.3,91.5,47.0,5.4,36.5,58.9,73.4,1479.0,0,2.0,0.2,2.14
EV219707,2023.0,61986.0,255.0,89.51,0.5063,95.01,48.85,8.0,0.222,21.7,61.9,75.9,51.9,18.94,26.2,59.0,43.9,1084.0,0,1.0,10.49,3.26
EV177163,2017.0,77431.0,337.0,82.26,0.4699,95.03,40.96,5.0,0.249,22.7,31.8,72.8,68.8,22.47,29.2,55.9,56.6,680.0,0,1.0,17.74,9.06
EV223336,2017.0,135144.0,322.0,79.48,0.47,93.85,61.73,5.0,0.364,16.4,52.1,72.8,68.7,18.33,38.0,44.9,54.0,1030.0,0,3.0,20.52,9.27
EV230327,2016.0,161412.0,416.0,75.87,0.561,91.26,74.89,3.0,0.136,16.6,53.1,74.6,56.5,20.14,15.0,60.3,65.6,837.0,0,1.0,24.13,9.9
EV261690,2019.0,55154.0,134.0,95.62,0.408,96.8,64.53,2.0,0.232,15.8,25.6,72.7,47.3,15.18,20.8,69.2,46.8,1308.0,0,0.0,4.38,7.03
EV223078,2023.0,42034.0,162.0,87.61,0.4652,96.19,71.25,2.0,0.344,18.3,47.7,82.0,62.1,19.53,24.1,59.5,43.5,935.0,0,4.0,12.21,3.16
EV156644,2022.0,11248.0,49.0,99.8,0.4001,96.16,85.75,1.0,0.073,2.1,5.4,92.3,57.0,11.44,7.5,52.4,92.5,1136.0,0,1.0,0.2,3.98
EV139429,2021.0,193549.0,662.0,61.68,0.741,89.92,37.57,20.0,0.867,87.6,129.2,80.7,73.1,24.25,81.5,42.1,0.0,473.0,1,4.0,38.32,4.99
EV111268,2020.0,9997.0,60.0,99.8,0.314,94.44,97.29,1.0,0.087,1.6,3.0,71.2,65.5,6.86,27.1,52.2,100.0,1083.0,0,0.0,0.2,6.13
EV267178,2021.0,124793.0,338.0,69.04,0.5198,90.66,48.73,6.0,0.702,20.4,79.6,86.4,83.2,17.96,76.7,37.8,0.0,596.0,1,4.0,30.96,4.98
EV268972,2018.0,5232.0,47.0,92.01,0.533,91.71,53.24,1.0,0.207,2.0,6.4,61.2,68.2,9.01,78.5,48.3,79.9,1030.0,0,2.0,7.99,8.03
EV131182,2022.0,11330.0,11.0,99.8,0.5063,95.43,90.28,1.0,0.407,2.5,6.7,80.0,41.0,13.16,29.2,68.6,59.8,789.0,0,2.0,0.2,4.06
EV165286,2015.0,450000.0,1890.0,41.8,0.8551,89.17,20.46,18.0,0.664,71.6,138.1,41.2,77.8,41.66,49.5,41.3,0.0,0.0,1,3.0,58.2,11.21
EV281827,2017.0,157610.0,233.0,82.59,0.5068,94.38,84.15,3.0,0.23,22.6,61.3,57.7,53.6,22.78,26.9,55.0,93.3,1076.0,0,0.0,17.41,
EV224141,2017.0,163938.0,544.0,78.67,0.5146,95.74,50.93,4.0,0.112,22.4,61.1,68.7,52.0,19.47,9.0,62.8,82.2,711.0,0,1.0,21.33,
EV201628,2020.0,16415.0,10.0,96.32,0.3602,97.62,60.5,1.0,0.194,7.4,20.8,85.9,58.5,9.98,8.4,52.5,76.0,1145.0,0,3.0,,2.18
EV110603,2022.0,9990.0,1.0,99.8,0.4465,96.77,56.2,2.0,0.011,8.9,13.2,89.2,63.7,19.72,33.9,47.9,94.6,1421.0,0,2.0,0.2,3.9
EV130737,2023.0,52536.0,134.0,92.08,0.4485,95.51,88.41,8.0,0.207,17.2,39.6,86.0,56.7,12.35,18.1,56.4,44.0,1256.0,0,2.0,7.92,3.29
EV237047,2018.0,239242.0,748.0,87.61,0.9336,94.98,29.78,11.0,0.596,43.9,104.2,58.8,68.5,31.7,37.4,51.1,0.0,36.0,1,2.0,54.25,7.95
EV149988,2015.0,82940.0,298.0,83.46,0.5764,93.75,64.02,5.0,0.337,9.8,28.1,53.2,51.4,20.91,28.2,63.3,29.8,1030.0,0,1.0,16.54,11.12
EV135281,2020.0,34849.0,3.0,94.85,0.4086,93.42,64.02,3.0,0.606,6.1,15.9,87.4,76.5,11.11,73.5,37.1,41.9,1128.0,0,2.0,5.15,6.06
EV141620,2016.0,78549.0,357.0,73.95,0.4818,93.74,65.41,8.0,0.212,31.7,50.8,39.3,78.9,26.45,24.1,43.2,54.7,562.0,1,3.0,26.05,9.95
EV272645,2024.0,18008.0,63.0,88.35,0.4124,95.77,44.65,4.0,0.447,11.1,29.8,88.0,67.7,18.33,41.5,48.9,54.3,1005.0,0,1.0,11.65,2.22
EV178751,2016.0,77594.0,158.0,92.41,0.4912,95.7,82.51,1.0,0.371,10.4,28.0,76.6,53.3,12.91,29.5,62.1,46.1,1210.0,0,,7.59,10.06
EV140660,2021.0,52376.0,214.0,87.86,0.4635,96.06,62.62,4.0,0.396,12.6,37.2,81.5,49.7,19.87,29.5,64.8,62.4,1170.0,0,1.0,,5.07
EV285060,2017.0,283256.0,994.0,75.22,0.9551,90.98,48.09,13.0,0.614,42.0,107.7,45.8,49.5,37.9,33.2,62.0,5.1,2183.0,1,5.0,24.78,8.83
EV111230,2022.0,500.0,1.0,99.8,0.5063,95.69,78.49,1.0,0.096,1.7,3.0,92.5,55.4,0.0,16.6,61.7,64.2,1497.0,0,4.0,0.2,3.83
EV177884,2020.0,13184.0,21.0,98.74,0.3962,96.6,57.55,1.0,0.268,15.5,32.4,87.0,41.3,5.7,37.2,68.9,48.2,1499.0,0,3.0,1.26,1.95
EV135410,2021.0,37091.0,94.0,97.18,0.445,94.67,60.5,2.0,0.327,8.9,20.9,66.7,47.3,14.13,28.5,71.9,30.5,1344.0,0,0.0,2.82,5.18
EV268099,2015.0,147735.0,373.0,63.6,0.7122,88.98,51.49,2.0,0.646,25.4,46.4,50.5,89.5,40.01,80.9,30.0,0.0,536.0,1,2.0,36.4,11.12
EV262601,2022.0,79174.0,479.0,79.33,0.598,96.53,27.3,7.0,0.091,39.4,58.0,88.0,54.8,19.85,13.8,57.6,90.9,791.0,0,6.0,20.67,4.17
EV191687,2022.0,8189.0,1.0,99.8,0.4037,96.4,64.02,1.0,0.348,1.9,47.1,72.8,49.9,24.7,22.2,68.1,50.3,1475.0,0,2.0,0.2,4.24
EV293320,2020.0,112998.0,347.0,80.6,0.5904,96.04,64.59,4.0,0.319,26.0,60.9,74.5,60.1,20.13,5.0,60.1,96.3,887.0,0,1.0,19.4,
EV184762,2020.0,101984.0,206.0,87.38,0.495,96.24,70.59,7.0,0.249,36.4,86.6,80.7,46.9,21.48,16.4,67.0,63.1,1105.0,0,2.0,12.62,3.99
EV216073,2021.0,48989.0,69.0,95.48,0.4326,95.57,114.96,1.0,0.217,11.9,32.8,79.6,51.6,19.65,25.0,60.3,78.1,1322.0,0,1.0,4.52,
EV224979,2020.0,138760.0,220.0,91.13,0.4809,94.81,81.56,7.0,0.598,21.3,70.4,77.0,46.8,8.97,53.8,64.9,51.8,1181.0,0,1.0,8.87,5.98
EV228331,2017.0,53885.0,80.0,95.52,0.4601,97.0,121.74,1.0,0.148,5.8,19.5,68.4,48.7,8.34,10.7,60.1,52.1,1380.0,0,1.0,4.48,8.89
EV179917,2020.0,43880.0,176.0,81.66,0.5739,93.55,57.25,3.0,0.334,8.4,22.8,48.4,77.9,34.95,74.4,43.9,68.8,1059.0,1,5.0,18.34,6.06
EV200190,2022.0,15487.0,24.0,87.43,0.5788,95.57,73.6,1.0,0.449,4.4,6.6,68.0,66.9,17.21,70.4,50.9,39.0,1303.0,0,3.0,,
EV234934,2023.0,25122.0,205.0,85.94,0.5095,94.6,78.61,1.0,0.707,8.4,25.6,83.8,49.2,8.85,65.8,63.2,5.2,1172.0,0,4.0,14.06,3.08
EV109077,2017.0,189692.0,576.0,69.95,0.612,91.43,50.88,10.0,0.098,19.6,65.6,60.1,64.2,28.11,15.1,55.2,72.6,722.0,0,3.0,30.05,8.93
EV238257,2019.0,113213.0,226.0,91.92,0.4377,94.92,77.75,6.0,0.28,41.4,55.5,68.4,45.1,9.44,33.2,70.1,71.5,1196.0,0,2.0,,7.0
EV161164,2023.0,38273.0,107.0,92.63,0.5103,95.32,83.49,1.0,0.326,19.3,34.5,87.7,63.2,10.68,50.0,46.6,33.6,1266.0,0,4.0,7.37,2.89
EV154941,2023.0,75236.0,222.0,90.94,0.477,95.35,59.56,9.0,0.319,38.5,77.8,85.3,53.9,18.9,25.4,59.3,36.2,1148.0,0,3.0,9.06,3.27
EV293343,2019.0,44806.0,102.0,95.57,0.3343,95.74,69.16,2.0,0.169,10.6,23.0,61.1,57.5,15.02,12.9,53.9,72.4,1013.0,0,3.0,4.43,6.7
EV145559,2022.0,50257.0,214.0,94.08,0.4383,98.39,82.87,3.0,0.319,29.5,47.4,78.5,49.3,11.88,17.9,62.7,100.0,1285.0,0,1.0,5.92,3.79
EV183922,2018.0,41972.0,100.0,93.17,0.4136,98.79,96.6,3.0,0.279,14.5,17.5,75.1,67.1,11.71,19.3,46.2,99.4,1030.0,0,7.0,6.83,7.81
EV155241,2022.0,69869.0,154.0,89.62,0.4141,94.66,76.6,11.0,0.319,18.4,61.6,81.0,63.0,10.96,37.6,49.7,46.0,915.0,0,2.0,10.38,3.77
EV114353,2022.0,60806.0,202.0,94.37,0.4447,98.12,78.62,5.0,0.134,15.6,43.1,83.8,48.3,8.86,26.1,66.0,76.7,1281.0,0,1.0,5.63,4.05
EV124463,2024.0,19917.0,30.0,99.8,0.3684,97.32,71.3,1.0,0.163,6.6,20.0,100.0,58.3,9.46,0.0,59.1,71.8,1030.0,0,2.0,0.2,2.22
EV209525,2020.0,188080.0,619.0,67.14,0.6879,95.93,42.55,10.0,0.319,69.2,100.0,72.8,63.5,39.99,36.9,61.3,0.0,591.0,1,4.0,32.86,5.94
EV250076,2016.0,106731.0,264.0,89.28,0.4704,97.3,64.02,2.0,0.283,8.8,28.9,53.8,53.2,25.05,20.4,57.0,79.7,1118.0,0,4.0,10.72,9.93
EV211252,2024.0,26549.0,1.0,95.73,0.4293,95.67,87.99,1.0,0.493,12.2,41.5,77.7,52.9,12.12,38.2,62.2,34.7,1438.0,0,0.0,4.27,1.94
EV163191,2022.0,13118.0,56.0,95.39,0.4294,96.35,74.93,1.0,0.413,3.0,8.5,74.3,40.7,15.57,70.1,63.5,58.5,1368.0,0,0.0,4.61,4.22
EV168036,2022.0,39912.0,49.0,93.8,0.5364,91.48,77.73,7.0,0.165,25.4,42.8,73.7,58.1,8.51,37.6,55.2,54.6,1341.0,0,5.0,6.2,3.96
EV293747,2016.0,171580.0,251.0,82.05,0.4386,93.7,97.81,5.0,0.319,18.2,56.4,44.3,68.4,25.69,20.4,46.0,48.4,764.0,0,2.0,17.95,9.82
EV193351,2016.0,177308.0,408.0,77.32,0.5063,90.77,53.36,8.0,0.27,25.7,55.5,64.5,66.3,23.25,32.9,47.6,48.9,817.0,0,1.0,22.68,10.35
EV224683,2015.0,45026.0,131.0,95.42,0.4242,96.04,66.33,1.0,0.136,4.3,14.5,51.9,46.4,18.72,25.3,62.9,74.0,1345.0,0,1.0,4.58,11.06
EV273656,2019.0,39795.0,165.0,90.28,0.3711,97.65,58.44,1.0,0.178,5.3,13.7,58.3,69.1,16.44,0.0,56.1,80.6,939.0,0,4.0,9.72,6.99
EV252068,2016.0,78549.0,935.0,58.68,0.7521,91.08,48.94,12.0,0.54,78.2,129.7,61.2,61.4,28.07,43.1,48.6,0.0,291.0,1,1.0,41.32,9.98
EV180340,2018.0,500.0,1.0,99.8,0.3716,97.34,59.78,4.0,0.292,1.5,3.0,68.3,63.3,8.2,27.1,51.1,70.0,1238.0,0,2.0,0.2,8.17
EV212226,2023.0,28013.0,79.0,99.23,0.4055,94.02,81.72,1.0,0.268,20.4,25.2,83.8,44.0,23.66,16.7,62.9,51.6,1428.0,0,3.0,,2.96
EV115983,2021.0,19609.0,140.0,91.62,0.4208,94.52,50.19,1.0,0.425,7.7,16.8,88.6,56.8,12.66,33.3,48.4,48.9,995.0,0,3.0,8.38,4.8
EV150378,2017.0,55772.0,287.0,84.59,0.4545,94.16,45.0,1.0,0.322,10.8,21.0,60.0,53.8,18.98,39.0,69.1,52.1,997.0,0,2.0,15.41,8.76
EV113290,2019.0,8530.0,33.0,99.8,0.3274,94.92,53.55,1.0,0.142,1.2,3.8,78.0,39.7,8.69,36.1,67.8,87.6,1430.0,0,0.0,0.2,6.9
EV175142,2017.0,78549.0,281.0,80.62,0.5786,93.39,64.02,3.0,0.26,21.9,57.6,62.2,51.3,25.5,13.6,56.7,44.3,1007.0,0,4.0,19.38,8.71
EV102339,2020.0,500.0,18.0,99.8,0.3716,97.84,86.51,1.0,0.3,1.4,3.0,79.0,55.0,18.33,43.3,61.8,59.7,1464.0,0,1.0,0.2,6.04
EV175279,2022.0,5167.0,13.0,99.8,0.3124,98.77,65.42,1.0,0.273,1.1,3.0,91.7,60.2,0.34,17.8,53.5,98.7,1030.0,0,0.0,,3.96
EV268713,2020.0,29315.0,46.0,91.2,0.4838,94.98,87.61,2.0,0.168,7.8,22.2,73.8,46.7,18.12,33.9,64.4,59.5,670.0,0,,8.8,5.06
EV156885,2019.0,174592.0,354.0,79.0,0.5293,95.56,72.3,8.0,0.268,47.0,83.9,69.6,51.1,27.35,36.8,64.4,69.0,844.0,0,6.0,21.0,6.97
EV136175,2023.0,64431.0,218.0,91.11,0.5156,96.63,59.78,10.0,0.326,44.0,81.6,94.1,64.1,18.03,68.0,44.3,27.4,1170.0,0,2.0,8.89,2.69
EV104061,2024.0,78549.0,148.0,88.48,0.4944,95.44,64.02,7.0,0.405,40.6,66.9,86.3,56.5,18.04,52.7,56.7,56.6,1186.0,0,0.0,11.52,1.88
EV298238,2019.0,206678.0,214.0,60.96,0.6854,91.93,64.02,18.0,0.737,73.2,98.9,72.4,70.2,28.37,72.6,42.5,0.0,411.0,1,4.0,39.04,6.83
EV165056,2019.0,125438.0,377.0,74.02,0.5542,94.26,46.58,5.0,0.445,16.4,57.5,70.9,80.7,17.43,22.1,40.7,19.9,581.0,0,,25.98,6.69
EV294804,2016.0,118513.0,397.0,54.1,0.94,90.63,32.18,4.0,0.647,11.7,39.2,72.8,75.4,35.44,91.8,42.2,52.1,226.0,1,3.0,45.9,9.88
EV205202,2017.0,70481.0,214.0,83.29,0.5185,96.66,54.35,3.0,0.262,18.5,30.0,60.4,63.6,25.2,41.4,56.9,72.0,1031.0,0,0.0,16.71,8.86
EV280365,2022.0,2647.0,87.0,89.41,0.522,93.95,52.28,2.0,0.429,5.6,7.3,81.0,47.5,17.46,54.3,63.4,52.1,1257.0,0,0.0,10.59,3.94
EV110339,2016.0,66879.0,121.0,89.03,0.4751,95.4,85.25,1.0,0.332,7.3,19.1,42.5,53.8,18.33,26.6,56.9,67.1,1224.0,0,1.0,10.97,10.01
EV250876,2020.0,181785.0,347.0,87.64,0.5088,94.51,73.68,5.0,0.074,32.9,67.4,68.2,56.8,11.37,14.2,53.2,85.0,972.0,0,2.0,12.36,9.15
EV165518,2022.0,5574.0,39.0,99.8,0.3707,97.68,95.21,3.0,0.359,1.0,3.0,89.2,62.9,7.55,11.6,59.0,41.5,1173.0,0,0.0,0.2,4.08
EV230087,2020.0,137596.0,461.0,75.8,0.5944,93.79,45.54,10.0,0.317,23.3,80.7,81.8,59.3,21.06,10.9,52.7,41.4,786.0,0,1.0,24.2,5.96
EV251434,2024.0,40276.0,160.0,87.72,0.4286,94.83,61.77,5.0,0.121,42.2,73.6,98.3,71.0,21.18,19.7,49.7,44.6,932.0,0,4.0,12.28,
EV147616,2024.0,21896.0,44.0,99.8,0.367,98.42,61.92,1.0,0.122,6.2,12.3,87.3,46.4,12.68,4.0,65.7,52.1,1412.0,0,2.0,0.2,2.15
EV195329,2022.0,103607.0,356.0,81.12,0.5498,94.93,51.74,4.0,0.113,48.5,88.6,67.5,67.8,14.87,56.3,51.1,58.9,928.0,0,1.0,18.88,4.14
EV210465,2022.0,27676.0,97.0,99.8,0.3842,97.33,54.24,5.0,0.409,20.4,26.6,89.8,43.6,11.76,42.1,66.3,56.9,1389.0,0,1.0,0.2,4.02
EV150893,2015.0,277306.0,974.0,57.94,0.5063,89.28,30.88,12.0,0.547,37.9,84.8,55.7,70.2,18.33,40.8,56.7,0.5,336.0,1,4.0,42.06,11.13
EV266088,2021.0,11057.0,57.0,99.8,0.2908,96.14,50.68,1.0,0.324,1.3,4.5,69.2,55.5,13.87,28.7,54.3,54.1,1180.0,0,4.0,0.2,5.02
EV296990,2015.0,328367.0,1220.0,55.7,0.7149,90.35,30.47,16.0,0.267,35.7,100.6,63.9,62.0,26.44,50.1,55.9,12.0,1030.0,1,4.0,44.3,10.82
EV283178,2015.0,13417.0,75.0,96.96,0.4603,97.29,70.38,1.0,0.24,20.4,3.0,55.8,51.4,24.61,16.8,65.6,71.3,1425.0,0,3.0,3.04,11.08
EV252738,2022.0,16940.0,79.0,85.98,0.5653,93.59,47.46,4.0,0.306,13.4,19.0,76.8,51.7,19.23,32.5,51.8,70.0,639.0,0,2.0,14.02,4.03
EV115271,2024.0,26145.0,89.0,90.93,0.5255,94.73,64.02,5.0,0.61,16.3,39.2,97.8,45.7,14.75,36.7,60.2,0.0,1030.0,0,3.0,9.07,2.03
EV130842,2019.0,159293.0,443.0,66.86,0.7708,91.85,48.79,7.0,0.649,43.6,81.3,65.9,69.7,26.51,81.4,52.3,4.3,704.0,1,4.0,33.14,6.9
EV243241,2022.0,78549.0,161.0,97.63,0.3935,94.59,70.44,6.0,0.05,40.6,65.9,87.2,54.7,5.7,20.5,58.2,78.6,1347.0,0,3.0,2.37,3.78
EV259360,2022.0,64555.0,240.0,85.4,0.4592,93.57,53.77,2.0,0.444,23.2,47.1,70.4,58.1,26.19,31.0,57.8,55.9,1075.0,0,2.0,14.6,3.86
EV180819,2022.0,28693.0,187.0,88.16,0.5852,95.47,39.44,1.0,0.143,10.4,20.1,95.3,54.3,18.33,42.0,61.9,84.3,1098.0,0,,11.84,4.23
EV202027,2024.0,38058.0,36.0,98.64,0.2877,98.29,75.12,4.0,0.352,37.7,83.1,88.2,67.3,10.16,64.0,48.8,28.3,1122.0,0,1.0,1.36,2.21
EV214686,2015.0,178107.0,514.0,73.27,0.5709,93.87,48.77,2.0,0.319,22.4,53.4,64.6,60.5,19.71,38.7,52.0,45.5,706.0,0,2.0,26.73,10.68
EV243599,2020.0,57297.0,259.0,83.02,0.5019,93.43,59.8,2.0,0.606,17.3,34.6,71.6,46.0,19.92,48.6,64.1,31.9,1033.0,0,1.0,16.98,6.04
EV125229,2018.0,242474.0,542.0,57.01,0.8014,88.5,48.55,11.0,0.418,28.8,47.1,63.3,93.5,27.08,87.5,29.8,6.9,379.0,1,3.0,42.99,7.96
EV179202,2017.0,109051.0,441.0,87.61,0.5516,93.65,38.44,5.0,0.445,13.4,42.1,68.1,65.1,21.3,24.7,58.3,36.6,760.0,0,3.0,22.51,9.05
EV277766,2018.0,155714.0,529.0,72.59,0.6918,95.24,41.19,8.0,0.289,21.5,58.0,66.8,56.3,28.64,40.3,54.1,69.3,780.0,0,,27.41,8.33
EV168404,2018.0,194722.0,546.0,67.85,0.6573,92.46,51.56,3.0,0.237,65.8,81.9,68.5,66.5,20.24,43.1,44.8,24.2,615.0,1,,32.15,7.9
EV109887,2020.0,78549.0,122.0,96.41,0.4313,99.5,76.19,1.0,0.197,6.4,22.3,76.0,50.1,22.99,5.3,63.9,89.0,1301.0,0,2.0,3.59,5.82
EV233227,2022.0,77304.0,119.0,89.34,0.4,95.4,77.36,4.0,0.261,32.0,55.7,92.0,58.0,16.25,0.0,54.0,52.3,990.0,0,2.0,10.66,3.86
EV299929,2022.0,56086.0,214.0,88.68,0.4357,93.94,49.11,8.0,0.093,20.4,33.7,94.7,45.3,14.33,51.3,68.3,82.6,1137.0,0,2.0,11.32,4.07
EV114334,2020.0,134467.0,287.0,77.01,0.5353,94.56,83.87,3.0,0.734,27.1,73.9,69.3,68.8,23.12,37.3,47.8,52.1,702.0,0,7.0,22.99,6.01
EV188041,2017.0,57544.0,190.0,89.89,0.4936,96.9,63.12,1.0,0.457,9.0,25.0,71.5,48.7,14.75,19.8,67.6,67.5,1157.0,0,2.0,10.11,8.82
EV212259,2022.0,1331.0,3.0,96.73,0.3582,96.93,69.79,1.0,0.239,2.0,3.0,75.3,49.9,17.11,55.2,63.3,89.7,1433.0,0,2.0,3.27,4.11
EV267369,2023.0,34183.0,129.0,87.0,0.5598,94.91,40.88,6.0,0.296,20.4,42.0,90.3,42.8,8.39,2.7,78.4,45.5,572.0,0,0.0,13.0,3.07
EV199479,2024.0,23755.0,32.0,99.47,0.3736,98.82,91.68,1.0,0.295,30.1,37.6,92.9,56.6,18.33,1.4,53.2,77.9,1157.0,0,3.0,0.53,1.92
EV235240,2024.0,34973.0,214.0,96.21,0.4543,97.07,40.26,6.0,0.319,20.4,53.8,99.0,46.0,15.24,36.2,70.9,11.1,1382.0,0,0.0,3.79,2.04
EV272732,2015.0,329897.0,1028.0,56.98,0.7592,90.87,36.02,11.0,0.589,60.0,103.8,51.0,63.3,27.9,59.8,47.1,52.1,285.0,1,1.0,43.02,11.01
EV243027,2021.0,84303.0,331.0,87.61,0.6328,93.97,43.38,6.0,0.319,15.5,51.4,84.1,59.9,20.84,55.0,53.6,42.2,894.0,0,2.0,23.75,5.18
EV196666,2023.0,78549.0,73.0,97.39,0.3303,97.6,84.96,1.0,0.089,3.7,11.0,94.8,51.4,19.14,45.1,54.7,91.7,1147.0,0,1.0,2.61,2.97
EV164590,2017.0,104916.0,277.0,89.92,0.4851,94.75,62.42,2.0,0.205,17.1,42.3,64.5,58.8,17.36,9.9,49.3,84.6,1088.0,0,3.0,10.08,8.91
EV129020,2020.0,16173.0,98.0,99.23,0.3891,96.23,85.77,4.0,0.147,20.4,12.1,80.8,54.9,16.57,23.7,60.1,100.0,1394.0,0,1.0,0.77,5.98
EV227764,2018.0,47325.0,87.0,99.8,0.324,97.22,93.58,1.0,0.136,11.2,21.6,69.4,64.4,9.35,5.9,53.7,72.1,1124.0,0,3.0,0.2,8.08
EV271545,2020.0,19261.0,37.0,99.8,0.3484,94.67,101.08,1.0,0.357,4.5,12.9,68.4,54.6,8.93,2.2,58.5,57.5,1180.0,0,1.0,0.2,5.99
EV205961,2017.0,30529.0,104.0,95.93,0.4027,95.94,86.66,1.0,0.641,5.1,12.3,50.9,51.9,13.17,70.7,65.5,29.6,1352.0,0,1.0,4.07,8.98
EV125655,2024.0,7604.0,1.0,99.8,0.476,96.85,117.43,4.0,0.048,5.4,12.0,90.7,46.4,7.12,0.6,70.4,94.0,791.0,0,1.0,0.2,1.92
EV178080,2017.0,94810.0,294.0,78.0,0.5081,94.59,58.81,2.0,0.237,16.3,31.9,71.4,67.8,29.12,0.0,55.5,46.4,735.0,0,5.0,22.0,8.99
EV205480,2020.0,31272.0,116.0,93.08,0.4002,97.53,88.95,1.0,0.334,20.4,25.4,78.6,63.8,11.73,43.0,49.2,75.3,1031.0,0,1.0,,6.07
EV186933,2021.0,172835.0,625.0,53.56,0.947,94.98,31.75,13.0,0.847,36.3,104.1,70.6,83.0,31.58,100.0,44.9,0.0,478.0,1,2.0,,5.21
EV269874,2020.0,289724.0,1443.0,40.42,0.7557,87.36,17.0,25.0,0.489,38.9,122.4,77.1,85.2,38.4,22.1,26.2,0.0,0.0,1,6.0,59.58,8.01
EV191754,2024.0,500.0,1.0,99.8,0.3574,96.5,82.3,1.0,0.468,1.6,3.0,72.8,59.7,3.89,53.9,47.2,68.2,1209.0,0,0.0,0.2,2.12
EV112976,2015.0,21475.0,32.0,99.8,0.422,96.11,73.03,1.0,0.141,2.2,3.0,54.7,43.4,9.87,24.2,69.0,58.6,1500.0,0,3.0,0.2,11.13
EV280217,2024.0,11833.0,8.0,99.8,0.4146,99.5,90.52,1.0,0.319,9.5,28.6,92.4,45.2,4.63,32.0,62.0,54.5,1030.0,0,0.0,0.2,1.78
EV144970,2016.0,180069.0,735.0,60.23,0.7172,91.4,30.13,9.0,0.512,35.9,56.3,55.4,56.8,39.13,40.3,52.8,12.3,422.0,1,3.0,39.77,10.08
EV268497,2018.0,91248.0,286.0,82.73,0.533,94.98,38.62,2.0,0.492,12.5,41.4,63.8,56.7,17.03,48.4,55.2,36.8,1001.0,0,3.0,17.27,8.04
EV117862,2016.0,98293.0,291.0,81.21,0.4874,95.5,55.02,4.0,0.204,20.4,32.8,58.0,71.4,27.27,0.0,45.7,59.1,700.0,0,3.0,18.79,
EV234528,2020.0,10520.0,1.0,99.8,0.3483,96.05,87.26,1.0,0.26,1.6,3.0,66.9,56.8,21.28,23.9,69.4,75.0,1492.0,0,,,5.95
EV152191,2016.0,327352.0,1139.0,54.12,0.7834,90.62,30.86,13.0,0.498,33.1,109.6,61.5,65.1,34.14,41.1,54.5,9.5,267.0,1,3.0,45.88,9.93
EV189167,2024.0,21432.0,60.0,99.8,0.421,96.54,69.17,1.0,0.31,14.9,21.8,90.6,50.1,5.52,18.3,65.4,72.8,1399.0,0,3.0,0.2,1.79
EV137388,2017.0,143213.0,528.0,65.06,0.5507,92.11,36.85,10.0,0.78,16.0,52.7,69.4,71.9,34.39,74.5,39.0,18.1,442.0,1,2.0,34.94,
EV186680,2015.0,297709.0,684.0,87.61,0.6626,93.31,47.51,11.0,0.749,25.9,47.1,58.6,78.1,34.43,46.8,32.8,19.6,340.0,1,4.0,41.39,11.24
EV190284,2020.0,22680.0,34.0,99.59,0.4374,97.76,83.48,1.0,0.167,6.2,11.9,42.8,52.8,23.5,9.0,70.8,58.5,1537.0,0,0.0,0.41,10.3
EV199545,2022.0,59038.0,214.0,79.99,0.5023,94.23,40.32,4.0,0.224,24.8,41.1,71.7,71.2,27.31,38.3,48.0,27.4,760.0,0,4.0,20.01,4.04
EV150791,2023.0,71031.0,118.0,92.72,0.4735,95.29,85.98,5.0,0.368,20.4,85.4,75.2,60.7,15.93,41.8,57.2,15.3,1271.0,0,4.0,7.28,2.87
EV109494,2019.0,141022.0,273.0,86.48,0.4351,95.52,85.05,4.0,0.047,20.9,65.5,66.8,72.0,18.09,5.5,48.2,92.1,797.0,0,2.0,13.52,7.01
EV264053,2019.0,170689.0,279.0,89.17,0.4663,94.31,112.01,4.0,0.227,40.3,70.3,68.0,49.6,11.85,17.2,65.9,56.4,1097.0,0,1.0,10.83,7.14
EV172113,2020.0,179633.0,310.0,66.32,0.7104,94.58,77.21,9.0,0.423,41.9,97.8,61.8,52.6,28.84,14.6,65.1,49.3,342.0,0,5.0,33.68,5.71
EV158509,2016.0,78549.0,600.0,67.2,0.5783,90.93,29.71,8.0,0.299,14.3,45.4,72.8,82.1,33.01,65.9,41.8,28.5,374.0,1,,32.8,9.94
EV156934,2020.0,39013.0,140.0,87.61,0.4382,94.37,63.34,7.0,0.591,12.0,47.1,95.8,47.5,9.64,40.6,63.5,50.0,1226.0,0,2.0,8.7,3.02
EV167713,2021.0,88487.0,170.0,91.51,0.4319,95.99,82.23,2.0,0.283,35.8,57.1,85.9,45.6,8.3,25.8,64.8,64.6,1197.0,0,0.0,8.49,5.3
EV132796,2021.0,78549.0,97.0,97.16,0.3799,96.56,71.16,3.0,0.255,20.2,47.4,80.9,49.1,13.77,32.7,68.6,82.7,1374.0,0,2.0,2.84,5.02
EV242534,2015.0,4083.0,30.0,99.34,0.4158,97.58,82.22,1.0,0.467,1.7,3.0,41.0,58.9,15.67,35.6,61.4,57.3,1485.0,0,4.0,0.66,11.21
EV170151,2020.0,291918.0,907.0,53.3,0.6942,89.19,35.3,15.0,0.643,66.1,164.2,85.1,82.3,34.92,72.3,38.7,0.0,163.0,1,,46.7,6.07
EV282302,2022.0,118469.0,248.0,84.86,0.4965,93.25,82.03,8.0,0.681,52.0,82.0,75.8,59.5,8.15,37.1,54.9,19.0,1065.0,0,3.0,15.14,4.14
EV144632,2021.0,94335.0,153.0,86.01,0.4786,99.01,106.27,5.0,0.424,32.5,67.7,70.4,58.6,26.6,55.7,58.5,76.5,1132.0,0,2.0,13.99,4.97
EV287294,2020.0,40844.0,64.0,96.61,0.3845,98.86,59.29,1.0,0.319,5.9,20.7,61.1,47.4,24.85,13.9,65.0,65.3,1345.0,0,2.0,3.39,5.85
EV292762,2017.0,43276.0,216.0,87.61,0.435,94.43,36.04,2.0,0.319,9.3,16.6,56.5,48.0,19.15,38.7,69.0,64.8,1164.0,0,,11.98,9.02
EV258815,2015.0,301736.0,857.0,61.21,0.6516,94.98,41.94,12.0,0.329,33.1,88.4,45.8,72.6,40.02,26.0,48.2,14.5,203.0,1,6.0,,10.99
EV226702,2019.0,222912.0,587.0,67.5,0.685,92.64,53.34,11.0,0.523,31.6,99.1,78.0,69.0,20.55,43.0,46.3,11.8,599.0,0,2.0,32.5,7.23
EV294851,2018.0,500.0,38.0,93.7,0.4558,94.98,64.15,1.0,0.567,1.1,3.0,71.8,48.7,11.42,33.2,62.7,55.0,1385.0,0,1.0,6.3,7.84
EV196868,2018.0,28253.0,86.0,99.8,0.407,96.89,73.71,2.0,0.034,3.0,10.2,69.1,60.0,18.33,0.0,58.6,68.0,1413.0,0,3.0,0.2,7.98
EV224848,2022.0,65301.0,42.0,97.56,0.4281,95.11,109.85,7.0,0.319,20.0,61.5,78.8,49.7,7.49,18.9,63.4,59.0,1412.0,0,2.0,2.44,3.99
EV182956,2020.0,26039.0,24.0,99.21,0.3984,97.19,64.2,1.0,0.416,17.3,23.2,96.3,48.5,13.33,44.7,66.2,78.7,1445.0,0,,0.79,2.97
EV222567,2020.0,167380.0,527.0,68.37,0.5581,93.01,43.55,11.0,0.431,23.7,65.1,68.5,80.5,23.52,23.8,39.3,31.0,467.0,0,3.0,31.63,8.77
EV287364,2020.0,29941.0,57.0,95.82,0.4349,93.45,60.54,4.0,0.413,9.0,16.0,74.5,43.7,12.66,26.0,67.3,50.4,1404.0,0,2.0,4.18,5.92
EV193575,2016.0,191250.0,452.0,71.87,0.5496,92.05,57.39,5.0,0.088,46.2,60.6,60.7,70.8,27.34,16.1,49.4,51.2,533.0,0,4.0,28.13,10.21
EV113942,2016.0,127405.0,488.0,78.58,0.569,95.17,38.07,4.0,0.261,20.4,46.4,58.9,53.5,25.43,8.6,55.4,53.3,790.0,0,1.0,21.42,10.08
EV275645,2022.0,110099.0,208.0,77.07,0.7068,90.04,64.51,10.0,0.389,33.1,108.0,64.7,72.1,27.57,91.2,44.0,27.3,1030.0,1,,22.93,4.14
EV178332,2018.0,199644.0,488.0,73.93,0.6454,94.37,51.96,9.0,0.694,39.6,78.5,58.1,57.5,28.34,84.7,52.7,28.8,751.0,1,6.0,26.07,8.08
EV103274,2018.0,147200.0,416.0,78.3,0.5936,93.65,70.86,6.0,0.369,30.0,60.6,65.1,60.7,17.7,21.8,55.1,51.8,846.0,0,1.0,21.7,8.03
EV188819,2023.0,23133.0,1.0,93.18,0.4381,95.03,105.88,1.0,0.539,8.9,24.5,76.4,51.7,15.07,34.9,61.0,52.1,1414.0,0,1.0,6.82,
EV119384,2017.0,304536.0,1225.0,73.22,0.9612,91.76,34.1,13.0,0.994,52.9,110.8,63.8,34.7,31.48,77.6,67.6,52.1,2027.0,1,1.0,26.78,9.18
EV185114,2020.0,20574.0,72.0,90.53,0.4586,96.27,52.62,1.0,0.724,2.9,7.6,68.5,51.4,18.33,33.0,56.5,52.1,1275.0,0,2.0,9.47,3.79
EV231829,2017.0,14192.0,19.0,98.49,0.3475,97.69,64.02,1.0,0.319,1.5,4.8,60.3,67.4,17.45,36.5,55.0,82.0,1146.0,0,1.0,1.51,8.68
EV259282,2022.0,23505.0,114.0,92.55,0.4949,97.21,41.71,2.0,0.159,11.1,21.5,80.3,58.1,18.53,15.6,53.3,81.3,1264.0,0,5.0,7.45,3.64
EV185137,2022.0,96916.0,287.0,84.94,0.5048,94.22,77.52,6.0,0.319,18.0,62.1,81.4,58.1,12.9,0.0,52.8,61.7,1032.0,0,2.0,15.06,4.13
EV296970,2015.0,78549.0,563.0,55.38,0.8187,90.28,21.17,6.0,0.349,15.6,34.5,59.8,60.8,49.48,27.2,57.7,40.8,140.0,1,4.0,44.62,11.1
EV141606,2018.0,170623.0,383.0,80.19,0.5872,94.45,66.7,8.0,0.049,22.1,73.7,54.2,68.4,22.4,21.7,45.4,81.0,910.0,0,1.0,19.81,8.01
EV179712,2022.0,500.0,214.0,98.77,0.3161,97.38,66.32,2.0,0.104,1.3,4.4,92.0,54.0,9.7,17.6,58.8,73.3,1141.0,0,5.0,1.23,3.96
EV229654,2016.0,137596.0,395.0,82.35,0.5421,91.9,50.47,5.0,0.208,20.2,41.9,66.4,62.9,19.78,27.2,43.9,47.2,928.0,0,4.0,17.65,10.12
EV146739,2018.0,226814.0,535.0,75.98,0.5658,92.69,68.95,7.0,0.152,37.9,95.6,67.2,63.9,29.43,3.7,48.2,71.2,685.0,0,4.0,24.02,7.77
EV225167,2020.0,89845.0,182.0,81.53,0.577,97.28,70.56,7.0,0.319,21.3,59.5,75.8,45.8,17.23,36.9,70.8,52.2,496.0,0,,18.47,6.01
EV261684,2019.0,85123.0,222.0,91.14,0.4459,95.34,54.29,4.0,0.403,19.5,45.9,71.1,47.3,13.85,29.3,68.0,46.0,1148.0,0,4.0,8.86,6.86
EV153641,2016.0,153457.0,324.0,81.63,0.4816,95.09,88.43,4.0,0.278,18.2,54.7,61.6,56.6,17.54,0.0,51.9,56.3,951.0,0,5.0,18.37,9.92
EV241860,2015.0,891.0,1.0,99.8,0.3277,94.78,29.91,3.0,0.394,2.3,3.4,71.1,61.9,9.82,63.5,50.0,57.4,1239.0,0,1.0,0.2,11.01
EV253016,2024.0,44169.0,85.0,87.61,0.4882,96.26,52.23,5.0,0.112,14.5,46.7,83.0,53.7,11.68,26.2,61.4,95.2,1366.0,0,2.0,4.56,2.07
EV136360,2018.0,104905.0,329.0,82.41,0.5606,95.6,45.07,7.0,0.387,20.4,44.3,65.6,55.9,12.47,22.8,53.6,23.7,985.0,0,2.0,17.59,8.09
EV261672,2022.0,68315.0,161.0,93.61,0.4304,95.42,83.06,3.0,0.224,28.0,55.4,86.0,44.0,12.78,12.0,64.0,79.8,1227.0,0,1.0,6.39,3.97
EV136305,2024.0,15099.0,1.0,99.8,0.3902,97.56,116.9,2.0,0.308,12.9,38.5,95.9,50.1,11.03,48.5,61.1,80.4,1592.0,0,0.0,0.2,2.05
EV156603,2020.0,137648.0,572.0,87.61,0.6503,92.05,30.26,8.0,0.485,11.4,39.5,52.2,61.1,27.09,46.2,56.9,31.7,626.0,0,3.0,30.62,10.99
EV206275,2018.0,143341.0,334.0,78.13,0.4831,93.43,61.09,4.0,0.174,20.9,57.5,80.1,69.0,20.67,32.1,55.8,74.1,708.0,0,4.0,21.87,8.05
EV275429,2015.0,114650.0,339.0,68.31,0.7422,91.27,48.1,2.0,0.174,10.3,32.0,53.3,57.1,28.85,33.2,63.8,44.6,327.0,0,3.0,31.69,11.02
EV104805,2015.0,45026.0,178.0,93.64,0.4569,95.98,81.22,5.0,0.269,6.4,19.1,67.8,50.0,6.62,9.5,58.3,83.8,1252.0,0,1.0,6.36,10.86
EV277532,2022.0,4534.0,4.0,98.99,0.37,99.5,97.72,1.0,0.51,8.5,15.1,82.2,47.4,0.0,18.1,68.0,8.2,1485.0,0,2.0,1.01,3.72
EV124836,2022.0,51697.0,195.0,89.89,0.4807,96.47,74.14,7.0,0.254,35.7,47.2,83.0,52.6,19.73,42.0,54.8,65.4,1174.0,0,2.0,10.11,4.07
EV182116,2023.0,70569.0,180.0,82.18,0.4491,95.53,56.8,11.0,0.446,32.5,80.4,82.8,70.8,23.58,45.5,50.3,47.8,815.0,0,5.0,17.82,2.89
EV104791,2019.0,125094.0,380.0,83.04,0.4775,95.99,48.5,6.0,0.441,37.0,51.7,71.4,49.7,18.73,60.5,58.5,47.1,966.0,0,0.0,16.96,7.08
EV192101,2023.0,53691.0,142.0,90.22,0.4549,95.98,71.62,5.0,0.521,28.5,63.5,96.6,60.3,13.46,68.6,55.2,32.2,1245.0,0,3.0,9.78,3.22
EV155795,2021.0,13865.0,1.0,99.8,0.4311,94.98,105.34,2.0,0.319,7.0,12.8,72.8,33.6,13.39,20.0,75.6,81.8,1494.0,0,4.0,0.2,5.06
EV272322,2015.0,186830.0,541.0,71.01,0.5357,93.97,49.85,9.0,0.33,21.3,59.5,47.8,70.7,25.64,10.3,48.5,66.1,503.0,0,1.0,28.99,11.21
EV139135,2021.0,74431.0,154.0,88.13,0.5477,95.43,100.68,3.0,0.461,20.4,48.1,69.8,59.7,15.26,58.2,41.6,38.9,1210.0,0,3.0,11.87,5.04
EV113682,2021.0,32554.0,75.0,83.3,0.5467,90.97,76.82,4.0,0.482,6.0,18.3,58.6,87.2,23.02,61.6,38.0,52.1,920.0,1,1.0,16.7,5.46
EV175460,2015.0,263599.0,1117.0,49.01,0.6943,90.73,23.25,9.0,0.38,23.9,80.9,72.8,98.3,42.66,29.8,56.9,36.2,57.0,1,8.0,50.99,10.84
EV126731,2021.0,78549.0,353.0,85.05,0.5212,95.75,61.32,9.0,0.332,51.4,73.3,74.3,55.6,10.92,14.8,60.5,60.9,1016.0,0,1.0,14.95,4.99
EV233870,2016.0,98680.0,239.0,75.76,0.6523,95.29,62.27,3.0,0.176,18.4,33.8,69.8,52.9,10.24,28.4,71.4,68.6,414.0,0,4.0,24.24,9.98
EV254537,2022.0,72251.0,41.0,94.98,0.3918,96.94,96.75,5.0,0.238,32.7,63.4,89.3,55.0,24.31,17.7,59.7,73.3,1114.0,0,3.0,5.02,3.76
EV233757,2023.0,52717.0,172.0,88.23,0.4571,96.59,48.53,5.0,0.043,27.1,50.1,88.2,56.8,12.98,15.9,49.0,78.2,895.0,0,4.0,11.77,2.76
EV178972,2023.0,38348.0,27.0,99.64,0.375,95.95,117.86,4.0,0.291,18.8,48.5,85.8,41.6,10.49,0.0,64.5,61.4,1468.0,0,1.0,0.36,2.94
EV287771,2018.0,78549.0,600.0,57.7,0.9117,86.32,32.46,11.0,0.319,35.2,83.4,46.7,82.4,41.13,95.6,36.0,12.2,592.0,1,1.0,42.3,7.86
EV214701,2023.0,39213.0,160.0,91.32,0.4362,94.63,56.71,8.0,0.304,15.3,39.2,79.6,38.6,12.07,19.9,64.9,57.4,1243.0,0,3.0,8.68,
EV217472,2020.0,197946.0,490.0,71.33,0.5475,94.02,66.36,7.0,0.026,48.2,61.6,53.2,76.3,32.28,0.8,45.0,90.6,540.0,0,2.0,28.67,10.18
EV250103,2017.0,44448.0,43.0,99.8,0.3522,97.6,87.79,4.0,0.151,4.8,14.9,71.7,41.2,5.08,18.4,66.7,91.7,1442.0,0,2.0,0.2,8.92
EV140226,2023.0,37207.0,149.0,93.59,0.4291,97.52,57.38,4.0,0.206,32.7,45.5,77.9,48.9,18.33,46.2,63.1,81.8,1304.0,0,2.0,6.41,3.11
EV117015,2015.0,148332.0,424.0,71.2,0.5348,94.31,48.27,7.0,0.263,18.0,45.1,50.8,80.7,26.59,33.9,40.3,40.4,554.0,0,5.0,28.8,11.25
EV100615,2016.0,21104.0,1.0,87.61,0.3621,96.28,89.51,1.0,0.047,1.0,3.0,66.3,54.1,12.69,25.1,56.9,96.1,1533.0,0,1.0,0.2,10.1
EV276700,2021.0,8016.0,4.0,99.8,0.3956,96.83,105.41,2.0,0.144,6.4,10.3,85.4,33.4,9.91,14.8,75.4,89.2,1474.0,0,0.0,0.2,4.92
EV192291,2016.0,74113.0,349.0,69.59,0.5052,93.74,41.33,1.0,0.63,10.3,29.0,51.7,67.4,31.64,42.5,49.2,10.8,615.0,1,2.0,,10.01
EV242660,2015.0,38762.0,29.0,96.57,0.3495,98.23,87.91,1.0,0.387,20.4,10.3,57.0,62.0,23.62,30.7,52.7,62.4,1095.0,0,2.0,3.43,11.05
EV215330,2024.0,27818.0,61.0,96.51,0.4501,95.91,81.75,1.0,0.183,9.8,22.8,88.3,51.7,13.78,8.5,62.8,70.4,1382.0,0,0.0,3.49,1.92
EV259718,2024.0,46032.0,93.0,91.31,0.4143,96.05,66.81,10.0,0.335,30.8,75.4,100.0,51.2,11.84,20.2,60.9,50.4,1379.0,0,4.0,8.69,1.67
EV268676,2024.0,29287.0,58.0,98.04,0.407,97.88,74.98,4.0,0.239,18.6,50.1,91.4,48.7,17.48,32.5,66.0,45.5,1389.0,0,4.0,1.96,1.82
EV266973,2015.0,174645.0,566.0,73.93,0.6462,93.89,47.09,4.0,0.372,25.3,47.1,48.6,54.0,27.12,33.3,51.5,42.5,677.0,0,0.0,26.07,11.18
EV227521,2020.0,90287.0,218.0,90.56,0.4585,95.06,68.7,4.0,0.224,34.8,47.1,71.6,47.5,13.78,47.9,64.4,62.2,1195.0,0,1.0,9.44,6.17
EV175149,2018.0,159715.0,460.0,75.47,0.5984,92.84,50.09,5.0,0.333,34.7,67.9,75.3,52.3,16.07,56.9,62.3,52.4,791.0,0,1.0,24.53,7.78
EV113624,2020.0,9262.0,1.0,99.8,0.3968,98.53,66.64,3.0,0.319,1.1,3.0,66.1,56.4,3.99,61.3,59.7,77.9,1429.0,0,2.0,0.2,6.12
EV221360,2016.0,10506.0,1.0,99.8,0.3863,97.78,101.74,1.0,0.021,1.2,3.0,64.7,46.6,1.74,41.6,72.2,99.2,1516.0,0,1.0,0.2,10.28
EV260584,2016.0,196856.0,912.0,38.68,0.5063,89.82,16.39,8.0,0.261,23.1,68.5,60.5,72.2,38.58,33.2,44.7,8.9,0.0,1,3.0,61.32,10.05
EV136178,2020.0,49836.0,144.0,92.0,0.4845,97.31,55.78,5.0,0.027,21.3,47.1,77.3,50.1,11.63,8.4,61.8,89.8,1201.0,0,3.0,8.0,6.13
EV261907,2023.0,500.0,112.0,92.88,0.4794,96.08,64.02,1.0,0.173,20.4,5.9,80.8,59.8,13.25,33.2,51.7,74.2,1289.0,0,4.0,7.12,2.95
EV135336,2021.0,83981.0,380.0,59.35,0.9615,87.92,26.94,10.0,0.431,20.4,51.1,79.4,64.6,29.55,53.7,54.8,18.1,256.0,1,3.0,40.65,4.93
EV200684,2024.0,24686.0,101.0,94.96,0.5063,96.52,96.54,3.0,0.054,8.4,18.3,87.3,51.3,18.33,19.4,61.1,80.0,1343.0,0,1.0,5.04,2.17
EV285185,2020.0,60035.0,90.0,99.8,0.3424,95.83,122.89,4.0,0.131,14.0,37.5,61.4,53.2,16.84,48.2,62.9,53.0,1423.0,0,3.0,,5.08
EV175968,2022.0,41370.0,155.0,91.08,0.3752,96.33,46.69,5.0,0.172,29.4,41.4,84.6,56.8,15.9,0.0,54.8,49.8,904.0,0,2.0,8.92,3.97
EV150898,2021.0,114687.0,323.0,79.89,0.4817,93.91,54.01,4.0,0.391,26.1,77.1,79.7,73.7,19.11,44.1,41.9,63.2,706.0,0,1.0,20.11,4.88
EV289487,2021.0,59003.0,168.0,86.7,0.3872,94.98,59.24,5.0,0.344,10.7,34.3,84.5,63.8,19.36,8.2,48.7,26.6,828.0,0,1.0,13.3,4.99
EV227758,2015.0,188039.0,502.0,78.71,0.5341,95.94,68.06,2.0,0.204,23.7,56.0,57.8,55.5,26.19,14.8,61.4,91.7,799.0,0,5.0,21.29,11.17
EV121524,2022.0,56569.0,228.0,87.96,0.4904,95.89,57.99,10.0,0.273,36.5,53.5,81.9,54.0,22.99,0.0,65.0,65.0,1137.0,0,1.0,,3.72
EV215090,2022.0,160014.0,765.0,56.87,0.6773,89.38,23.74,21.0,0.556,48.3,138.3,83.0,78.4,25.15,61.3,52.2,24.2,253.0,1,3.0,43.13,4.05
EV172201,2016.0,306343.0,724.0,63.61,0.6576,94.98,55.75,9.0,0.321,45.2,101.1,55.6,64.0,35.71,35.1,46.3,13.0,513.0,1,2.0,36.39,9.9
EV165588,2020.0,34790.0,102.0,87.61,0.3549,94.47,82.36,1.0,0.136,6.4,15.9,77.4,59.0,8.04,10.6,56.8,91.5,1030.0,0,3.0,6.3,6.23
EV189652,2024.0,33456.0,67.0,99.8,0.3238,97.28,64.02,4.0,0.152,20.2,57.6,77.2,66.7,18.0,0.8,53.5,62.5,1155.0,0,3.0,0.2,2.01
EV101957,2022.0,90656.0,225.0,91.74,0.4271,94.58,75.74,5.0,0.102,24.7,70.1,85.1,68.1,18.08,9.1,51.2,96.9,904.0,0,2.0,8.26,4.09
EV180919,2019.0,115852.0,214.0,87.61,0.5613,93.59,56.51,4.0,0.218,16.2,49.4,84.6,56.4,32.1,19.8,57.8,50.5,923.0,0,2.0,17.73,7.17
EV190958,2019.0,134691.0,319.0,69.23,0.6966,90.7,64.02,6.0,0.495,27.0,67.3,61.4,90.9,24.12,100.0,38.1,6.8,645.0,1,4.0,30.77,7.11
EV112280,2020.0,13177.0,61.0,95.68,0.3687,99.5,61.93,3.0,0.315,20.4,23.2,96.1,64.4,11.73,24.5,53.0,86.8,1144.0,0,0.0,4.32,2.98
EV198351,2020.0,129088.0,439.0,76.03,0.5624,93.11,38.58,4.0,0.242,23.4,72.3,75.6,55.9,23.33,33.2,56.5,39.1,835.0,0,4.0,23.97,6.17
EV280956,2020.0,52604.0,210.0,88.22,0.4944,93.37,43.13,2.0,0.417,8.6,21.8,69.4,62.9,24.79,42.7,48.3,26.7,1153.0,0,1.0,11.78,5.05
EV258866,2020.0,120711.0,189.0,75.38,0.6596,92.55,99.5,5.0,0.365,39.5,65.2,77.2,56.6,28.15,31.1,67.4,63.7,450.0,0,1.0,24.62,6.08
EV292990,2020.0,54560.0,234.0,84.93,0.5679,94.16,33.39,2.0,0.183,14.1,35.0,77.9,49.3,13.69,51.7,68.1,69.8,1100.0,0,1.0,15.07,5.96
EV145048,2018.0,13734.0,125.0,82.68,0.6544,87.74,59.63,1.0,0.229,1.0,3.0,61.5,73.3,21.78,56.5,43.9,14.3,1129.0,1,,17.32,8.16
EV161396,2020.0,79594.0,444.0,81.3,0.5789,92.83,36.28,8.0,0.09,18.5,55.1,82.9,60.3,18.33,5.6,51.0,64.8,848.0,0,5.0,18.7,5.97
EV192880,2017.0,388809.0,905.0,64.37,0.6388,92.36,55.58,10.0,0.352,75.7,140.5,72.8,66.4,37.87,20.4,52.3,50.8,394.0,1,6.0,35.63,9.25
EV250940,2015.0,400041.0,1532.0,48.82,0.7741,91.48,25.55,12.0,0.35,43.3,121.7,49.1,69.9,39.92,43.6,46.9,2.5,0.0,1,3.0,51.18,11.01
EV100338,2018.0,153057.0,482.0,76.45,0.5871,94.79,45.99,9.0,0.659,21.3,63.0,76.2,65.3,35.05,63.7,51.2,23.7,759.0,1,6.0,,8.0
EV112417,2020.0,33884.0,118.0,95.65,0.3949,96.24,63.74,2.0,0.398,4.0,13.8,67.3,41.1,11.24,27.1,60.1,64.1,1403.0,0,3.0,4.35,5.89
EV275451,2024.0,13318.0,85.0,87.61,0.5588,94.33,48.56,3.0,0.6,8.1,17.7,82.0,36.9,12.38,51.1,71.7,52.1,634.0,0,1.0,,1.97
EV191721,2024.0,36866.0,204.0,82.93,0.5063,92.42,30.08,17.0,0.776,29.0,60.4,90.3,73.4,12.28,94.5,45.1,0.0,1058.0,1,2.0,17.07,2.0
EV130848,2015.0,235447.0,648.0,68.77,0.6147,92.35,48.38,10.0,0.319,54.7,71.7,72.8,64.0,28.09,36.2,55.8,8.4,564.0,1,6.0,31.23,11.15
EV130715,2020.0,14963.0,58.0,99.8,0.3072,95.76,79.71,4.0,0.237,1.6,3.0,76.7,57.6,4.23,18.1,57.8,77.3,1132.0,0,2.0,0.2,
EV127539,2018.0,18030.0,38.0,87.61,0.5063,97.36,90.24,4.0,0.248,1.4,3.0,71.1,62.8,18.33,25.2,53.9,47.0,1176.0,0,1.0,0.2,7.91
EV188987,2016.0,99877.0,269.0,87.68,0.4649,95.84,64.02,4.0,0.468,13.7,36.5,57.2,44.7,20.22,59.2,70.6,44.8,1038.0,0,0.0,12.32,9.82
EV234364,2015.0,291898.0,734.0,56.78,0.853,92.08,43.54,9.0,0.319,51.6,88.3,45.4,85.2,38.09,95.8,36.5,23.6,427.0,1,5.0,,10.74
EV174385,2020.0,340702.0,1087.0,58.53,0.7295,94.98,37.49,11.0,0.585,46.3,103.8,64.1,63.4,27.86,63.1,54.2,0.0,277.0,1,2.0,41.47,11.14
EV225599,2020.0,62167.0,214.0,91.06,0.4836,93.11,68.93,4.0,0.319,14.1,37.4,78.3,53.8,16.5,26.1,55.1,47.4,1253.0,0,2.0,8.94,6.11
EV158438,2019.0,26985.0,94.0,96.7,0.4061,94.17,68.34,1.0,0.157,4.5,47.1,72.8,40.7,9.77,23.6,68.3,76.1,1315.0,0,0.0,3.3,7.13
EV111469,2020.0,102407.0,225.0,90.31,0.4376,97.37,74.97,4.0,0.353,23.0,50.8,54.8,39.8,23.21,35.5,73.3,75.6,1123.0,0,2.0,9.69,6.01
EV160140,2015.0,141927.0,416.0,76.13,0.6272,91.51,61.36,2.0,0.263,33.5,43.1,26.8,61.2,49.52,30.4,47.2,58.5,811.0,1,4.0,23.87,11.05
EV243475,2015.0,264229.0,808.0,62.93,0.6861,89.97,39.25,10.0,0.474,51.7,80.8,33.1,68.7,42.5,28.2,57.7,32.8,400.0,1,5.0,37.07,10.93
EV247635,2021.0,33737.0,158.0,95.56,0.4354,95.41,79.18,4.0,0.2,12.2,16.9,65.5,41.6,18.7,15.8,69.0,72.2,1321.0,0,0.0,,4.9
EV204465,2018.0,141208.0,214.0,83.53,0.5063,93.71,79.95,3.0,0.525,37.3,59.6,63.2,51.9,19.87,49.3,58.9,34.8,1072.0,0,3.0,16.47,8.05
EV274193,2016.0,76710.0,144.0,76.73,0.7261,93.75,80.64,3.0,0.198,13.3,26.1,53.5,60.4,22.23,36.4,59.6,70.6,510.0,0,0.0,23.27,10.1
EV252022,2023.0,54049.0,161.0,88.36,0.5207,94.98,75.1,4.0,0.513,23.6,47.1,90.3,51.7,10.28,68.3,55.5,36.8,1212.0,0,3.0,11.64,2.7
EV114298,2015.0,148760.0,337.0,77.75,0.5,93.83,59.66,3.0,0.119,14.3,41.4,58.6,69.9,22.38,0.0,50.6,39.5,668.0,0,3.0,22.25,11.01
EV250145,2015.0,308799.0,754.0,62.98,0.6993,90.92,53.67,8.0,0.486,29.4,47.1,66.7,62.9,29.28,28.9,49.2,3.5,503.0,1,1.0,37.02,10.86
EV130855,2023.0,142038.0,345.0,61.54,0.8565,91.14,52.34,13.0,0.478,88.2,152.8,81.7,70.6,21.69,63.3,46.5,13.9,306.0,1,1.0,38.46,3.16
EV122433,2021.0,22670.0,117.0,97.52,0.4331,93.72,59.7,3.0,0.121,8.2,15.7,86.7,44.1,18.33,16.2,62.1,82.1,1314.0,0,0.0,2.48,4.71
EV123945,2024.0,4358.0,1.0,96.36,0.4059,96.22,87.05,3.0,0.319,8.0,11.3,72.8,56.2,16.02,39.3,58.7,43.2,1140.0,0,2.0,3.64,2.02
EV264864,2022.0,65490.0,93.0,96.68,0.3993,98.04,83.76,4.0,0.109,14.0,37.2,85.5,54.7,9.88,17.2,54.0,67.8,1030.0,0,,3.32,4.15
EV219032,2015.0,103743.0,331.0,84.47,0.528,96.42,51.54,5.0,0.395,9.3,32.2,48.4,58.3,28.58,23.9,56.5,39.1,987.0,0,2.0,15.53,11.26
EV245451,2022.0,73898.0,216.0,90.95,0.5063,96.59,73.92,3.0,0.188,23.1,62.1,81.6,56.1,14.07,39.6,47.9,100.0,1204.0,0,3.0,9.05,4.19
EV169883,2024.0,32544.0,28.0,94.71,0.3036,96.25,94.65,2.0,0.367,21.3,66.0,86.3,57.2,17.08,34.2,51.1,49.3,1110.0,0,5.0,5.29,1.88
EV131728,2020.0,500.0,1.0,87.61,0.316,96.18,84.76,1.0,0.236,1.5,3.0,87.0,62.5,18.33,30.0,49.2,72.1,1192.0,0,1.0,0.2,5.87
EV180584,2017.0,12716.0,214.0,88.08,0.5942,93.16,63.35,1.0,0.415,2.8,8.5,56.6,56.0,19.11,69.0,58.5,38.9,629.0,0,2.0,11.92,9.15
EV111629,2019.0,11012.0,144.0,84.29,0.6243,92.76,58.67,2.0,0.118,2.6,8.6,66.5,76.7,27.59,62.8,42.6,25.9,1161.0,0,2.0,15.71,6.76
EV171784,2023.0,101720.0,144.0,92.25,0.4511,95.49,72.12,5.0,0.423,38.8,91.1,83.9,48.5,13.55,11.0,65.7,18.2,1235.0,0,5.0,7.75,3.09
EV116666,2018.0,228774.0,824.0,57.53,0.7818,89.51,33.36,7.0,0.781,43.4,92.3,60.1,80.2,35.31,63.3,35.3,0.0,425.0,1,2.0,42.47,8.24
EV187480,2019.0,141268.0,407.0,78.46,0.5594,93.37,68.11,5.0,0.319,29.3,68.0,72.5,56.8,24.78,19.9,55.5,29.7,1030.0,0,1.0,21.54,6.89
EV192724,2018.0,65059.0,240.0,79.26,0.4606,94.78,35.21,8.0,0.369,11.3,27.1,68.6,67.2,16.47,22.2,44.4,31.3,774.0,0,2.0,20.74,7.99
EV145691,2021.0,15974.0,50.0,92.9,0.3998,97.15,61.59,4.0,0.511,7.2,14.6,71.0,61.5,16.18,33.2,59.3,48.2,1082.0,0,3.0,7.1,5.02
EV114878,2020.0,118656.0,276.0,78.83,0.473,95.68,59.1,3.0,0.55,21.0,68.4,72.9,56.8,26.74,62.6,50.8,17.8,748.0,1,7.0,21.17,6.14
EV134406,2020.0,86273.0,390.0,80.7,0.5565,94.26,39.91,8.0,0.187,16.3,53.6,57.6,62.4,23.85,26.4,53.9,54.7,916.0,0,5.0,19.3,6.09
EV214631,2016.0,85365.0,391.0,77.15,0.551,94.7,35.17,8.0,0.447,13.7,30.0,58.0,72.5,24.47,41.5,41.8,38.6,632.0,0,4.0,22.85,10.0
EV166449,2024.0,7543.0,11.0,99.8,0.3676,97.8,88.65,1.0,0.389,6.4,9.8,87.7,48.5,14.77,28.2,67.1,33.1,1464.0,0,3.0,0.2,2.02
EV127047,2019.0,34040.0,1.0,98.08,0.3713,94.67,63.77,4.0,0.339,9.8,47.1,69.0,57.4,24.38,51.1,48.9,62.6,1496.0,0,2.0,1.92,7.08
EV258570,2020.0,227044.0,1042.0,45.65,0.7273,90.47,20.53,21.0,0.751,100.5,121.3,77.9,85.7,42.05,62.3,35.4,0.0,73.0,1,5.0,54.35,6.08
EV185711,2019.0,61852.0,125.0,99.8,0.352,97.83,77.85,5.0,0.032,16.3,26.8,72.2,48.5,11.72,6.0,55.2,100.0,1365.0,0,2.0,0.2,6.99
EV102753,2017.0,268648.0,820.0,50.65,0.7881,88.13,35.2,11.0,0.479,66.7,102.2,71.1,90.8,25.94,67.8,38.3,0.0,167.0,1,2.0,49.35,8.74
EV198252,2020.0,128632.0,153.0,91.41,0.4487,94.8,114.19,4.0,0.319,35.2,72.8,73.5,49.3,4.97,13.1,61.2,66.7,1252.0,0,1.0,8.59,6.0
EV222388,2015.0,152047.0,1074.0,59.16,0.7635,91.49,16.9,13.0,0.209,27.9,45.8,55.1,62.0,30.5,26.0,56.2,52.9,169.0,1,3.0,40.84,11.31
EV120437,2018.0,103596.0,216.0,91.59,0.5157,94.74,91.11,3.0,0.187,13.2,41.2,64.5,48.2,11.02,37.2,64.5,65.1,1219.0,0,1.0,8.41,8.02
EV150095,2015.0,78549.0,288.0,81.36,0.4215,94.23,58.7,6.0,0.576,25.0,39.1,80.4,68.2,18.31,33.2,45.7,27.4,752.0,0,,18.64,10.73
EV289322,2021.0,500.0,1.0,98.96,0.3372,97.53,110.51,1.0,0.539,2.3,3.0,78.3,54.5,6.31,66.6,61.8,37.5,1425.0,0,2.0,1.04,5.08
EV198368,2017.0,353699.0,1077.0,50.12,0.886,89.74,34.07,15.0,0.59,60.9,132.7,59.0,79.7,36.04,73.9,36.4,0.0,224.0,1,3.0,49.88,8.64
EV201486,2021.0,41575.0,35.0,99.8,0.4562,95.7,100.47,4.0,0.074,9.2,30.6,80.8,46.8,16.08,16.3,62.8,89.4,1479.0,0,2.0,0.2,4.61
EV179733,2024.0,500.0,1.0,99.8,0.4484,96.05,104.57,1.0,0.087,1.0,3.0,95.3,44.5,6.74,1.3,69.1,94.3,799.0,0,3.0,0.2,2.02
EV129786,2018.0,140898.0,239.0,69.46,0.6908,91.04,88.64,2.0,0.337,27.1,63.7,70.7,57.1,24.41,12.4,53.2,21.4,374.0,0,3.0,30.54,7.75
EV284372,2017.0,45747.0,148.0,75.98,0.7191,94.41,45.03,1.0,0.386,6.3,9.8,38.8,63.6,18.33,43.3,53.4,63.5,495.0,1,1.0,24.02,8.56
EV205325,2017.0,54275.0,170.0,92.37,0.4488,96.69,63.43,3.0,0.053,9.1,12.6,72.8,48.2,18.33,27.7,61.3,86.9,1221.0,0,0.0,7.63,8.91
EV193016,2016.0,242612.0,784.0,63.21,0.6886,91.49,37.42,9.0,0.204,49.3,78.3,55.5,62.3,41.23,8.6,52.1,70.3,456.0,1,1.0,36.79,
EV267763,2016.0,46191.0,99.0,95.23,0.3898,96.57,62.1,3.0,0.319,3.8,12.8,57.8,47.6,10.56,40.9,56.3,63.5,1353.0,0,4.0,4.77,10.03
EV113842,2022.0,48574.0,69.0,96.17,0.387,96.59,93.15,5.0,0.105,15.6,46.0,71.7,45.3,14.85,0.0,75.8,69.7,1355.0,0,3.0,3.83,3.95
EV107275,2018.0,19931.0,119.0,94.37,0.4195,95.33,44.91,1.0,0.114,10.9,19.6,72.8,56.5,14.62,1.7,61.0,85.7,1315.0,0,1.0,5.63,8.05
EV277960,2020.0,109509.0,198.0,87.99,0.492,95.76,80.64,9.0,0.304,28.5,78.6,72.8,70.5,10.45,42.9,43.8,81.3,1131.0,0,2.0,12.01,4.91
EV142107,2022.0,43983.0,155.0,90.72,0.4799,93.71,57.3,1.0,0.391,9.8,25.6,71.3,59.3,23.95,31.1,57.0,47.9,1185.0,0,1.0,9.28,4.23
EV166807,2024.0,41392.0,27.0,96.17,0.4552,95.03,76.82,2.0,0.354,23.1,67.4,80.9,54.0,18.33,49.1,64.0,33.6,1449.0,0,2.0,3.83,2.05
EV235257,2015.0,250408.0,1389.0,43.56,0.6953,88.51,16.04,15.0,0.078,57.9,78.4,62.7,80.2,33.0,18.4,49.1,51.8,0.0,1,3.0,56.44,11.1
EV108091,2015.0,103677.0,218.0,85.9,0.4251,94.97,75.11,4.0,0.169,17.8,32.5,42.5,48.9,22.71,22.8,68.9,68.0,886.0,0,5.0,,10.76
EV198649,2020.0,78549.0,453.0,74.06,0.5936,94.98,75.16,9.0,0.756,41.0,128.9,70.5,66.2,24.73,53.2,51.8,0.0,790.0,1,2.0,25.94,5.97
EV166455,2024.0,7315.0,34.0,98.9,0.3986,97.55,89.32,1.0,0.16,5.4,12.2,95.9,41.2,18.33,4.4,65.8,69.6,1495.0,0,1.0,1.1,1.9
EV258268,2018.0,93102.0,260.0,84.21,0.5063,95.19,51.48,4.0,0.319,13.9,41.5,60.9,67.7,25.1,25.5,43.2,59.3,741.0,0,4.0,15.79,7.95
EV271513,2024.0,25329.0,117.0,94.35,0.4341,96.0,112.62,1.0,0.086,34.7,47.1,92.4,46.9,17.35,53.4,59.2,80.6,1331.0,0,1.0,5.65,2.21
EV126833,2018.0,229596.0,630.0,69.86,0.6723,93.16,49.75,4.0,0.826,32.9,92.0,69.9,67.8,26.59,61.6,48.3,10.3,619.0,1,2.0,30.14,8.1
EV280675,2021.0,500.0,1.0,97.64,0.406,97.94,84.57,1.0,0.183,2.0,3.0,86.4,70.7,9.53,66.9,46.1,70.2,1160.0,0,4.0,2.36,4.96
EV116591,2017.0,19668.0,79.0,99.21,0.3794,96.67,89.84,1.0,0.303,1.5,47.1,64.0,52.1,19.65,33.2,57.4,51.5,1410.0,0,2.0,0.79,8.8
EV215468,2023.0,46085.0,90.0,94.5,0.4599,97.62,91.06,6.0,0.216,20.4,59.5,99.0,49.4,15.11,23.1,63.0,72.4,1338.0,0,0.0,5.5,2.86
EV143597,2018.0,93210.0,566.0,76.55,0.5918,91.41,23.43,5.0,0.305,13.7,35.9,61.4,53.2,18.17,42.7,59.6,24.2,728.0,0,4.0,23.45,7.84
EV223082,2021.0,38065.0,85.0,98.24,0.3828,97.68,75.85,1.0,0.063,10.0,23.5,74.1,39.5,1.34,0.0,73.6,84.1,1368.0,0,1.0,1.76,5.15
EV239770,2019.0,67580.0,175.0,91.43,0.4697,93.54,82.52,3.0,0.196,12.3,29.3,71.7,52.2,22.25,33.2,55.6,57.2,1236.0,0,2.0,8.57,7.2
EV199761,2015.0,385205.0,830.0,46.9,0.7803,89.15,43.9,9.0,0.804,69.6,117.1,53.1,97.8,43.08,33.2,27.2,0.0,171.0,1,5.0,53.1,11.18
EV264448,2018.0,135544.0,382.0,83.07,0.5041,95.99,66.02,4.0,0.18,25.8,57.8,72.8,51.8,18.68,28.3,60.6,62.8,934.0,0,1.0,16.93,7.9
EV292739,2016.0,160928.0,482.0,68.61,0.6287,91.03,44.98,9.0,0.492,16.2,55.9,67.0,84.5,20.64,40.8,35.7,0.0,462.0,1,1.0,31.39,10.33
EV206810,2015.0,172343.0,384.0,76.01,0.5444,95.49,63.0,5.0,0.375,19.9,53.6,54.1,60.8,19.49,56.6,61.3,61.5,639.0,0,1.0,23.99,10.81
EV187859,2020.0,84242.0,233.0,86.52,0.5245,95.44,55.4,6.0,0.178,20.2,38.3,80.2,52.3,12.05,0.0,67.4,80.7,1058.0,0,1.0,13.48,5.85
EV160007,2023.0,88145.0,241.0,86.69,0.5063,94.34,83.57,7.0,0.655,34.8,107.1,91.3,55.0,18.47,53.3,60.2,37.3,1101.0,0,4.0,13.31,2.87
EV194982,2022.0,78549.0,240.0,91.73,0.4118,97.2,89.17,4.0,0.076,36.8,88.9,86.3,51.7,13.69,8.1,68.2,100.0,1140.0,0,3.0,8.27,3.68
EV142944,2022.0,43419.0,111.0,89.28,0.4238,95.48,77.17,4.0,0.485,20.0,28.4,82.1,66.3,10.13,44.8,51.1,28.7,977.0,0,3.0,10.72,3.83
EV198781,2019.0,123120.0,231.0,92.52,0.4657,96.02,79.94,6.0,0.376,46.1,60.2,73.6,38.7,14.59,30.9,62.6,38.0,1143.0,0,2.0,7.48,6.96
EV269483,2020.0,80619.0,272.0,78.69,0.4497,95.36,58.3,1.0,0.231,12.2,37.1,73.5,64.4,18.33,25.1,47.5,52.9,764.0,0,3.0,21.31,6.16
EV147990,2019.0,130554.0,340.0,82.01,0.5326,91.87,64.96,5.0,0.46,50.4,64.8,75.5,54.2,12.2,12.8,55.1,33.6,987.0,0,1.0,17.99,7.19
EV155063,2023.0,2323.0,1.0,99.8,0.313,97.56,83.94,1.0,0.155,3.4,7.4,89.0,59.0,12.64,25.4,63.4,75.5,1223.0,0,2.0,0.2,2.88
EV139287,2021.0,78549.0,254.0,89.6,0.5091,95.03,67.95,3.0,0.411,20.6,47.1,86.1,54.7,12.63,29.3,59.9,48.9,1131.0,0,2.0,10.4,5.25
EV280165,2016.0,59058.0,220.0,93.51,0.4615,94.25,60.61,6.0,0.061,6.5,19.3,64.1,58.5,10.74,29.3,47.0,88.4,1182.0,0,3.0,6.49,
EV115697,2019.0,44919.0,103.0,99.76,0.3368,95.46,82.43,3.0,0.094,15.8,24.0,64.0,58.0,16.92,0.0,53.9,64.2,1087.0,0,1.0,0.24,7.18
EV276079,2019.0,81122.0,151.0,88.53,0.5063,95.59,78.57,5.0,0.282,11.8,40.5,60.7,50.8,20.33,0.0,62.6,10.8,1142.0,0,1.0,11.47,6.64
EV125438,2022.0,21750.0,24.0,99.8,0.3521,95.68,59.23,4.0,0.37,6.1,21.1,79.5,56.8,9.39,37.9,58.7,51.7,1167.0,0,1.0,0.2,3.7
EV289445,2018.0,286755.0,600.0,66.16,0.7137,95.41,56.87,7.0,0.391,66.6,121.2,67.2,67.2,29.5,21.6,55.5,45.7,613.0,1,2.0,33.84,8.15
EV261245,2023.0,81421.0,214.0,92.77,0.4529,96.44,80.78,6.0,0.521,47.1,92.8,93.7,64.8,18.03,40.1,57.0,17.3,983.0,0,2.0,7.23,2.97
EV121081,2020.0,141972.0,213.0,90.88,0.4491,97.13,64.02,5.0,0.304,19.4,55.2,69.3,52.5,14.98,20.2,58.0,97.6,1160.0,0,,9.12,8.96
EV253769,2021.0,50622.0,75.0,99.8,0.3677,98.34,86.37,2.0,0.319,19.8,39.9,85.0,53.1,10.64,17.4,59.4,92.8,1471.0,0,2.0,0.2,4.93
EV236490,2022.0,22858.0,60.0,98.45,0.4224,96.47,52.3,1.0,0.21,17.4,27.8,79.2,44.2,18.33,0.0,67.8,70.5,1460.0,0,4.0,1.55,3.92
EV205683,2023.0,32239.0,94.0,83.75,0.5973,91.49,73.07,5.0,0.185,16.8,40.2,87.1,75.2,12.36,73.6,42.9,63.6,895.0,0,2.0,16.25,2.94
EV226453,2024.0,46483.0,132.0,90.63,0.4256,96.09,89.65,5.0,0.428,30.0,63.3,97.8,66.6,11.87,41.0,56.9,51.3,961.0,0,3.0,9.37,1.8
EV148146,2020.0,166552.0,511.0,68.34,0.6718,91.93,53.72,7.0,0.433,40.9,94.3,67.2,56.1,31.14,58.4,57.3,53.9,693.0,0,3.0,31.66,6.09
EV250157,2015.0,3756.0,1.0,98.6,0.3847,95.83,50.0,2.0,0.334,1.1,3.0,56.8,42.9,21.62,18.6,60.6,82.6,1458.0,0,2.0,1.4,11.14
EV186232,2015.0,144842.0,424.0,78.6,0.5364,91.68,48.31,2.0,0.427,21.0,44.4,67.7,50.7,18.21,26.3,67.4,43.2,798.0,0,2.0,21.4,10.81
EV290616,2020.0,81886.0,289.0,78.93,0.5643,92.11,50.71,5.0,0.259,30.8,44.0,67.9,80.8,30.41,43.6,42.8,22.0,975.0,1,7.0,21.07,6.34
EV241544,2017.0,24838.0,51.0,90.38,0.479,95.43,68.75,1.0,0.592,9.2,13.3,63.8,64.6,19.81,77.4,51.2,45.1,1275.0,1,0.0,9.62,8.9
EV159331,2022.0,101763.0,187.0,84.0,0.5211,95.03,64.02,4.0,0.574,20.4,73.3,82.8,78.9,13.26,62.5,43.8,30.7,849.0,0,0.0,,4.13
EV272177,2021.0,73477.0,183.0,87.19,0.4521,94.76,72.96,4.0,0.209,35.9,51.0,77.4,66.9,25.2,33.2,55.2,69.0,834.0,0,6.0,12.81,4.89
EV182957,2017.0,381782.0,1327.0,55.14,0.717,90.63,32.13,20.0,0.756,50.5,137.0,45.9,69.0,38.6,42.1,47.1,13.4,100.0,1,1.0,44.86,8.95
EV244794,2019.0,189853.0,491.0,71.9,0.5994,94.98,56.19,4.0,0.5,41.3,98.3,65.7,55.8,32.29,50.5,56.4,9.5,756.0,0,3.0,28.1,7.04
EV145757,2016.0,78059.0,134.0,81.96,0.5994,97.29,69.99,1.0,0.761,9.2,25.7,72.8,72.8,21.27,33.2,33.8,18.3,1132.0,1,2.0,18.04,10.2
EV127083,2022.0,28716.0,1.0,87.61,0.393,95.96,117.09,1.0,0.315,11.8,26.4,79.3,70.8,18.17,69.2,44.5,68.9,1494.0,0,4.0,,3.87
EV220866,2021.0,53288.0,252.0,84.65,0.5191,94.08,78.63,3.0,0.38,27.3,47.7,91.5,56.6,21.26,38.3,54.2,67.4,1032.0,0,1.0,15.35,4.96
EV198088,2016.0,93728.0,270.0,79.99,0.4394,96.14,47.3,8.0,0.678,21.1,32.5,68.6,66.4,29.17,56.0,42.7,21.8,770.0,1,5.0,20.01,10.02
EV263843,2021.0,17637.0,224.0,90.3,0.4342,96.43,22.58,1.0,0.208,2.5,3.0,66.8,59.2,22.7,29.8,51.2,85.1,1171.0,0,4.0,9.7,4.94
EV164255,2022.0,33370.0,123.0,92.71,0.5063,94.74,91.97,1.0,0.309,11.2,32.1,96.2,50.7,6.6,63.1,58.7,49.2,1238.0,0,5.0,7.29,3.87
EV225137,2021.0,1789.0,9.0,99.72,0.363,97.06,78.14,1.0,0.458,2.2,3.0,84.8,41.5,14.33,23.3,73.0,56.3,789.0,0,2.0,0.28,5.2
EV276010,2015.0,164360.0,607.0,72.22,0.659,90.84,47.47,5.0,0.132,20.0,51.6,45.7,60.5,31.28,3.0,57.1,69.6,646.0,0,2.0,27.78,10.92
EV158315,2017.0,236926.0,581.0,65.65,0.5998,92.41,52.66,8.0,0.398,42.4,85.8,52.1,65.8,47.64,35.9,42.6,17.3,396.0,1,1.0,34.35,9.25
EV208220,2018.0,54554.0,115.0,96.78,0.4207,96.61,116.18,1.0,0.097,12.7,23.9,64.0,42.0,12.55,26.8,60.6,74.4,1316.0,0,3.0,3.22,8.16
EV121893,2015.0,20810.0,1.0,87.61,0.2855,96.22,64.86,1.0,0.177,1.3,3.0,42.1,71.0,24.67,33.2,55.8,60.4,1143.0,0,2.0,0.2,
EV220488,2022.0,108682.0,262.0,77.51,0.5784,95.45,61.95,9.0,0.611,38.0,93.1,74.8,62.2,27.41,64.5,54.4,22.4,920.0,0,2.0,22.49,4.13
EV126324,2017.0,110033.0,187.0,82.67,0.5588,93.58,100.97,4.0,0.191,20.4,47.1,51.8,49.8,28.88,21.9,66.8,69.3,509.0,0,0.0,17.33,8.9
EV160143,2018.0,83490.0,350.0,79.72,0.5004,92.21,32.99,1.0,0.072,12.8,30.6,58.8,69.8,32.79,35.7,52.3,62.9,673.0,0,2.0,20.28,7.93
EV195778,2022.0,21174.0,61.0,90.45,0.4385,95.12,76.96,1.0,0.119,6.4,12.1,87.1,64.3,22.8,44.1,50.3,57.7,1311.0,0,3.0,,4.06
EV288587,2024.0,25540.0,54.0,87.61,0.4912,97.05,78.65,5.0,0.15,21.8,38.1,91.8,40.9,21.41,40.6,69.3,98.9,697.0,0,2.0,9.0,2.22
EV223252,2015.0,186331.0,367.0,87.61,0.5568,95.74,92.98,4.0,0.497,45.7,47.1,56.4,53.7,32.3,46.4,67.0,45.6,871.0,0,,20.0,10.67
EV166865,2019.0,52780.0,78.0,87.61,0.3931,97.0,68.87,1.0,0.45,9.6,29.4,67.9,47.2,16.85,35.3,60.2,80.4,1377.0,0,3.0,5.63,7.13
EV151171,2023.0,14808.0,214.0,97.43,0.4207,95.93,59.55,1.0,0.048,11.0,17.2,74.3,49.2,11.48,12.3,67.6,100.0,1377.0,0,3.0,2.57,3.37
EV296230,2015.0,251891.0,746.0,62.02,0.6181,90.48,42.7,9.0,0.515,54.8,77.6,58.7,69.1,30.37,61.1,43.6,0.0,294.0,1,4.0,37.98,10.89
EV282456,2020.0,36186.0,133.0,90.29,0.5063,98.1,64.02,1.0,0.259,11.4,21.8,65.7,53.6,26.3,23.8,51.1,84.0,1230.0,0,1.0,9.71,6.07
EV127478,2016.0,60770.0,144.0,89.59,0.3959,94.68,99.93,1.0,0.425,6.2,17.9,50.0,60.2,27.77,33.2,52.9,67.8,955.0,0,1.0,10.41,9.8
EV156410,2018.0,15426.0,1.0,99.8,0.418,96.41,100.02,4.0,0.309,1.0,47.1,56.3,43.6,10.26,59.0,68.9,87.2,1536.0,0,3.0,0.2,7.91
EV215860,2015.0,183949.0,891.0,57.79,0.5063,91.31,26.02,7.0,0.535,40.8,54.0,49.1,70.9,35.85,47.9,45.1,9.6,357.0,1,4.0,42.21,10.98
EV190747,2022.0,118577.0,488.0,56.8,0.9354,90.47,26.98,11.0,0.48,26.2,87.7,86.5,68.7,30.26,55.1,47.8,0.0,183.0,1,,43.2,4.2
EV207529,2021.0,180334.0,397.0,72.57,0.521,91.54,65.61,8.0,0.585,38.4,114.1,82.8,65.7,25.39,51.1,48.9,52.1,605.0,1,5.0,27.43,5.02
EV181777,2016.0,265849.0,606.0,63.36,0.5756,90.8,57.49,7.0,0.488,32.0,90.5,58.4,67.5,23.36,44.5,49.1,30.1,1030.0,1,4.0,36.64,9.67
EV138542,2017.0,33996.0,55.0,97.45,0.4267,97.51,92.66,4.0,0.168,4.5,8.8,61.8,53.9,22.05,11.3,68.1,62.6,1373.0,0,4.0,,8.72
EV167391,2016.0,204920.0,447.0,72.97,0.538,92.34,70.64,1.0,0.319,25.8,67.6,64.2,74.1,29.71,27.1,46.1,39.9,532.0,0,1.0,27.03,9.9
EV112963,2015.0,165494.0,350.0,72.91,0.6738,90.36,67.71,3.0,0.528,21.0,48.2,51.3,67.1,21.35,76.8,44.0,13.9,892.0,1,0.0,27.09,11.11
EV218221,2019.0,62313.0,130.0,93.54,0.5063,96.13,72.07,3.0,0.132,11.2,31.0,70.0,54.5,23.65,4.0,58.7,73.4,1273.0,0,1.0,6.46,7.02
EV254385,2024.0,11234.0,38.0,99.4,0.3299,96.38,92.32,1.0,0.216,10.0,18.4,100.0,64.8,7.54,9.0,50.5,84.4,1125.0,0,1.0,0.6,2.16
EV282852,2024.0,28285.0,89.0,95.97,0.3266,94.98,75.25,3.0,0.237,22.1,48.5,90.7,65.4,9.2,17.1,51.2,93.9,1053.0,0,3.0,4.03,2.04
EV274006,2023.0,44925.0,124.0,98.57,0.3993,98.03,58.03,5.0,0.028,17.5,49.4,88.0,47.2,9.97,3.5,52.0,97.3,1359.0,0,2.0,1.43,2.92
EV152707,2020.0,91792.0,363.0,73.99,0.5578,93.97,37.69,8.0,0.436,24.1,53.2,76.4,74.1,22.74,73.4,49.5,40.7,616.0,0,3.0,26.01,6.0
EV271795,2022.0,3518.0,1.0,95.37,0.3473,95.98,66.96,5.0,0.581,4.6,11.5,72.8,66.5,9.27,48.0,44.0,21.8,1123.0,0,2.0,4.63,3.81
EV201388,2024.0,8895.0,1.0,99.8,0.3754,99.26,63.21,4.0,0.271,14.2,27.3,80.3,55.1,14.8,42.7,58.2,69.5,1149.0,0,0.0,0.2,1.84
EV257210,2017.0,54308.0,81.0,95.91,0.381,95.49,74.86,1.0,0.087,8.3,18.5,72.8,48.4,19.76,18.6,62.0,100.0,1349.0,0,1.0,4.09,9.03
EV199466,2020.0,114406.0,229.0,89.45,0.458,95.97,85.81,3.0,0.238,29.8,56.8,92.3,54.3,11.36,26.5,58.9,80.2,1144.0,0,0.0,10.55,6.16
EV170360,2017.0,341454.0,1122.0,38.24,0.971,91.11,23.96,15.0,0.343,83.1,47.1,61.1,71.6,18.33,62.4,43.4,52.1,0.0,1,0.0,61.76,8.88
EV161080,2020.0,35258.0,1.0,98.91,0.4369,97.72,64.04,3.0,0.377,5.9,15.0,68.7,39.9,20.52,30.0,72.6,41.6,1498.0,0,1.0,1.09,5.74
EV296079,2016.0,78549.0,1.0,99.8,0.4158,96.97,88.06,1.0,0.319,1.6,3.0,72.8,45.8,13.42,51.0,63.5,78.7,1504.0,0,4.0,0.2,9.96
EV171497,2018.0,38160.0,77.0,93.97,0.4038,96.71,82.32,1.0,0.355,4.8,15.3,77.9,47.8,9.22,28.9,64.6,71.9,1322.0,0,2.0,6.03,8.15
EV163799,2019.0,131522.0,375.0,78.04,0.4709,94.29,50.88,3.0,0.222,23.5,54.6,67.7,74.5,18.33,21.4,56.9,75.4,649.0,0,2.0,21.96,6.97
EV150351,2020.0,65093.0,176.0,88.75,0.5225,93.27,61.37,1.0,0.36,27.1,37.1,84.1,54.0,15.97,19.6,56.6,35.6,1186.0,0,2.0,11.25,6.16
EV204177,2015.0,450000.0,1474.0,80.94,0.778,93.72,49.84,16.0,0.798,108.2,135.2,44.7,27.7,19.92,66.3,76.2,0.0,2081.0,1,,19.06,10.83
EV288876,2024.0,75774.0,167.0,75.14,0.5409,89.91,58.88,9.0,0.51,76.3,123.7,65.2,78.6,28.46,93.6,39.3,7.7,720.0,1,8.0,24.86,1.91
EV192844,2017.0,68466.0,196.0,85.87,0.4078,94.57,52.12,5.0,0.609,12.0,23.6,50.6,75.5,39.11,48.8,40.1,35.7,832.0,1,2.0,,
EV249578,2020.0,15027.0,1.0,87.61,0.3982,96.16,72.29,4.0,0.484,9.0,28.9,72.8,47.1,17.53,46.5,56.9,60.8,1438.0,0,2.0,2.32,2.0
EV207858,2023.0,8769.0,23.0,99.8,0.4274,96.46,81.76,1.0,0.246,1.0,3.0,90.7,53.1,13.67,26.4,61.6,63.4,1488.0,0,1.0,0.2,2.9
EV238146,2017.0,197807.0,698.0,55.81,0.8663,90.28,31.34,14.0,0.747,23.5,74.3,72.8,83.4,27.67,33.2,36.1,11.6,450.0,1,3.0,44.19,9.2
EV228840,2018.0,345913.0,931.0,57.15,0.7627,88.11,64.02,11.0,0.671,42.2,137.6,67.0,66.4,41.62,35.9,47.0,0.0,336.0,1,2.0,42.85,8.14
EV284064,2024.0,6224.0,24.0,99.8,0.3674,97.93,65.52,1.0,0.298,1.2,3.0,75.9,48.2,17.33,55.6,65.4,77.6,1457.0,0,0.0,0.2,2.08
EV129453,2019.0,48675.0,144.0,92.95,0.3647,95.77,65.1,3.0,0.405,12.1,22.8,84.2,63.0,8.07,28.3,56.9,60.1,1012.0,0,0.0,7.05,7.16
EV150397,2018.0,92228.0,565.0,76.09,0.5911,92.12,30.08,7.0,0.078,28.1,40.9,75.1,69.8,18.3,0.0,45.0,74.3,702.0,0,2.0,23.91,8.09
EV174315,2019.0,60800.0,200.0,78.69,0.6557,92.71,56.09,3.0,0.281,20.4,30.2,69.4,61.4,20.41,33.2,49.2,20.2,456.0,0,1.0,21.31,7.06
EV261972,2023.0,60574.0,231.0,88.68,0.4842,93.88,64.78,7.0,0.254,23.1,65.7,80.2,52.1,17.83,51.9,59.6,61.8,1181.0,0,5.0,11.32,3.16
EV153676,2020.0,151262.0,420.0,76.96,0.5011,94.52,54.47,7.0,0.354,24.3,54.8,72.4,64.5,17.9,44.6,46.2,48.7,605.0,0,1.0,23.04,9.01
EV271002,2020.0,60770.0,240.0,87.99,0.4544,96.11,47.02,3.0,0.425,20.9,32.0,70.7,56.8,12.36,16.8,54.7,31.3,1038.0,0,,12.01,5.72
EV109965,2020.0,137229.0,365.0,67.5,0.6604,91.64,45.98,4.0,0.363,23.0,67.5,66.4,84.6,18.41,94.6,42.2,43.8,555.0,1,2.0,32.5,5.95
EV189567,2022.0,500.0,95.0,95.13,0.3901,96.37,47.72,1.0,0.65,1.0,3.0,84.7,44.4,20.15,29.8,64.2,14.0,1316.0,0,1.0,4.87,3.87
EV270615,2017.0,207772.0,214.0,59.13,0.659,90.46,33.22,13.0,0.504,29.4,47.1,56.6,74.1,32.69,19.8,39.5,25.4,203.0,1,2.0,40.87,8.87
EV177402,2020.0,25240.0,68.0,97.62,0.3745,96.68,84.53,1.0,0.289,11.0,16.3,78.6,58.1,6.88,7.0,57.0,66.3,1130.0,0,2.0,2.38,5.74
EV230606,2016.0,225607.0,1556.0,47.63,0.8133,89.23,64.02,14.0,0.273,26.2,77.1,68.1,71.9,39.18,22.1,48.9,43.4,0.0,1,6.0,52.37,9.77
EV165671,2016.0,15866.0,82.0,95.26,0.4658,96.64,54.21,2.0,0.287,3.8,7.1,58.0,54.1,10.54,33.2,63.4,71.5,1324.0,0,1.0,4.74,9.88
EV211631,2021.0,94638.0,172.0,79.72,0.5417,93.98,77.16,4.0,0.262,26.4,58.9,90.9,54.7,18.65,13.0,56.1,60.3,533.0,0,2.0,20.28,5.29
EV238561,2017.0,134851.0,253.0,86.15,0.5256,92.73,57.14,4.0,0.237,15.4,47.1,49.3,59.0,27.61,41.5,63.9,57.5,1094.0,0,3.0,13.85,9.1
EV266008,2015.0,35810.0,58.0,87.61,0.4882,94.98,118.01,1.0,0.595,2.3,7.9,68.4,47.0,13.38,43.1,65.1,25.8,1354.0,0,3.0,3.48,
EV283607,2015.0,78549.0,184.0,89.38,0.4859,94.98,83.77,2.0,0.333,12.4,23.2,55.5,44.0,15.76,18.4,62.4,64.0,1218.0,0,1.0,10.62,11.04
EV163602,2020.0,69162.0,125.0,92.38,0.4206,94.54,64.02,5.0,0.338,16.4,40.6,78.9,46.3,3.48,33.2,61.6,49.4,1252.0,0,4.0,7.62,6.18
EV165480,2024.0,35248.0,221.0,86.43,0.5063,96.76,45.22,10.0,0.591,51.9,73.0,89.0,61.6,15.33,60.0,54.4,17.6,1135.0,0,,13.57,1.83
EV290416,2020.0,500.0,46.0,97.28,0.3909,97.17,44.2,1.0,0.387,4.2,6.5,78.6,57.4,10.6,16.0,51.3,65.8,1447.0,0,2.0,2.72,6.0
EV286466,2018.0,11017.0,1.0,99.77,0.5063,94.8,64.02,1.0,0.383,1.0,3.0,81.6,47.9,15.09,11.9,66.7,48.9,1472.0,0,1.0,0.23,8.08
EV105848,2019.0,76285.0,173.0,87.2,0.4085,94.86,55.87,2.0,0.319,17.6,34.5,67.4,64.2,20.59,25.8,50.8,70.4,909.0,0,1.0,12.8,6.95
EV262210,2016.0,200262.0,478.0,87.61,0.6197,91.59,59.1,4.0,0.35,29.7,61.2,62.5,64.8,19.04,33.2,53.1,0.0,746.0,0,1.0,27.54,10.01
EV214495,2022.0,26530.0,133.0,93.5,0.465,96.02,35.37,7.0,0.347,16.4,27.9,77.1,53.0,8.74,8.3,60.3,70.0,1324.0,0,1.0,6.5,3.81
EV139296,2015.0,313189.0,1336.0,37.83,1.007,86.66,17.41,4.0,0.373,28.5,98.2,39.8,68.0,37.36,36.4,49.2,52.1,0.0,1,3.0,,11.01
EV174770,2022.0,60172.0,287.0,81.72,0.4858,94.67,39.22,6.0,0.054,30.4,46.5,84.8,67.9,19.2,28.4,49.0,52.1,759.0,0,5.0,18.28,3.69
EV253642,2015.0,177591.0,451.0,87.61,0.5718,92.93,64.02,3.0,0.287,27.9,53.0,55.4,60.6,24.84,13.8,55.7,41.0,810.0,0,0.0,20.35,11.15
EV110919,2023.0,66081.0,316.0,76.71,0.499,91.24,31.12,8.0,0.277,14.8,50.9,68.2,64.0,30.08,17.9,59.0,30.1,706.0,0,2.0,23.29,2.95
EV175865,2019.0,295592.0,1347.0,42.23,0.7945,90.16,18.07,4.0,0.529,103.6,139.4,65.9,93.7,42.87,73.3,31.7,25.6,0.0,1,6.0,57.77,6.85
EV234054,2023.0,24008.0,17.0,96.2,0.4424,95.82,90.5,3.0,0.382,8.0,26.3,85.8,56.8,11.15,50.6,56.2,53.0,1398.0,0,5.0,3.8,2.79
EV220606,2019.0,143869.0,582.0,72.15,0.5412,92.85,36.68,8.0,0.105,44.9,75.9,58.0,62.0,35.38,18.3,45.3,71.1,611.0,0,2.0,,7.03
EV210263,2019.0,68673.0,118.0,91.14,0.4105,95.89,64.02,3.0,0.165,12.1,36.8,61.5,68.7,21.13,8.1,53.2,74.4,988.0,0,2.0,8.86,7.0
EV214962,2024.0,25445.0,56.0,97.19,0.4049,95.97,82.07,5.0,0.576,20.1,48.0,89.1,48.5,13.31,49.2,60.1,38.4,1390.0,0,2.0,2.81,2.32
EV168897,2023.0,90342.0,190.0,90.69,0.5035,94.43,76.47,6.0,0.609,30.7,101.3,82.2,53.5,20.39,42.2,59.1,28.1,1230.0,0,2.0,9.31,3.14
EV290239,2015.0,42866.0,169.0,86.78,0.5439,95.62,108.3,1.0,0.442,3.6,10.8,56.1,56.2,14.79,37.6,49.7,40.4,1092.0,0,2.0,13.22,11.16
EV244955,2022.0,77084.0,270.0,83.87,0.5311,93.2,50.29,8.0,0.522,20.4,59.1,87.3,61.2,23.6,23.5,52.7,44.5,1078.0,0,5.0,16.13,4.01
EV196532,2018.0,143076.0,446.0,70.78,0.5061,91.8,45.67,10.0,0.433,41.4,57.4,62.6,56.8,30.28,31.0,56.9,44.1,559.0,0,4.0,29.22,8.3
EV199077,2018.0,56933.0,148.0,88.68,0.4596,95.25,80.88,4.0,0.319,9.8,22.8,63.8,51.2,24.3,27.4,60.1,77.3,1193.0,0,0.0,11.32,7.89
EV296266,2021.0,61483.0,122.0,90.81,0.474,93.53,81.62,5.0,0.294,33.8,45.3,84.3,64.4,8.86,41.0,49.6,38.1,1272.0,0,1.0,9.19,4.83
EV105285,2019.0,78549.0,405.0,79.62,0.5243,94.76,31.27,7.0,0.397,20.0,46.4,75.4,56.9,18.97,33.2,63.2,49.0,852.0,0,4.0,20.38,6.97
EV295543,2024.0,27292.0,39.0,96.3,0.464,95.5,82.3,6.0,0.491,12.4,43.1,92.1,53.0,11.68,21.2,62.1,56.2,1371.0,0,2.0,3.7,1.99
EV148115,2015.0,115442.0,239.0,79.63,0.7032,91.31,64.88,2.0,0.482,24.6,35.6,48.1,76.0,29.69,52.9,42.4,27.6,954.0,0,4.0,20.37,10.97
EV204280,2020.0,112336.0,252.0,84.94,0.4852,95.2,60.85,5.0,0.412,41.4,68.1,81.4,56.5,18.33,16.9,58.1,35.8,1014.0,0,2.0,15.06,5.74
EV197961,2024.0,25140.0,1.0,99.8,0.3154,97.17,82.49,2.0,0.01,24.1,68.8,100.0,46.8,10.87,6.9,61.1,88.1,1202.0,0,1.0,0.2,1.94
EV201078,2019.0,64390.0,324.0,82.81,0.5464,94.18,30.13,4.0,0.319,8.5,28.9,72.4,51.1,18.12,35.2,61.5,68.3,1028.0,0,3.0,17.19,7.09
EV186241,2020.0,78549.0,394.0,79.66,0.552,94.89,69.04,5.0,0.319,32.0,96.6,60.9,52.8,22.8,44.7,56.9,36.4,918.0,0,,20.34,6.18
EV276645,2016.0,32482.0,87.0,99.18,0.284,98.07,72.08,1.0,0.091,3.0,10.4,59.7,52.6,8.09,23.4,62.5,89.8,1133.0,0,2.0,0.82,9.99
EV137739,2017.0,155748.0,301.0,86.81,0.4967,95.76,84.39,5.0,0.23,18.3,54.7,70.4,57.3,16.97,29.4,60.5,74.7,1061.0,0,2.0,13.19,9.04
EV111958,2015.0,248531.0,922.0,62.18,0.759,91.07,35.18,10.0,0.503,21.6,72.8,57.5,60.5,23.21,33.2,51.6,31.8,338.0,1,4.0,37.82,11.1
EV168673,2015.0,125716.0,353.0,83.05,0.5087,94.9,64.08,4.0,0.125,20.9,38.8,48.1,48.9,21.46,33.2,61.1,83.8,969.0,0,4.0,16.95,10.79
EV158366,2020.0,41369.0,151.0,82.34,0.6134,93.46,60.5,4.0,0.175,8.7,21.4,77.4,41.5,17.31,17.8,70.8,65.9,540.0,0,2.0,17.66,5.89
EV201335,2020.0,64653.0,168.0,92.81,0.4153,94.96,80.83,5.0,0.191,21.2,39.3,79.7,60.8,16.8,12.0,55.1,61.3,1248.0,0,3.0,7.19,5.74
EV294968,2018.0,53160.0,180.0,86.66,0.4526,97.27,66.92,4.0,0.177,13.6,25.8,60.2,74.8,17.89,30.5,49.3,97.3,853.0,0,4.0,13.34,7.99
EV148365,2019.0,187949.0,214.0,74.84,0.5217,94.98,88.26,3.0,0.438,61.2,90.2,76.9,83.9,20.08,63.8,32.4,43.5,1030.0,1,,25.16,6.85
EV204173,2020.0,3957.0,84.0,95.14,0.3522,94.98,66.82,1.0,0.537,1.7,3.0,59.5,73.0,17.45,50.9,48.8,34.4,1037.0,0,2.0,4.86,6.26
EV134283,2018.0,205664.0,686.0,61.78,0.6993,90.28,38.61,14.0,0.601,30.4,81.6,65.1,65.2,26.25,79.7,52.1,0.0,515.0,1,3.0,,7.81
EV144188,2018.0,255700.0,551.0,55.99,0.8714,89.0,53.94,5.0,0.423,35.2,98.6,63.6,56.8,38.62,28.1,53.1,0.0,133.0,1,1.0,44.01,8.15
EV187589,2019.0,127794.0,334.0,82.55,0.5261,95.31,71.07,6.0,0.423,33.9,47.1,79.6,58.7,19.72,37.9,52.1,53.0,964.0,0,2.0,17.45,7.02
EV255349,2020.0,128596.0,317.0,71.51,0.6195,90.44,67.14,7.0,0.229,34.3,76.8,70.9,56.8,13.71,82.5,35.2,42.1,635.0,1,3.0,28.49,5.97
EV106897,2020.0,72969.0,238.0,86.41,0.5281,95.66,57.77,4.0,0.165,16.5,34.8,69.6,75.7,18.15,33.2,50.0,59.1,827.0,0,4.0,13.59,5.99
EV143012,2024.0,7241.0,80.0,97.16,0.3965,97.36,69.4,3.0,0.069,17.7,29.0,91.1,55.8,10.41,2.0,61.4,100.0,1405.0,0,,2.84,1.88
EV139541,2020.0,44097.0,146.0,86.7,0.5215,94.1,57.61,1.0,0.695,4.5,14.0,52.3,63.3,13.04,60.6,50.1,36.0,1182.0,0,3.0,13.3,10.16
EV147372,2020.0,134556.0,277.0,69.99,0.6912,93.41,82.42,4.0,0.182,24.1,69.5,52.4,64.3,32.26,23.3,50.5,61.1,396.0,0,3.0,30.01,6.07
EV275048,2023.0,72090.0,245.0,87.82,0.4783,94.98,60.46,10.0,0.345,36.8,47.1,92.8,47.9,12.94,34.8,59.9,52.1,1088.0,0,2.0,12.18,2.58
EV115879,2024.0,33801.0,114.0,84.25,0.5407,93.81,51.31,4.0,0.511,20.0,55.3,91.8,56.8,20.75,51.4,58.7,35.3,582.0,0,1.0,15.75,2.0
EV201047,2023.0,16738.0,58.0,96.05,0.3847,98.1,108.43,1.0,0.319,5.6,19.0,72.8,61.9,11.69,28.8,51.9,87.0,1128.0,0,,3.95,2.92
EV148088,2024.0,34215.0,39.0,98.52,0.3789,95.18,90.66,12.0,0.464,39.9,88.0,82.4,49.4,20.82,42.6,62.3,34.5,1440.0,0,2.0,1.48,1.78
EV250618,2017.0,75669.0,196.0,80.54,0.6103,95.7,61.87,1.0,0.107,20.5,32.3,64.8,48.6,23.58,14.9,59.6,48.5,448.0,0,,19.46,8.97
EV159546,2017.0,138280.0,547.0,67.47,0.6216,92.36,37.75,3.0,0.563,15.6,53.4,73.2,57.1,20.06,43.9,51.4,0.0,637.0,0,3.0,32.53,8.9
EV212590,2021.0,119395.0,283.0,84.09,0.5306,95.23,57.51,7.0,0.568,47.7,83.8,88.1,48.4,16.86,60.4,60.5,33.7,970.0,0,1.0,15.91,4.71
EV253886,2015.0,93538.0,286.0,89.79,0.4478,95.67,69.3,3.0,0.181,8.8,30.1,51.9,55.3,22.0,21.1,60.0,65.8,1097.0,0,3.0,10.21,10.89
EV204767,2018.0,147478.0,314.0,83.97,0.4969,94.98,67.1,5.0,0.18,19.8,64.2,70.9,52.5,18.33,50.2,60.0,64.5,970.0,0,4.0,16.03,7.99
EV170921,2020.0,14262.0,27.0,99.8,0.3316,96.89,60.83,3.0,0.253,1.2,3.0,82.8,66.5,18.33,0.0,48.5,83.4,1139.0,0,1.0,0.2,
EV119891,2016.0,266327.0,1263.0,35.62,1.0257,88.41,14.83,17.0,0.424,43.5,88.1,58.0,79.0,49.18,31.7,34.4,4.3,0.0,1,3.0,64.38,10.0
EV293451,2017.0,153391.0,471.0,54.42,0.8764,89.61,36.05,5.0,0.28,42.7,59.7,72.8,63.2,32.08,21.2,47.7,8.3,185.0,1,1.0,45.58,9.04
EV195886,2016.0,158986.0,395.0,78.27,0.5737,94.74,64.15,4.0,0.319,16.9,58.4,66.3,56.8,25.12,35.1,64.9,35.4,834.0,1,,21.73,9.94
EV130841,2019.0,3518.0,1.0,98.08,0.3374,94.75,45.83,2.0,0.578,1.0,3.0,68.0,61.9,12.62,77.4,49.5,41.4,1144.0,0,0.0,1.92,6.59
EV157373,2017.0,77517.0,181.0,88.8,0.4078,94.71,80.4,4.0,0.35,13.3,28.6,63.8,56.0,12.12,8.4,63.4,49.5,971.0,0,1.0,11.2,9.09
EV195168,2018.0,104501.0,219.0,82.67,0.6535,91.15,70.69,3.0,0.1,26.3,47.9,53.9,67.2,25.41,56.9,52.3,48.1,1083.0,0,4.0,17.33,7.64
EV250572,2020.0,71107.0,204.0,77.86,0.6071,93.29,55.6,3.0,0.452,20.4,26.7,61.1,46.4,22.31,21.8,66.2,27.2,479.0,0,1.0,22.14,8.99
EV230947,2023.0,20965.0,109.0,86.57,0.5463,96.71,36.54,6.0,0.342,14.3,26.3,72.8,45.1,18.33,40.0,67.4,46.3,606.0,0,0.0,13.43,3.0
EV131659,2019.0,12865.0,68.0,99.8,0.3213,95.27,73.42,1.0,0.273,1.2,3.0,78.7,63.4,6.16,19.1,58.7,51.6,1030.0,0,1.0,0.2,
EV273257,2024.0,55234.0,200.0,95.56,0.4089,95.38,70.03,9.0,0.242,31.8,99.2,87.4,54.0,9.5,41.0,61.0,43.4,1271.0,0,1.0,4.44,1.95
EV172396,2024.0,78549.0,41.0,98.31,0.321,96.42,56.84,6.0,0.247,21.1,53.7,90.7,56.8,7.05,20.9,61.0,51.2,1126.0,0,3.0,1.69,2.22
EV152559,2024.0,42499.0,111.0,91.02,0.4545,95.13,87.21,4.0,0.397,21.0,54.4,88.0,50.4,6.67,52.6,57.7,45.7,1317.0,0,4.0,8.98,2.01
EV187693,2015.0,179407.0,342.0,76.7,0.5271,93.19,87.67,1.0,0.2,17.4,56.2,35.3,75.5,38.33,32.0,40.4,24.0,629.0,1,2.0,23.3,
EV291995,2023.0,58280.0,201.0,74.78,0.5949,88.58,50.61,5.0,0.488,31.7,71.6,88.8,92.3,25.83,33.2,30.2,0.0,773.0,1,5.0,25.22,2.99
EV141789,2022.0,13130.0,1.0,97.65,0.3883,97.59,52.2,1.0,0.683,20.4,6.6,89.4,53.7,13.52,36.8,60.6,27.7,1177.0,0,3.0,2.35,3.66
EV115560,2016.0,255484.0,214.0,60.72,0.6339,91.86,41.59,9.0,0.348,36.6,85.5,55.9,73.6,39.93,15.0,41.8,51.8,236.0,1,7.0,39.28,9.97
EV124749,2020.0,65017.0,111.0,93.99,0.4136,95.05,111.06,1.0,0.166,16.0,26.6,79.4,61.7,12.58,7.3,48.3,53.3,1021.0,0,3.0,6.01,5.85
EV191396,2016.0,425801.0,818.0,42.72,1.0858,88.44,45.25,9.0,0.434,78.4,139.0,60.4,81.1,38.76,67.1,36.2,8.2,0.0,1,6.0,57.28,10.17
EV233994,2016.0,101370.0,477.0,73.71,0.6302,94.6,32.31,2.0,0.303,18.4,28.7,72.0,59.8,22.84,18.3,58.2,39.1,1030.0,0,0.0,26.29,10.06
EV224885,2016.0,130182.0,348.0,84.65,0.5045,95.37,63.56,2.0,0.208,17.6,43.3,59.1,50.7,19.35,20.4,62.4,58.9,984.0,0,,15.35,10.15
EV237432,2022.0,78549.0,511.0,66.28,0.5926,93.74,40.65,17.0,0.581,88.9,133.4,78.7,77.1,28.71,67.5,48.1,10.6,492.0,1,5.0,,3.81
EV104904,2020.0,134231.0,559.0,69.36,0.6197,90.93,36.75,7.0,0.433,44.5,102.4,77.9,51.7,19.5,48.0,61.8,0.0,650.0,0,0.0,30.64,
EV230072,2023.0,78549.0,272.0,82.11,0.4476,94.71,57.05,4.0,0.451,25.9,60.9,98.9,63.0,13.42,43.4,53.2,19.1,754.0,0,3.0,17.89,3.08
EV148073,2020.0,119776.0,214.0,84.35,0.4966,94.81,96.7,5.0,0.243,27.2,69.5,67.8,54.8,24.82,46.4,60.4,75.3,959.0,0,4.0,15.65,5.93
EV244832,2021.0,48013.0,110.0,86.98,0.5243,97.29,62.28,6.0,0.531,15.1,45.5,75.5,48.7,17.18,55.7,60.5,58.3,615.0,0,2.0,13.02,4.76
EV263977,2015.0,328083.0,873.0,57.51,0.7412,92.66,43.27,10.0,0.473,36.2,100.9,52.7,76.6,33.54,33.2,38.9,30.5,354.0,1,3.0,42.49,11.04
EV169770,2023.0,78549.0,1.0,96.31,0.439,98.56,86.21,1.0,0.286,3.9,5.9,83.0,49.5,6.58,54.1,58.8,82.5,1459.0,0,2.0,3.69,2.96
EV114933,2022.0,90666.0,314.0,81.79,0.493,95.31,46.61,4.0,0.049,35.2,71.2,88.6,72.3,11.64,8.5,42.9,100.0,735.0,0,4.0,18.21,4.14
EV194969,2020.0,204313.0,464.0,67.37,0.5277,92.81,64.07,9.0,0.742,38.5,115.1,79.5,82.4,29.51,100.0,37.4,0.0,507.0,1,3.0,32.63,6.11
EV260553,2015.0,42026.0,80.0,89.86,0.5191,96.63,55.88,4.0,0.346,4.0,13.8,64.6,52.3,17.67,50.5,57.9,75.5,1275.0,0,2.0,,10.63
EV122829,2024.0,22414.0,126.0,91.47,0.4048,96.05,53.35,7.0,0.312,27.4,52.0,72.8,68.0,11.79,31.9,54.0,75.7,996.0,0,4.0,8.53,2.09
EV287425,2024.0,12161.0,108.0,92.59,0.5063,95.11,90.98,1.0,0.471,16.3,35.0,95.3,49.1,12.83,29.2,58.8,69.3,1300.0,0,1.0,7.41,2.08
EV157924,2023.0,39410.0,140.0,91.07,0.3595,94.99,112.82,4.0,0.428,31.9,39.3,80.4,53.3,16.03,34.0,58.1,49.0,1264.0,0,3.0,8.93,3.13
EV256111,2023.0,78549.0,176.0,89.28,0.4846,96.37,44.57,5.0,0.499,11.1,34.2,91.5,48.2,10.68,39.2,59.7,37.8,1128.0,0,6.0,10.72,3.26
EV277040,2017.0,40865.0,214.0,96.22,0.4911,91.71,75.5,1.0,0.361,7.1,13.8,67.5,57.8,12.8,61.9,56.8,22.8,1425.0,0,0.0,3.78,8.89
EV202220,2015.0,232896.0,773.0,58.78,0.6038,94.98,38.1,6.0,0.509,22.1,75.1,72.4,80.7,29.5,41.6,43.2,0.0,219.0,1,3.0,41.22,11.1
EV213658,2017.0,152664.0,361.0,83.2,0.556,92.77,64.02,2.0,0.485,38.6,57.6,58.1,59.6,18.33,37.1,52.0,10.5,897.0,0,1.0,16.8,8.63
EV136900,2018.0,260333.0,1024.0,60.27,0.7265,89.93,29.55,11.0,0.326,74.1,107.3,69.9,71.3,33.8,39.2,42.3,51.7,239.0,1,1.0,39.73,8.02
EV287840,2016.0,78549.0,519.0,66.8,0.7819,88.15,32.85,9.0,0.485,17.3,47.2,35.7,74.5,37.83,84.5,47.2,33.9,636.0,1,2.0,33.2,10.05
EV237656,2017.0,45480.0,92.0,87.61,0.3949,96.15,86.3,1.0,0.312,10.4,13.6,72.2,48.7,13.1,47.3,68.5,65.2,1290.0,0,1.0,5.94,9.05
EV297082,2017.0,91501.0,203.0,86.73,0.5035,95.27,74.13,1.0,0.24,12.8,33.7,50.9,71.8,17.12,18.7,52.5,62.2,1102.0,0,2.0,13.27,8.98
EV137410,2019.0,306534.0,1086.0,54.26,0.7679,91.46,30.59,18.0,0.698,83.5,147.6,65.1,63.8,33.63,62.5,48.9,0.0,229.0,1,2.0,45.74,
EV256738,2019.0,72755.0,346.0,82.46,0.5559,95.3,40.17,9.0,0.085,17.3,26.4,72.8,59.5,12.04,22.2,49.6,76.4,696.0,0,2.0,17.54,6.67
EV262514,2017.0,136962.0,422.0,56.24,0.823,90.75,35.27,5.0,0.154,22.1,48.5,43.5,69.6,41.8,31.0,42.8,63.1,208.0,1,3.0,43.76,9.15
EV288807,2022.0,49603.0,163.0,86.73,0.4773,98.37,64.02,1.0,0.351,13.2,44.5,81.2,46.9,20.67,50.1,67.3,74.4,1167.0,0,3.0,13.27,4.14
EV224045,2022.0,3271.0,19.0,94.55,0.4128,94.02,96.03,1.0,0.369,2.1,4.4,71.2,46.5,17.34,57.4,63.1,65.9,1479.0,0,2.0,5.45,4.0
EV214187,2023.0,51577.0,242.0,84.29,0.5039,96.17,39.56,5.0,0.306,15.4,45.5,81.2,52.6,18.33,45.0,60.1,47.4,1059.0,0,3.0,15.71,3.07
EV290123,2022.0,12974.0,214.0,99.65,0.3601,95.99,78.92,1.0,0.302,4.1,12.5,85.9,59.1,13.52,66.5,57.8,53.3,1177.0,0,0.0,0.35,
EV156038,2024.0,10479.0,36.0,99.8,0.2866,96.78,117.0,4.0,0.248,1.9,47.1,92.4,63.2,9.05,47.4,56.6,51.8,1127.0,0,4.0,0.2,1.99
EV149689,2023.0,47649.0,133.0,91.64,0.4712,94.68,64.02,1.0,0.191,30.9,75.3,100.0,47.6,14.92,0.0,56.9,84.4,1201.0,0,1.0,8.36,2.71
EV139089,2017.0,163108.0,544.0,75.24,0.5949,93.62,45.69,6.0,0.305,19.2,57.7,63.6,51.5,23.63,23.3,63.4,42.1,680.0,1,5.0,,9.07
EV197306,2016.0,47871.0,123.0,94.32,0.4289,96.97,64.02,2.0,0.415,11.8,17.5,60.2,48.1,12.79,54.2,56.9,69.4,1269.0,0,0.0,5.68,10.11
EV172411,2016.0,32951.0,22.0,99.8,0.3041,94.98,93.49,5.0,0.124,3.6,10.7,56.8,52.4,18.26,42.8,56.3,75.4,1467.0,0,2.0,0.2,10.06
EV154259,2019.0,27313.0,1.0,96.96,0.3006,98.06,71.19,3.0,0.535,6.1,12.6,79.3,60.4,14.94,38.0,53.9,50.1,1188.0,0,0.0,3.04,6.74
EV129191,2018.0,214143.0,543.0,60.82,0.5989,93.14,40.74,8.0,0.373,54.2,86.2,66.2,76.2,34.25,72.4,44.2,48.0,378.0,1,5.0,39.18,7.85
EV264988,2017.0,109809.0,274.0,68.4,0.7185,91.54,55.36,2.0,0.086,19.1,37.0,55.6,59.4,21.54,36.9,57.4,62.6,378.0,0,2.0,31.6,8.95
EV163463,2015.0,124495.0,255.0,84.6,0.59,94.95,74.16,3.0,0.278,17.2,36.9,42.8,60.9,21.5,42.6,51.1,57.0,1040.0,0,6.0,,10.83
EV145542,2017.0,112502.0,275.0,88.61,0.4726,94.77,78.21,2.0,0.208,27.3,42.4,53.7,52.1,20.28,2.6,64.0,55.8,1057.0,0,2.0,11.39,8.65
EV240478,2020.0,35110.0,42.0,99.8,0.4319,98.01,78.29,1.0,0.319,4.9,13.8,72.8,43.6,12.39,31.4,71.5,78.1,1436.0,0,2.0,0.2,6.84
EV214408,2023.0,99310.0,214.0,85.96,0.5307,96.07,69.81,11.0,0.668,36.5,106.9,92.9,44.4,14.37,67.0,66.0,14.2,1111.0,0,0.0,14.04,2.96
EV251479,2023.0,31219.0,214.0,93.19,0.3914,94.06,65.81,2.0,0.125,7.6,23.6,92.7,58.7,15.37,25.2,58.9,58.6,1081.0,0,3.0,6.81,3.38
EV282892,2018.0,54520.0,214.0,96.33,0.3372,97.64,104.67,4.0,0.425,7.8,26.1,60.1,66.3,16.11,40.4,46.4,71.2,1030.0,0,4.0,3.67,8.0
EV113229,2016.0,39688.0,85.0,87.61,0.4031,96.04,91.83,2.0,0.398,3.2,10.5,53.9,45.2,10.84,33.0,59.3,60.5,1309.0,0,2.0,5.23,10.06
EV175108,2018.0,289323.0,547.0,66.46,0.5532,91.34,68.97,6.0,0.378,84.6,116.6,69.0,87.2,28.19,48.5,33.8,31.3,433.0,1,3.0,33.54,8.02
EV234075,2024.0,13333.0,47.0,96.74,0.3814,96.12,79.77,5.0,0.596,10.5,26.1,91.1,47.6,16.04,24.8,61.1,0.0,1361.0,0,3.0,3.26,2.26
EV280709,2024.0,26342.0,168.0,90.06,0.4549,93.3,53.95,2.0,0.335,11.6,39.6,90.0,49.1,14.95,9.5,64.5,65.6,1255.0,0,1.0,9.94,2.23
EV157975,2020.0,60476.0,102.0,86.84,0.5675,95.76,77.95,3.0,0.569,18.4,51.2,88.3,46.0,6.41,24.2,62.4,33.6,615.0,0,4.0,13.16,3.9
EV254951,2020.0,138245.0,604.0,65.79,0.757,89.03,29.69,11.0,0.193,49.8,68.7,66.2,75.2,23.91,59.0,47.7,36.6,620.0,1,,34.21,5.95
EV252054,2023.0,124987.0,654.0,60.07,0.6112,90.18,22.69,22.0,0.574,80.1,149.2,73.7,77.8,25.76,48.8,38.7,31.2,362.0,1,,39.93,3.02
EV287681,2023.0,45100.0,124.0,87.46,0.6326,91.1,57.57,4.0,0.319,26.1,45.1,74.1,56.8,12.07,72.3,48.1,62.2,1196.0,0,2.0,12.54,3.06
EV174991,2020.0,90650.0,167.0,88.95,0.5296,94.97,98.08,2.0,0.457,18.4,49.9,80.7,70.7,16.38,51.9,40.3,32.5,1150.0,0,2.0,11.05,5.98
EV271563,2023.0,8648.0,19.0,99.8,0.3669,97.11,86.65,1.0,0.391,4.1,10.3,91.7,57.0,8.35,33.2,59.4,49.6,1185.0,0,1.0,0.2,2.75
EV252069,2018.0,215568.0,941.0,58.54,0.7713,90.53,26.92,15.0,0.511,49.0,88.0,65.1,56.8,43.54,42.2,47.1,0.0,353.0,1,5.0,41.46,7.96
EV242033,2021.0,78549.0,269.0,87.61,0.4556,94.09,41.68,2.0,0.614,38.6,53.3,82.2,56.8,14.04,30.5,56.9,52.1,785.0,0,1.0,19.81,5.02
EV221677,2018.0,229543.0,458.0,67.81,0.5424,95.2,76.56,4.0,0.269,20.4,96.8,81.9,71.6,19.64,51.8,46.0,50.4,510.0,0,5.0,32.19,7.92
EV142236,2018.0,78549.0,1.0,99.8,0.3641,97.65,91.15,1.0,0.654,20.4,3.0,52.4,40.4,16.28,33.7,64.3,47.9,1482.0,0,2.0,0.2,8.2
EV151716,2019.0,500.0,7.0,99.8,0.3371,95.41,53.62,1.0,0.299,1.0,3.0,75.0,60.6,11.02,23.7,52.9,88.5,1157.0,0,3.0,0.2,6.95
EV199425,2022.0,37702.0,140.0,91.09,0.3556,96.61,66.84,1.0,0.292,9.0,26.0,77.9,58.1,11.02,6.4,58.0,71.6,949.0,0,2.0,8.91,4.08
EV215471,2024.0,78549.0,1.0,99.66,0.3538,98.01,57.87,2.0,0.293,22.1,34.8,93.9,38.1,3.17,55.5,77.9,66.8,1488.0,0,0.0,0.34,2.21
EV288377,2024.0,11526.0,6.0,99.8,0.3015,97.8,82.65,1.0,0.076,1.0,3.0,90.4,54.4,5.85,23.4,67.1,89.4,1155.0,0,2.0,0.2,1.81
EV238947,2017.0,161391.0,634.0,57.85,0.734,88.44,28.61,7.0,0.032,20.0,59.5,64.9,95.6,43.47,65.8,41.7,60.5,346.0,1,6.0,42.15,
EV257049,2018.0,33913.0,153.0,95.06,0.4202,93.88,40.56,5.0,0.334,6.9,11.2,65.8,51.7,15.81,26.6,56.7,26.4,1274.0,0,2.0,4.94,7.91
EV199372,2018.0,233423.0,335.0,80.52,0.5422,92.99,100.25,3.0,0.576,33.6,94.3,74.7,48.7,18.33,44.4,60.5,5.9,943.0,0,4.0,19.48,8.08
EV220216,2015.0,132664.0,337.0,79.97,0.5108,93.9,75.81,5.0,0.319,24.1,43.5,60.9,67.4,23.34,19.3,50.1,59.5,709.0,0,3.0,20.03,10.82
EV245002,2023.0,65930.0,248.0,85.34,0.4792,93.13,48.39,11.0,0.276,40.1,68.4,80.8,77.1,13.82,14.7,44.9,24.0,857.0,0,2.0,14.66,3.12
EV251649,2020.0,154906.0,697.0,65.21,0.7356,93.39,30.02,17.0,0.574,39.4,94.7,72.1,69.0,32.69,56.0,42.8,0.0,508.0,1,5.0,34.79,5.89
EV103296,2020.0,47155.0,213.0,87.61,0.4352,94.51,44.16,4.0,0.145,12.3,30.5,72.8,56.8,17.99,24.4,62.3,56.1,1185.0,0,,8.4,6.0
EV151220,2015.0,78549.0,1.0,99.8,0.423,95.94,74.55,4.0,0.247,2.1,3.0,50.0,43.4,9.86,23.4,56.9,50.1,1504.0,0,3.0,0.2,10.97
EV104737,2018.0,142961.0,354.0,83.37,0.5257,93.99,68.64,7.0,0.36,18.5,58.4,78.0,51.9,19.45,45.4,61.6,42.2,928.0,0,,16.63,8.09
EV260535,2020.0,78549.0,251.0,88.32,0.4636,95.02,34.97,7.0,0.153,14.8,35.0,64.6,59.6,19.66,32.1,59.6,83.5,1115.0,0,3.0,11.68,6.22
EV261865,2015.0,143572.0,341.0,88.05,0.4931,96.22,66.55,4.0,0.129,13.4,42.3,50.3,52.8,18.98,33.2,64.2,97.8,1017.0,0,0.0,11.95,11.05
EV203569,2021.0,95617.0,262.0,80.33,0.473,94.05,75.05,3.0,0.586,21.0,66.9,97.1,65.1,12.59,58.0,42.8,0.0,776.0,0,1.0,19.67,4.94
EV203465,2022.0,30996.0,148.0,82.71,0.662,94.91,48.69,2.0,0.107,8.4,14.8,85.5,44.9,16.63,26.8,61.3,84.3,532.0,0,3.0,17.29,
EV260224,2019.0,69264.0,130.0,94.44,0.438,97.56,87.21,5.0,0.221,23.8,32.6,65.1,52.3,20.89,1.1,50.7,80.5,1295.0,0,4.0,5.56,6.94
EV249827,2016.0,131407.0,214.0,74.87,0.6178,93.26,38.78,7.0,0.641,14.3,41.4,59.7,54.5,18.33,46.1,54.6,8.2,714.0,0,5.0,25.13,
EV224800,2023.0,500.0,1.0,99.8,0.3847,98.73,52.23,1.0,0.051,6.7,14.7,77.8,48.5,12.31,1.5,56.9,89.5,1532.0,0,3.0,0.2,2.97
EV107505,2015.0,215624.0,730.0,64.45,0.7297,91.43,41.61,8.0,0.488,23.6,67.2,53.1,62.7,38.84,56.2,56.9,9.1,534.0,1,3.0,,11.02
EV213057,2022.0,34474.0,214.0,94.96,0.5011,98.82,86.14,1.0,0.064,12.4,31.9,72.8,60.6,15.72,0.0,50.2,52.1,1304.0,0,1.0,5.04,4.12
EV186337,2017.0,1890.0,1.0,99.32,0.3191,98.73,124.08,1.0,0.129,1.0,3.0,74.6,58.3,12.67,37.4,56.0,92.8,1206.0,0,1.0,0.68,9.19
EV176994,2022.0,97855.0,151.0,93.46,0.4568,96.54,92.47,6.0,0.319,44.2,92.4,78.2,61.9,15.6,3.6,57.1,54.8,1253.0,0,1.0,,3.86
EV255635,2018.0,65104.0,165.0,86.78,0.5146,96.39,65.58,4.0,0.366,9.0,26.2,66.0,59.5,19.75,46.5,52.7,8.2,1169.0,0,3.0,13.22,8.38
EV265508,2018.0,6186.0,1.0,99.8,0.3118,97.3,88.1,1.0,0.165,1.0,3.0,68.6,48.3,12.95,19.9,64.3,52.1,1184.0,0,2.0,0.2,8.21
EV276054,2023.0,102681.0,256.0,94.49,0.5575,96.03,67.65,9.0,0.586,29.2,47.1,92.7,26.7,10.14,37.5,72.8,5.7,1030.0,0,0.0,5.51,2.86
EV187144,2024.0,500.0,1.0,94.93,0.5493,91.63,65.34,1.0,0.064,1.6,3.0,92.9,63.3,12.66,74.7,54.5,68.7,1440.0,0,4.0,5.07,2.12
EV139751,2023.0,65027.0,166.0,93.06,0.4283,94.98,71.42,7.0,0.379,27.9,80.8,78.3,50.9,21.28,42.9,62.2,42.8,1244.0,0,5.0,6.94,3.02
EV240956,2019.0,30896.0,1.0,95.67,0.5063,95.83,86.32,3.0,0.318,4.0,11.9,74.6,67.4,16.81,39.6,45.9,45.0,1460.0,0,3.0,4.33,6.98
EV283535,2017.0,78549.0,357.0,83.31,0.5891,97.2,41.93,5.0,0.17,25.1,35.2,61.1,45.3,16.77,36.5,68.3,40.4,1001.0,0,3.0,16.69,8.81
EV141196,2024.0,17922.0,96.0,98.41,0.4375,95.98,63.72,3.0,0.115,9.9,21.0,90.3,38.9,0.52,9.1,69.6,89.1,1345.0,0,2.0,1.59,1.88
EV213811,2019.0,106917.0,355.0,75.83,0.5941,94.79,43.83,7.0,0.333,15.1,51.9,74.4,80.6,19.2,40.5,56.9,25.7,637.0,0,1.0,24.17,7.05
EV234050,2015.0,29474.0,47.0,99.8,0.3218,94.98,44.43,3.0,0.266,6.3,10.8,51.7,48.8,24.3,10.2,56.9,75.9,1480.0,0,1.0,0.2,10.87
EV168817,2021.0,54438.0,221.0,84.53,0.4988,94.34,36.0,4.0,0.535,14.6,31.3,78.5,60.6,17.59,65.8,54.6,62.1,1030.0,0,1.0,15.47,4.92
EV123457,2017.0,178147.0,406.0,77.39,0.6045,92.83,76.07,5.0,0.54,47.3,64.5,58.4,57.5,23.91,56.7,53.8,30.7,841.0,0,3.0,22.61,9.11
EV189322,2024.0,28588.0,109.0,87.61,0.3957,94.11,73.1,5.0,0.316,29.0,41.4,72.8,44.2,3.86,52.2,68.7,27.1,1319.0,0,5.0,6.23,1.95
EV142948,2017.0,145447.0,337.0,78.26,0.5491,94.98,66.79,4.0,0.591,25.4,51.5,64.0,70.4,24.98,31.8,49.6,52.1,660.0,0,,21.74,8.91
EV226339,2018.0,141633.0,374.0,73.54,0.678,91.88,55.8,7.0,0.201,34.2,54.2,63.2,75.5,17.89,76.5,37.3,26.9,843.0,1,5.0,26.46,8.04
EV254929,2022.0,47215.0,185.0,89.35,0.4589,94.05,75.94,2.0,0.504,28.2,36.7,87.4,56.8,18.33,35.7,62.3,0.0,1215.0,0,2.0,10.65,4.28
EV136327,2023.0,96779.0,398.0,76.1,0.571,93.98,37.63,10.0,0.33,31.9,47.1,95.4,57.6,28.57,0.0,56.5,42.0,812.0,0,2.0,23.9,3.08
EV172369,2024.0,500.0,16.0,87.61,0.3049,95.3,70.79,2.0,0.201,1.7,3.0,85.3,59.0,17.33,35.1,55.4,71.2,1163.0,0,3.0,1.73,1.74
EV241549,2021.0,75041.0,223.0,81.0,0.4143,94.78,58.23,7.0,0.578,19.1,56.6,80.5,68.5,24.85,42.6,43.4,18.0,805.0,0,3.0,19.0,4.94
EV100589,2018.0,298141.0,530.0,60.98,0.6384,92.25,73.65,8.0,0.669,76.1,131.2,68.2,86.4,45.96,79.6,32.1,0.0,426.0,1,2.0,39.02,7.72
EV163455,2016.0,3454.0,56.0,99.12,0.3775,97.8,89.24,1.0,0.052,1.0,3.0,67.7,55.3,6.58,0.0,65.5,100.0,1444.0,0,,0.88,9.86
EV230611,2019.0,78549.0,145.0,91.04,0.4367,96.91,67.94,1.0,0.257,13.2,24.6,66.5,70.3,3.5535,22.9,53.3,86.9,966.0,0,5.0,8.96,7.18
EV100300,2016.0,37351.0,28.0,99.52,0.3632,96.77,113.16,1.0,0.291,10.3,12.7,61.5,48.6,19.5,32.2,68.7,64.2,1421.0,0,7.0,,10.02
EV265463,2016.0,37340.0,64.0,96.04,0.3587,97.14,102.91,1.0,0.339,7.3,9.0,43.8,60.4,30.67,33.2,45.4,53.9,1117.0,0,5.0,3.96,10.2
EV130153,2021.0,97512.0,211.0,78.42,0.5063,94.89,74.21,6.0,0.194,27.4,70.2,81.2,51.2,19.71,21.1,56.9,61.9,457.0,0,1.0,21.58,4.94
EV124909,2020.0,9794.0,1.0,99.8,0.4027,96.74,80.44,1.0,0.202,1.7,3.0,79.5,51.1,11.41,58.7,58.4,92.0,1440.0,0,4.0,0.2,6.15
EV293033,2020.0,44775.0,178.0,93.26,0.4729,97.13,70.07,5.0,0.091,8.0,24.0,83.4,43.6,19.77,26.7,68.9,90.7,1226.0,0,2.0,6.74,5.95
EV149204,2020.0,101681.0,179.0,78.12,0.6632,96.56,78.13,5.0,0.2,19.8,57.8,61.8,62.3,18.33,22.0,52.7,71.4,471.0,0,2.0,21.88,6.23
EV187168,2024.0,36817.0,114.0,85.32,0.5588,94.47,55.54,3.0,0.204,17.5,44.9,84.5,50.9,20.24,41.8,64.0,27.8,556.0,0,5.0,14.68,1.89
EV265815,2019.0,147726.0,380.0,71.01,0.7346,88.8,58.06,4.0,0.385,59.0,47.1,59.1,82.4,33.93,96.7,40.2,23.9,836.0,1,1.0,28.99,7.17
EV263031,2019.0,149883.0,481.0,74.34,0.5114,91.69,44.39,8.0,0.162,20.9,69.3,84.2,73.3,27.06,27.5,40.2,54.0,574.0,0,2.0,25.66,7.04
EV262843,2020.0,4530.0,3.0,97.14,0.4511,96.44,57.39,1.0,0.443,1.0,3.0,75.9,49.6,11.98,5.8,59.3,42.7,1503.0,0,1.0,2.86,6.06
EV258215,2015.0,168351.0,812.0,40.76,1.0645,87.62,17.24,9.0,0.263,26.4,47.0,61.4,63.2,34.3,67.0,50.9,7.1,20.0,1,2.0,59.24,11.0
EV282767,2020.0,104691.0,195.0,84.55,0.4567,95.03,99.09,2.0,0.492,24.0,59.1,65.5,63.9,13.4,37.7,49.5,40.2,848.0,0,2.0,15.45,6.04
EV184127,2015.0,39663.0,163.0,93.34,0.453,96.54,48.53,5.0,0.115,6.3,15.7,71.0,48.7,17.18,9.2,56.9,74.0,1225.0,0,2.0,6.66,
EV158927,2017.0,312308.0,499.0,65.81,0.5754,90.62,85.08,4.0,0.492,51.9,118.4,67.9,80.6,26.29,21.6,35.7,25.0,405.0,1,,34.19,8.96
EV105760,2020.0,387310.0,953.0,54.33,0.8182,91.76,45.2,11.0,0.586,45.7,148.9,67.6,80.6,31.15,74.0,35.1,18.4,288.0,1,2.0,45.67,8.73
EV169104,2015.0,384989.0,1224.0,54.3,0.7804,88.93,36.05,11.0,0.418,59.1,115.4,44.4,70.4,43.16,54.5,43.0,52.1,1030.0,1,3.0,45.7,10.98
EV258880,2022.0,69144.0,230.0,85.91,0.4255,93.28,44.23,8.0,0.227,29.9,60.5,97.4,62.6,24.59,25.2,52.8,45.1,817.0,0,4.0,14.09,3.94
EV264363,2017.0,211959.0,439.0,81.7,0.5258,94.47,75.68,6.0,0.248,25.9,82.6,76.0,49.4,20.72,38.6,56.5,52.1,843.0,0,5.0,18.3,8.79
EV119282,2019.0,55930.0,252.0,87.61,0.4986,96.7,52.49,2.0,0.319,19.4,29.0,86.9,55.2,5.07,39.9,56.5,50.8,1169.0,0,2.0,7.55,6.81
EV184494,2024.0,36886.0,102.0,97.92,0.4043,96.43,71.16,1.0,0.281,45.8,69.9,90.5,45.3,0.0,40.3,67.3,48.6,1368.0,0,1.0,2.08,1.96
EV150973,2019.0,106080.0,200.0,91.13,0.4556,98.37,100.9,1.0,0.14,24.2,57.0,64.1,53.5,15.08,0.0,56.3,66.0,1225.0,0,3.0,8.87,6.99
EV134386,2022.0,11764.0,1.0,99.8,0.4023,95.88,112.36,4.0,0.127,4.9,9.1,77.5,41.4,16.28,18.4,56.9,100.0,1495.0,0,1.0,0.2,4.12
EV284625,2024.0,78549.0,84.0,87.61,0.4256,97.08,80.7,6.0,0.289,21.9,39.2,86.3,57.4,12.73,41.4,52.8,61.0,1036.0,0,1.0,5.22,1.9
EV252281,2016.0,78549.0,1.0,98.26,0.4192,97.17,72.99,4.0,0.591,2.1,3.0,67.5,55.1,8.27,48.8,52.4,19.9,1491.0,0,0.0,1.74,10.24
EV120293,2019.0,147907.0,623.0,70.24,0.6052,91.41,34.12,4.0,0.298,22.9,74.1,76.0,57.9,23.29,50.7,62.3,42.3,605.0,0,2.0,29.76,6.98
EV144476,2023.0,66438.0,157.0,91.23,0.3796,95.12,99.44,5.0,0.374,28.2,85.5,93.0,65.5,9.08,35.2,52.3,42.7,971.0,0,2.0,8.77,2.9
EV152290,2023.0,88102.0,239.0,87.61,0.434,94.78,69.54,6.0,0.386,31.1,90.1,93.0,60.3,18.33,30.9,54.8,36.5,801.0,0,3.0,15.71,3.22
EV184830,2024.0,20999.0,1.0,99.8,0.3971,98.69,88.37,7.0,0.613,14.0,45.3,87.0,52.1,13.39,54.6,60.6,52.1,1493.0,0,5.0,,1.8
EV253145,2016.0,213009.0,379.0,81.2,0.5705,94.17,95.55,5.0,0.281,38.8,47.1,53.9,53.5,20.45,56.3,67.0,65.4,954.0,0,3.0,18.8,9.99
EV176549,2023.0,49469.0,196.0,91.05,0.4475,94.98,45.32,7.0,0.134,29.4,64.9,85.6,48.4,13.98,13.9,59.9,58.3,1187.0,0,3.0,8.95,3.26
EV247957,2017.0,828.0,53.0,97.2,0.4185,96.41,48.67,2.0,0.202,1.3,3.0,70.1,65.8,11.6,24.7,45.7,79.1,1403.0,0,2.0,2.8,8.99
EV175187,2016.0,155606.0,435.0,85.78,0.528,94.69,70.43,1.0,0.063,16.4,51.1,52.3,49.4,20.11,0.0,64.6,96.2,878.0,0,2.0,14.22,9.95
EV140992,2015.0,161453.0,576.0,74.78,0.6586,92.39,45.83,6.0,0.511,23.8,51.7,41.7,52.2,27.64,30.0,63.2,6.8,698.0,0,,25.22,11.22
EV115217,2021.0,47889.0,73.0,95.05,0.4592,96.19,78.17,4.0,0.586,10.0,33.6,80.7,51.9,14.13,38.0,58.9,38.7,1355.0,0,4.0,4.95,4.94
EV128434,2017.0,78549.0,1.0,99.8,0.25,95.14,53.35,1.0,0.273,1.0,3.0,59.1,61.5,3.46,24.3,51.4,82.3,1189.0,0,1.0,0.2,8.62
EV120090,2018.0,170988.0,514.0,50.91,0.9178,89.39,35.27,5.0,0.448,48.6,69.9,71.0,67.8,29.57,24.7,42.7,0.0,132.0,1,3.0,49.09,8.1
EV272785,2016.0,332447.0,866.0,87.61,0.9376,88.75,36.05,10.0,0.42,44.8,110.3,61.7,58.9,33.56,14.4,53.6,0.0,0.0,1,6.0,53.82,10.08
EV244727,2015.0,11487.0,1.0,99.8,0.3993,96.36,52.43,1.0,0.18,1.4,47.1,62.1,50.4,16.48,29.1,63.2,95.8,1499.0,0,2.0,0.2,10.85
EV123295,2023.0,16435.0,1.0,99.8,0.3622,96.45,59.54,1.0,0.089,2.7,9.3,98.3,44.5,6.9,33.8,63.8,53.9,1507.0,0,3.0,0.2,2.7
EV280207,2021.0,42845.0,68.0,94.93,0.3456,94.98,63.29,1.0,0.263,10.8,24.9,83.2,66.3,13.41,7.9,45.7,73.6,1108.0,0,6.0,5.07,5.15
EV180439,2017.0,6268.0,58.0,94.42,0.4489,97.15,64.26,3.0,0.19,2.3,5.1,72.8,51.9,12.95,40.6,59.9,60.4,1367.0,0,1.0,5.58,9.01
EV139109,2020.0,80693.0,267.0,74.84,0.5063,94.76,57.15,4.0,0.207,34.1,43.1,73.6,60.2,23.9,12.2,60.9,11.1,404.0,0,1.0,25.16,6.29
EV166814,2016.0,142086.0,295.0,91.38,0.4705,96.84,64.02,1.0,0.066,14.1,47.3,72.8,52.0,22.27,0.0,59.6,100.0,1093.0,0,,8.62,9.79
EV221846,2024.0,17387.0,94.0,90.96,0.4257,95.61,103.16,2.0,0.695,24.3,30.3,81.5,52.6,12.3,34.0,63.6,31.0,1272.0,0,2.0,9.04,2.13
EV137481,2021.0,47642.0,150.0,93.84,0.4113,96.14,52.41,2.0,0.099,21.4,32.1,77.3,60.9,9.02,12.5,50.7,85.7,947.0,0,,6.16,5.21
EV200725,2016.0,123082.0,336.0,81.03,0.5429,94.37,64.02,6.0,0.293,23.5,44.8,52.6,47.1,15.07,15.2,57.0,52.5,996.0,0,1.0,18.97,9.91
EV133245,2020.0,48124.0,118.0,92.84,0.4204,96.8,78.95,3.0,0.272,13.9,26.7,77.5,47.1,14.97,32.0,63.2,64.3,1325.0,0,2.0,7.16,5.79
EV273896,2018.0,200196.0,586.0,63.41,0.5937,90.28,42.41,12.0,0.504,27.5,87.7,76.0,69.2,24.04,58.2,45.3,5.2,377.0,1,5.0,36.59,7.84
EV286349,2016.0,500.0,1.0,95.42,0.3922,94.98,61.44,1.0,0.644,1.3,3.0,46.3,62.0,13.68,33.2,50.5,38.4,1215.0,0,,4.58,9.76
EV223988,2023.0,26064.0,94.0,96.02,0.322,98.66,50.58,1.0,0.183,9.6,15.5,80.9,59.7,11.42,0.0,47.6,84.7,1079.0,0,,3.98,3.0
EV274326,2016.0,5515.0,1.0,98.54,0.3618,94.88,95.94,1.0,0.479,1.2,3.0,46.1,63.7,19.47,24.5,55.4,43.1,1235.0,0,2.0,1.46,9.88
EV146414,2023.0,15318.0,1.0,94.89,0.5524,93.03,83.48,3.0,0.27,13.6,17.3,71.7,66.5,18.33,60.5,44.3,52.2,1418.0,0,2.0,5.11,3.05
EV192360,2023.0,72074.0,153.0,87.31,0.5581,97.46,62.93,9.0,0.304,23.0,78.4,79.7,54.5,25.19,22.0,62.1,65.5,1182.0,0,2.0,12.69,3.22
EV195136,2024.0,44511.0,32.0,94.81,0.4343,97.93,89.69,1.0,0.074,20.0,68.9,83.0,52.7,16.38,71.2,63.5,100.0,1402.0,0,3.0,5.19,2.17
EV213380,2021.0,90565.0,151.0,93.69,0.3896,93.73,93.37,1.0,0.247,46.4,57.8,84.7,61.7,18.33,18.9,60.1,74.4,933.0,0,2.0,6.31,5.02
EV159752,2018.0,156823.0,439.0,87.61,0.8157,90.91,42.37,4.0,0.45,22.7,64.5,64.8,55.0,28.46,42.4,61.2,0.0,1030.0,1,2.0,46.36,8.09
EV166412,2024.0,12109.0,57.0,92.21,0.3222,96.71,57.05,2.0,0.106,6.3,21.7,96.9,57.5,9.14,28.4,52.4,86.1,1016.0,0,1.0,7.79,1.74
EV241115,2023.0,49328.0,114.0,87.61,0.3041,96.61,64.02,5.0,0.212,28.4,47.1,87.6,61.8,8.92,14.3,57.8,79.8,1064.0,0,2.0,2.57,3.14
EV277786,2022.0,59427.0,188.0,86.96,0.4565,94.84,54.82,4.0,0.673,30.7,44.9,67.8,56.6,18.33,16.7,62.1,0.0,1175.0,0,2.0,13.04,3.84
EV161889,2016.0,83459.0,501.0,79.78,0.5276,95.73,30.46,4.0,0.163,13.2,28.1,72.4,53.6,9.35,0.0,69.7,100.0,855.0,0,0.0,20.22,9.95
EV114800,2018.0,210476.0,1168.0,46.6,0.6908,88.69,17.02,21.0,0.366,39.5,90.7,70.1,92.7,40.91,33.9,28.8,12.5,7.0,1,2.0,53.4,7.83
EV243750,2022.0,74758.0,237.0,88.28,0.4646,94.94,51.46,6.0,0.159,21.1,54.6,75.9,53.2,21.89,21.5,56.9,58.5,1166.0,0,1.0,11.72,4.22
EV105986,2016.0,310988.0,1207.0,55.1,0.7534,90.46,27.18,17.0,0.464,20.4,101.6,66.9,62.4,33.87,34.4,52.7,8.8,122.0,1,2.0,44.9,10.18
EV141062,2022.0,41066.0,82.0,97.02,0.3839,97.68,67.93,1.0,0.25,11.4,31.7,74.2,49.6,8.87,21.6,54.0,74.6,1393.0,0,0.0,2.98,
EV252779,2023.0,21255.0,84.0,98.06,0.3697,97.54,81.12,1.0,0.127,8.2,20.6,89.6,62.7,14.0,21.1,58.2,77.1,1030.0,0,4.0,1.94,2.77
EV162004,2021.0,96573.0,184.0,92.41,0.4951,97.01,95.72,5.0,0.221,23.8,61.8,79.8,42.5,7.78,0.0,62.8,78.7,1177.0,0,0.0,7.59,5.01
EV279865,2021.0,27448.0,68.0,76.0,0.8066,88.52,48.65,3.0,0.464,11.0,14.0,64.2,60.8,27.46,100.0,53.5,0.0,549.0,1,2.0,24.0,5.11
EV220491,2024.0,50782.0,172.0,88.47,0.3919,94.51,41.88,11.0,0.421,25.5,69.2,86.3,66.4,13.39,28.9,51.9,43.3,913.0,0,1.0,11.53,2.1
EV111234,2020.0,113758.0,358.0,87.61,0.5644,94.65,69.24,4.0,0.532,20.5,60.4,75.4,56.0,22.48,53.5,62.2,61.5,859.0,0,4.0,21.35,6.1
EV290629,2015.0,298443.0,995.0,52.99,0.8886,91.86,30.82,6.0,0.744,76.3,47.1,46.8,74.0,45.06,33.2,49.5,0.0,312.0,1,2.0,47.01,10.86
EV116877,2019.0,88763.0,209.0,83.45,0.4727,93.98,69.06,1.0,0.387,15.1,40.4,68.4,71.7,14.1,40.7,54.7,48.1,837.0,0,6.0,16.55,7.09
EV225568,2020.0,57558.0,117.0,92.82,0.438,94.6,64.02,2.0,0.191,21.5,31.8,63.9,50.6,22.6,28.5,59.7,51.5,1030.0,0,4.0,7.18,
EV237741,2015.0,354017.0,929.0,52.0,0.701,91.98,41.28,12.0,0.537,37.8,107.6,49.1,80.6,29.4,37.5,43.4,0.0,129.0,1,2.0,48.0,11.07
EV207989,2015.0,54085.0,102.0,94.14,0.4197,96.64,70.93,2.0,0.205,13.0,19.8,63.3,42.7,14.33,33.2,58.5,74.1,1299.0,0,4.0,5.86,
EV187295,2018.0,140726.0,606.0,61.23,0.6109,91.98,29.22,14.0,0.225,22.6,60.9,70.0,75.2,36.35,27.4,43.9,52.1,332.0,1,3.0,38.77,7.78
EV260201,2018.0,145922.0,565.0,69.81,0.6362,92.26,37.6,9.0,0.386,47.8,59.9,57.9,63.5,36.02,34.0,49.3,0.0,632.0,1,4.0,30.19,8.07
EV295581,2018.0,18339.0,52.0,91.52,0.4914,96.96,72.98,1.0,0.283,1.6,5.4,77.6,49.3,16.87,33.2,58.0,75.0,712.0,0,1.0,8.48,8.11
EV212871,2023.0,4304.0,61.0,90.7,0.4643,95.08,40.12,4.0,0.451,4.4,7.9,80.6,45.5,18.33,28.8,63.0,54.4,678.0,0,2.0,9.3,2.99
EV134895,2018.0,247256.0,745.0,66.29,0.6354,92.9,47.09,7.0,0.319,40.4,94.0,63.2,65.2,27.38,36.8,44.3,27.4,506.0,1,0.0,33.71,7.92
EV101928,2018.0,94042.0,221.0,87.84,0.5404,94.42,90.9,1.0,0.144,20.6,35.7,64.5,66.2,10.98,37.8,55.8,70.1,1030.0,0,2.0,12.16,8.13
EV158277,2022.0,16001.0,1.0,99.8,0.3967,99.5,45.3,2.0,0.443,5.5,9.5,85.0,43.3,11.08,15.9,64.0,72.9,1500.0,0,2.0,0.2,4.27
EV244766,2024.0,31551.0,41.0,99.8,0.4791,95.82,83.16,5.0,0.223,14.3,46.2,87.7,46.3,10.77,63.5,65.1,81.6,1450.0,0,1.0,0.2,1.66
EV131063,2020.0,75670.0,212.0,87.11,0.4924,94.96,74.31,4.0,0.155,23.9,41.9,74.2,54.6,9.75,0.0,50.4,84.4,1146.0,0,0.0,12.89,5.15
EV151228,2020.0,41537.0,39.0,94.91,0.3177,95.94,119.71,1.0,0.429,7.4,15.6,69.6,60.0,16.16,25.7,50.0,75.5,1053.0,0,3.0,5.09,8.08
EV287452,2024.0,500.0,5.0,99.8,0.4036,96.36,82.26,1.0,0.278,2.2,3.0,96.4,36.5,6.24,8.0,67.8,67.2,1474.0,0,2.0,,2.21
EV247692,2018.0,12211.0,38.0,90.45,0.5082,93.63,46.87,4.0,0.745,2.9,7.9,63.3,46.0,18.23,60.9,66.5,0.0,696.0,0,4.0,,7.98
EV147424,2022.0,77189.0,186.0,94.48,0.4138,98.1,107.47,2.0,0.287,20.0,68.5,77.4,54.5,10.07,23.5,52.3,58.5,1218.0,0,2.0,5.52,
EV118563,2016.0,161714.0,471.0,87.61,0.5988,91.33,48.99,5.0,0.422,26.4,51.4,67.4,76.1,25.44,29.5,48.7,17.8,1030.0,0,2.0,28.6,10.09
EV295892,2019.0,500.0,1.0,99.8,0.389,97.01,88.7,4.0,0.324,1.4,3.0,69.0,41.6,3.42,13.1,69.0,59.9,1491.0,0,2.0,0.2,6.94
EV236328,2018.0,81901.0,114.0,95.6,0.3601,95.84,92.07,2.0,0.28,21.7,31.3,60.6,44.4,18.33,14.2,70.1,81.9,1329.0,0,2.0,4.4,8.02
EV173460,2020.0,22481.0,29.0,98.94,0.3936,95.04,92.59,1.0,0.352,4.7,12.8,63.2,50.8,18.07,39.3,61.1,62.0,1474.0,0,1.0,1.06,7.04
EV249667,2021.0,83104.0,228.0,79.14,0.6214,93.9,54.13,6.0,0.22,41.4,53.8,70.6,61.1,31.44,21.4,46.8,69.4,470.0,0,2.0,20.86,5.01
EV230213,2015.0,262184.0,621.0,63.93,0.6494,92.39,54.37,6.0,0.603,25.4,76.4,57.8,53.1,22.36,60.6,57.6,10.3,595.0,1,2.0,36.07,11.21
EV154883,2020.0,259115.0,629.0,56.78,0.9451,84.89,39.63,6.0,0.868,54.5,141.6,69.7,78.7,38.31,100.0,40.6,0.0,510.0,1,3.0,43.22,5.95
EV279113,2017.0,339959.0,745.0,59.1,0.8063,94.98,54.52,4.0,0.725,37.5,126.4,72.8,60.6,39.05,80.4,52.8,0.0,444.0,1,3.0,40.9,9.01
EV281044,2023.0,51893.0,173.0,88.51,0.5334,95.69,45.73,4.0,0.361,18.0,42.2,88.2,48.2,22.45,40.2,65.8,51.7,1123.0,0,1.0,11.49,3.11
EV150032,2018.0,56391.0,303.0,77.15,0.4548,94.76,34.48,5.0,0.3,9.4,22.7,57.1,56.8,20.43,22.8,51.7,55.0,674.0,0,0.0,22.85,8.13
EV159772,2019.0,153715.0,214.0,52.65,0.8875,89.75,36.02,11.0,0.538,31.0,75.0,59.4,53.7,40.6,32.5,54.1,3.1,189.0,1,2.0,47.35,6.79
EV264184,2020.0,44153.0,224.0,87.61,0.3615,95.35,42.77,2.0,0.243,18.4,24.4,73.7,61.9,17.32,47.5,50.2,47.4,884.0,0,2.0,10.37,5.8
EV282377,2017.0,48180.0,114.0,91.57,0.3235,94.6,78.01,3.0,0.384,5.7,18.7,49.5,67.4,27.38,41.5,49.4,70.1,963.0,0,3.0,8.43,8.92
EV171227,2023.0,70627.0,182.0,76.71,0.6332,96.86,64.28,5.0,0.479,24.3,47.1,82.4,44.4,24.04,34.9,70.4,52.1,484.0,0,1.0,23.29,3.24
EV192526,2017.0,30633.0,154.0,90.06,0.4507,95.45,62.33,4.0,0.319,4.2,47.1,68.6,49.9,8.48,15.2,64.4,65.8,1190.0,0,,9.94,9.0
EV195087,2018.0,215461.0,446.0,67.76,0.5918,90.24,66.89,10.0,0.319,46.6,91.4,68.0,90.5,35.3,71.4,39.4,0.0,515.0,1,6.0,32.24,7.78
EV262925,2022.0,113267.0,204.0,78.78,0.5956,94.98,94.3,4.0,0.112,26.9,86.1,71.1,78.6,24.87,43.5,44.4,77.9,1030.0,0,2.0,21.22,
EV120845,2017.0,17886.0,1.0,99.8,0.4489,98.61,101.46,2.0,0.373,2.2,5.9,51.7,55.6,9.27,33.2,48.3,80.0,1453.0,0,1.0,0.2,8.87
EV127958,2023.0,81368.0,409.0,78.08,0.558,91.85,31.75,12.0,0.495,24.5,85.6,88.5,54.5,23.59,58.8,58.7,22.1,828.0,0,2.0,21.92,3.32
EV150630,2016.0,144839.0,351.0,81.64,0.5608,92.93,61.78,8.0,0.398,15.3,50.1,50.8,57.7,25.85,39.9,55.1,32.8,929.0,0,4.0,18.36,9.9
EV109341,2017.0,35151.0,137.0,92.78,0.4103,97.39,90.7,2.0,0.442,9.6,14.2,72.8,44.4,24.08,37.7,63.7,46.0,1245.0,0,1.0,7.22,8.85
EV297489,2022.0,56994.0,197.0,83.09,0.4943,93.51,68.32,2.0,0.694,22.7,48.4,87.9,51.1,20.03,62.4,62.5,0.0,1065.0,0,1.0,16.91,4.09
EV225706,2016.0,70305.0,175.0,88.76,0.4529,93.46,65.03,1.0,0.298,8.3,20.4,67.6,66.7,22.64,35.7,51.0,58.2,938.0,0,3.0,11.24,9.86
EV224324,2016.0,40021.0,79.0,97.25,0.3694,96.77,99.46,1.0,0.268,4.5,13.0,62.9,66.2,9.72,0.0,49.0,56.0,1125.0,0,0.0,2.75,10.04
EV116603,2015.0,209782.0,988.0,52.9,0.6542,88.14,22.96,8.0,0.177,27.4,60.1,46.7,78.3,36.44,41.1,36.6,37.5,108.0,1,3.0,47.1,11.16
EV163351,2019.0,268765.0,804.0,53.56,0.6713,91.8,33.6,17.0,0.714,102.8,124.8,64.0,74.1,30.3,43.8,43.2,52.1,228.0,1,2.0,46.44,6.94
EV193443,2017.0,170893.0,508.0,73.76,0.5853,91.66,58.22,6.0,0.371,20.4,61.4,73.8,63.7,31.4,29.9,43.8,50.8,741.0,0,3.0,26.24,8.94
EV140312,2015.0,159419.0,305.0,86.2,0.5063,95.36,64.02,2.0,0.221,15.0,46.3,48.4,59.4,19.13,51.2,55.0,61.8,1004.0,0,4.0,13.8,10.88
EV129211,2019.0,69847.0,153.0,94.21,0.3999,97.41,84.02,1.0,0.315,13.0,33.9,67.2,55.9,19.27,30.5,54.6,67.2,1278.0,0,1.0,5.79,6.98
EV103846,2024.0,40745.0,214.0,92.88,0.4565,95.97,62.77,1.0,0.286,20.4,54.1,84.5,52.8,10.54,13.5,51.8,47.2,1307.0,0,0.0,,2.05
EV212207,2020.0,500.0,1.0,99.8,0.3794,96.83,99.67,4.0,0.444,1.6,3.0,69.5,40.4,11.96,39.1,73.1,35.8,1478.0,0,0.0,0.2,6.14
EV295481,2019.0,9767.0,52.0,98.84,0.3764,98.41,69.81,1.0,0.319,1.4,3.0,70.3,53.8,20.03,18.5,56.2,87.6,1434.0,0,0.0,1.16,
EV203462,2020.0,110791.0,585.0,54.03,0.9528,89.01,20.07,12.0,0.178,43.1,64.2,77.5,73.4,32.75,25.1,51.2,41.1,118.0,1,,45.97,5.88
EV252714,2020.0,46969.0,81.0,89.48,0.5063,96.49,83.73,2.0,0.498,6.2,21.3,71.5,48.8,19.66,58.0,62.5,53.7,629.0,0,1.0,10.52,6.24
EV246163,2018.0,237865.0,632.0,62.98,0.6445,92.93,45.53,7.0,0.224,53.4,94.0,72.8,85.6,19.07,43.2,34.5,37.7,389.0,1,5.0,37.02,8.27
EV248698,2015.0,312292.0,1434.0,43.07,0.8955,91.77,18.78,16.0,0.273,37.2,97.6,33.0,74.0,49.33,14.6,48.0,34.2,17.0,1,,,10.94
EV138416,2022.0,29676.0,77.0,87.61,0.4573,97.21,42.98,5.0,0.35,13.0,29.3,83.0,61.4,16.38,62.3,50.6,58.6,1381.0,0,1.0,4.91,4.03
EV220150,2023.0,38752.0,145.0,96.12,0.3615,95.95,82.6,1.0,0.205,22.0,39.5,85.6,56.5,15.97,8.6,60.9,71.3,1368.0,0,0.0,3.88,2.92
EV266712,2015.0,384143.0,1017.0,58.47,0.7378,91.26,47.86,10.0,0.784,41.6,119.1,54.6,70.4,46.01,65.9,45.7,0.0,319.0,1,3.0,41.53,10.83
EV143146,2017.0,28813.0,108.0,94.74,0.3831,97.44,37.3,5.0,0.39,4.1,12.4,72.7,38.5,19.61,21.1,70.6,53.9,1320.0,0,2.0,5.26,9.01
EV108623,2022.0,140891.0,510.0,64.46,0.7563,91.52,40.17,11.0,0.748,32.8,111.1,82.1,80.3,25.93,81.4,40.6,0.0,631.0,1,6.0,35.54,3.95
EV280237,2023.0,16460.0,22.0,99.8,0.4211,97.79,68.97,1.0,0.135,8.4,16.5,78.4,57.4,21.92,18.8,61.7,96.8,1489.0,0,1.0,0.2,2.86
EV116559,2018.0,53102.0,153.0,91.7,0.3251,95.48,108.03,1.0,0.137,9.7,25.4,59.1,65.8,11.95,0.0,56.6,74.0,928.0,0,1.0,8.3,8.09
EV228338,2018.0,74547.0,214.0,80.49,0.571,93.76,74.85,5.0,0.419,10.0,30.5,74.1,55.3,25.13,27.0,58.2,56.3,517.0,0,,19.51,7.99
EV142453,2022.0,28510.0,1.0,98.98,0.395,97.65,88.8,2.0,0.319,7.0,23.5,90.9,50.5,14.51,50.7,53.3,54.1,1449.0,0,3.0,1.02,4.02
EV258535,2018.0,187213.0,671.0,49.33,0.8658,85.34,26.72,7.0,0.297,25.3,77.1,63.4,90.4,27.1,100.0,36.9,15.4,283.0,1,3.0,50.67,7.84
EV176695,2015.0,414093.0,1019.0,51.61,0.9021,89.52,43.28,11.0,0.401,80.4,127.0,46.4,70.9,33.9,100.0,42.5,23.6,223.0,1,3.0,,10.83
EV123243,2019.0,144835.0,321.0,79.82,0.5875,95.2,66.21,5.0,0.28,21.1,72.9,71.7,56.7,29.32,37.9,57.0,55.1,955.0,0,1.0,20.18,7.15
EV155976,2016.0,64092.0,183.0,88.68,0.3845,95.93,59.28,5.0,0.192,12.1,21.5,55.2,63.9,24.04,63.4,57.0,76.9,906.0,0,4.0,11.32,9.63
EV172921,2020.0,6400.0,1.0,97.15,0.48,95.67,99.7,3.0,0.433,2.1,6.4,59.4,63.8,18.33,57.5,48.3,48.3,1476.0,0,3.0,2.85,5.95
EV252654,2022.0,63478.0,232.0,87.61,0.4342,93.41,64.02,5.0,0.468,20.9,52.5,90.5,62.2,12.22,33.2,53.8,36.6,849.0,0,3.0,14.39,4.2
EV224669,2016.0,257956.0,748.0,69.44,0.6703,92.17,45.57,10.0,0.319,66.7,84.5,57.4,56.5,24.84,52.7,58.9,0.0,536.0,1,1.0,30.56,10.17
EV122135,2016.0,21248.0,83.0,99.8,0.4062,96.76,34.72,1.0,0.24,1.0,3.0,57.7,65.2,16.79,19.6,47.8,63.6,1395.0,0,1.0,0.2,10.12
EV110177,2016.0,110862.0,515.0,71.71,0.6077,91.59,30.16,7.0,0.381,20.5,32.7,51.7,70.6,30.34,22.6,48.1,57.8,743.0,0,2.0,28.29,10.24
EV159067,2022.0,58051.0,195.0,89.0,0.4257,97.2,64.02,8.0,0.189,29.8,49.2,74.7,68.9,14.6,20.6,52.6,74.2,888.0,0,3.0,11.0,4.11
EV120859,2021.0,34587.0,55.0,93.86,0.3993,94.98,65.77,1.0,0.125,7.8,21.8,70.1,57.0,26.22,37.5,58.2,68.6,1054.0,0,2.0,6.14,5.27
EV250526,2018.0,40037.0,242.0,87.0,0.5114,93.27,69.28,4.0,0.287,9.7,19.5,59.9,58.9,16.9,26.9,54.6,74.3,1050.0,0,1.0,13.0,7.98
EV236958,2017.0,42786.0,178.0,91.63,0.4631,96.87,53.2,2.0,0.21,7.6,20.6,71.5,54.1,16.7,37.7,51.4,53.8,1254.0,0,1.0,8.37,8.91
EV150719,2024.0,35696.0,190.0,86.1,0.4711,94.52,37.3,8.0,0.591,18.1,51.3,87.2,51.2,21.63,52.5,58.0,40.6,1030.0,0,3.0,13.9,1.84
EV185632,2024.0,22271.0,99.0,94.36,0.4375,95.66,76.13,2.0,0.163,15.7,37.1,87.4,51.8,15.68,16.1,60.9,52.1,1254.0,0,3.0,5.64,2.17
EV221545,2023.0,38337.0,134.0,95.38,0.4237,95.14,78.46,2.0,0.146,10.5,35.4,84.3,53.5,1.64,39.2,62.0,76.4,1260.0,0,3.0,4.62,3.14
EV279003,2019.0,78549.0,237.0,83.54,0.5378,94.5,67.56,4.0,0.541,32.3,48.5,66.9,50.8,28.27,51.5,68.0,13.6,1020.0,0,4.0,16.46,7.13
EV199132,2021.0,48480.0,29.0,99.8,0.3392,97.87,97.74,4.0,0.129,13.9,30.5,90.4,51.6,11.56,3.6,62.5,52.1,1489.0,0,0.0,0.2,5.05
EV184656,2021.0,45370.0,231.0,89.39,0.4791,94.98,41.28,5.0,0.207,18.4,29.7,71.8,56.8,25.2,37.1,68.2,82.0,1150.0,0,,10.61,5.05
EV102792,2021.0,34861.0,35.0,99.8,0.409,97.43,101.81,2.0,0.038,8.2,20.9,91.9,40.8,15.37,37.2,68.4,77.1,1487.0,0,0.0,0.2,5.16
EV121714,2024.0,19612.0,76.0,96.18,0.4329,98.23,81.24,4.0,0.146,4.6,10.7,76.1,58.6,14.61,37.2,59.1,100.0,1409.0,0,5.0,3.82,2.15
EV251167,2016.0,279065.0,806.0,59.54,0.6957,90.19,42.85,7.0,0.68,52.2,92.6,66.4,59.2,23.57,77.9,60.3,7.4,441.0,1,6.0,40.46,9.67
EV213873,2022.0,19756.0,82.0,92.45,0.5063,96.62,57.5,2.0,0.049,4.7,9.4,86.2,54.8,12.83,45.9,62.8,81.4,1329.0,0,0.0,7.55,3.9
EV115023,2015.0,119466.0,278.0,75.13,0.6546,91.85,65.34,5.0,0.312,11.1,35.2,52.1,73.9,19.65,65.9,44.0,67.1,941.0,0,5.0,24.87,10.88
EV153858,2020.0,107564.0,353.0,87.61,0.5155,94.91,45.53,5.0,0.248,20.4,66.6,66.8,51.4,21.88,36.0,54.9,61.7,866.0,0,1.0,20.11,5.92
EV107066,2021.0,14492.0,70.0,98.72,0.466,95.89,56.87,1.0,0.319,2.4,3.0,87.9,60.7,9.82,72.5,50.9,99.1,1475.0,0,2.0,1.28,4.6
EV241308,2022.0,88214.0,224.0,85.94,0.4574,95.26,74.76,6.0,0.271,27.2,79.3,88.6,57.2,18.39,51.0,48.7,50.3,843.0,0,4.0,14.06,3.9
EV234205,2019.0,96044.0,266.0,85.82,0.4752,96.82,66.75,4.0,0.043,14.4,41.4,54.5,57.3,21.33,5.6,54.3,82.8,1054.0,0,2.0,14.18,7.16
EV105316,2017.0,166111.0,769.0,87.61,0.6652,89.9,24.22,10.0,0.429,41.2,61.0,53.6,88.3,37.89,58.3,35.5,8.7,286.0,1,3.0,40.98,9.07
EV133153,2020.0,170902.0,478.0,76.42,0.5063,94.77,53.5,9.0,0.438,29.0,94.9,71.2,62.8,31.91,60.8,52.7,18.6,811.0,0,1.0,23.58,
EV112583,2018.0,199651.0,674.0,45.71,0.9206,88.84,26.83,12.0,0.548,40.7,83.9,61.5,64.1,29.93,70.8,44.5,0.0,38.0,1,2.0,54.29,7.91
EV199926,2015.0,202940.0,367.0,75.44,0.6554,92.2,77.35,5.0,0.352,37.0,65.5,54.8,57.5,16.07,38.0,56.9,44.7,870.0,0,3.0,24.56,10.56
EV131062,2017.0,130877.0,307.0,86.16,0.4555,94.63,79.0,3.0,0.215,21.4,54.6,71.8,58.4,16.17,0.0,52.0,75.5,1069.0,0,2.0,13.84,9.06
EV281363,2019.0,78549.0,302.0,85.67,0.6002,94.66,61.75,6.0,0.434,36.8,65.9,67.9,62.0,21.91,26.4,49.3,37.2,1048.0,0,1.0,14.33,6.8
EV294817,2016.0,294665.0,436.0,73.92,0.5063,94.4,89.37,6.0,0.375,54.7,99.1,42.9,73.7,28.92,40.4,44.5,13.8,1030.0,1,4.0,26.08,10.22
EV149426,2024.0,2945.0,1.0,99.8,0.33,96.23,82.79,6.0,0.172,22.3,40.0,86.9,61.5,10.95,0.0,43.5,77.0,1030.0,0,4.0,0.2,2.02
EV134678,2021.0,52879.0,214.0,86.1,0.5033,94.52,52.15,3.0,0.595,20.6,42.4,84.6,61.6,17.83,47.2,50.0,38.0,870.0,0,4.0,13.9,4.9
EV204033,2021.0,76210.0,352.0,81.84,0.5172,92.81,38.77,9.0,0.157,24.3,59.9,64.8,57.1,32.25,7.3,55.2,61.4,892.0,0,1.0,18.16,4.96
EV143086,2015.0,419627.0,1678.0,32.07,1.0722,87.41,16.1,16.0,0.427,40.7,127.0,60.0,66.5,46.55,70.0,48.9,23.8,0.0,1,4.0,67.93,11.05
EV167452,2023.0,23222.0,40.0,99.8,0.3791,95.27,83.06,1.0,0.172,4.3,14.8,86.7,44.5,10.84,2.6,74.5,68.9,1480.0,0,0.0,0.2,3.0
EV143962,2017.0,271900.0,661.0,68.82,0.5063,91.89,56.41,12.0,0.391,33.9,101.7,66.4,65.5,34.59,41.9,52.7,15.5,566.0,1,2.0,,9.17
EV199362,2022.0,123239.0,351.0,79.23,0.5609,92.05,67.05,11.0,0.464,39.0,97.6,76.0,56.6,28.21,54.4,53.8,0.0,878.0,0,2.0,20.77,4.16
EV276884,2023.0,4727.0,49.0,99.8,0.3598,97.39,91.96,1.0,0.181,2.0,3.0,86.4,44.6,6.13,18.9,70.5,63.0,1400.0,0,3.0,0.2,2.92
EV227770,2019.0,119827.0,258.0,87.1,0.4598,96.05,68.91,7.0,0.555,16.2,56.2,68.0,51.2,26.97,53.8,56.0,0.0,1101.0,0,1.0,12.9,7.28
EV210354,2016.0,160565.0,313.0,83.39,0.5391,93.16,79.0,4.0,0.036,16.4,52.0,58.6,50.6,18.2,3.5,66.3,81.4,997.0,0,4.0,16.61,9.75
EV269675,2019.0,2345.0,1.0,99.8,0.4093,99.07,79.9,1.0,0.15,3.5,47.1,72.4,43.1,13.75,35.2,64.2,98.0,1477.0,0,1.0,0.2,6.86
EV203694,2020.0,37587.0,109.0,94.15,0.4597,96.0,69.05,1.0,0.214,16.9,25.8,75.5,47.7,20.01,34.5,62.2,62.6,1304.0,0,3.0,5.85,5.85
EV201161,2023.0,52229.0,43.0,96.79,0.3784,96.79,115.62,2.0,0.478,15.3,52.9,100.0,56.4,10.8,23.0,60.8,64.8,1365.0,0,2.0,,3.08
EV244352,2020.0,10312.0,39.0,96.61,0.4146,97.82,85.46,1.0,0.249,2.2,3.0,67.6,37.1,15.83,21.3,69.5,64.6,725.0,0,0.0,3.39,8.02
EV287944,2017.0,246676.0,1171.0,47.32,0.8096,89.45,18.9,12.0,0.454,40.5,86.7,40.8,72.8,57.04,75.4,46.9,9.8,151.0,1,3.0,52.68,9.11
EV260337,2021.0,90633.0,294.0,89.09,0.4928,96.69,57.7,9.0,0.141,41.2,59.0,84.6,47.8,8.23,14.2,65.7,81.3,1021.0,0,2.0,10.91,5.08
EV112527,2022.0,51522.0,161.0,92.51,0.3959,95.37,63.49,5.0,0.197,28.9,35.6,86.9,71.3,23.95,24.3,47.7,81.8,977.0,0,3.0,7.49,3.83
EV113812,2020.0,116831.0,307.0,87.61,0.4679,93.45,65.22,6.0,0.208,35.3,71.1,80.5,59.2,11.91,0.0,57.9,27.7,1034.0,0,2.0,13.74,5.88
EV191577,2023.0,30976.0,142.0,88.59,0.467,91.14,38.22,4.0,0.526,18.1,33.7,77.5,62.6,22.83,50.4,55.4,31.6,1197.0,0,1.0,11.41,3.17
EV223164,2019.0,47418.0,118.0,99.69,0.3552,95.5,114.36,3.0,0.135,9.7,18.1,62.5,60.0,18.33,26.7,54.5,88.6,1387.0,0,3.0,0.31,6.99
EV159630,2022.0,56159.0,170.0,85.18,0.5158,94.36,61.55,1.0,0.425,18.8,33.3,82.9,64.6,23.93,41.5,48.4,43.0,1154.0,0,2.0,14.82,4.27
EV278229,2021.0,188986.0,764.0,58.79,0.7162,91.48,29.41,22.0,0.551,60.0,134.6,71.8,69.5,38.76,22.9,49.0,24.0,424.0,1,2.0,41.21,4.73
EV297997,2016.0,29745.0,92.0,94.39,0.3833,94.04,89.14,1.0,0.378,20.4,9.1,49.7,63.0,20.83,38.5,56.9,32.7,979.0,0,1.0,5.61,10.1
EV206843,2018.0,198812.0,596.0,70.61,0.6079,92.34,53.38,9.0,0.624,60.5,85.8,57.1,70.9,45.06,58.0,51.1,13.5,626.0,1,4.0,29.39,8.04
EV117535,2016.0,38037.0,102.0,90.3,0.4498,95.54,78.34,1.0,0.197,4.0,12.6,74.9,39.0,9.01,0.0,64.1,76.5,643.0,0,0.0,9.7,10.01
EV293437,2020.0,16285.0,1.0,98.95,0.3699,96.09,79.27,2.0,0.075,9.6,22.1,79.1,46.8,11.2,0.0,61.1,30.3,1448.0,0,1.0,1.05,3.2
EV240359,2023.0,35878.0,83.0,96.03,0.4232,95.89,94.16,5.0,0.375,29.8,42.9,80.2,47.4,19.15,36.0,62.3,57.5,1398.0,0,1.0,3.97,2.89
EV243062,2020.0,192617.0,331.0,71.31,0.59,93.43,84.29,5.0,0.525,32.3,104.9,84.4,88.6,25.13,72.9,56.9,18.6,592.0,1,5.0,28.69,6.08
EV135734,2017.0,39089.0,112.0,94.02,0.385,97.16,77.84,1.0,0.285,6.8,8.7,49.0,47.4,22.7,12.9,56.0,62.6,1293.0,0,1.0,5.98,9.04
EV249120,2017.0,300210.0,1293.0,42.0,0.8522,88.94,20.61,14.0,0.537,57.8,105.3,56.8,56.8,47.1,50.5,30.6,0.0,0.0,1,2.0,58.0,9.2
EV174875,2019.0,211411.0,365.0,77.23,0.5594,94.15,99.03,9.0,0.731,50.3,98.0,69.7,62.0,18.39,59.4,61.4,22.9,869.0,0,1.0,22.77,7.2
EV186300,2019.0,28346.0,71.0,99.8,0.3515,96.19,68.35,3.0,0.264,4.9,47.1,70.6,48.7,9.97,30.0,63.8,67.7,1362.0,0,3.0,0.2,7.04
EV282245,2020.0,8980.0,13.0,99.8,0.5063,94.98,46.4,1.0,0.477,2.5,5.6,65.9,61.7,19.29,47.7,54.9,66.8,1228.0,0,2.0,0.2,6.18
EV285154,2015.0,212708.0,643.0,67.94,0.6773,92.22,46.56,4.0,0.155,33.9,66.6,35.4,65.2,37.69,30.8,51.1,69.3,589.0,1,,32.06,10.92
EV140110,2016.0,73847.0,187.0,89.98,0.4848,97.68,60.68,2.0,0.054,11.1,24.3,54.3,58.4,23.52,0.0,53.8,100.0,1177.0,0,2.0,10.02,10.13
EV283682,2020.0,133707.0,472.0,72.66,0.648,94.15,38.94,12.0,0.712,59.6,92.2,68.8,60.0,35.64,38.2,47.3,12.4,750.0,1,4.0,27.34,4.93
EV161628,2016.0,9397.0,1.0,99.8,0.4214,99.34,49.03,1.0,0.164,3.3,5.0,64.5,48.8,21.06,9.5,60.5,89.1,1492.0,0,2.0,0.2,9.69
EV225415,2019.0,129352.0,524.0,69.13,0.572,91.19,41.5,7.0,0.176,24.1,66.2,70.7,75.1,18.91,21.2,41.5,78.9,509.0,0,3.0,30.87,6.92
EV107350,2020.0,69768.0,246.0,81.11,0.4548,92.73,47.03,3.0,0.154,15.7,32.7,79.3,69.0,27.03,14.5,49.3,31.0,787.0,0,1.0,18.89,5.99
EV102807,2022.0,61016.0,204.0,89.29,0.5095,95.87,54.18,6.0,0.245,19.8,56.8,81.7,61.5,14.05,20.3,56.9,78.4,1181.0,0,3.0,10.71,3.9
EV169829,2015.0,250231.0,621.0,45.34,0.968,90.58,35.27,6.0,0.596,26.5,77.1,69.3,62.5,29.02,59.1,58.1,0.5,61.0,1,4.0,54.66,10.75
EV238344,2017.0,43134.0,66.0,99.8,0.3864,96.56,101.54,2.0,0.154,10.8,16.7,44.3,64.0,19.78,41.6,57.3,53.7,1106.0,0,2.0,0.2,9.08
EV281994,2017.0,123790.0,281.0,88.87,0.4332,96.74,75.54,4.0,0.319,14.9,51.0,62.6,56.8,23.93,23.3,61.4,56.9,1057.0,0,0.0,11.13,8.93
EV196403,2021.0,52393.0,79.0,87.61,0.5063,95.34,90.98,1.0,0.617,22.3,27.2,68.1,59.8,6.96,78.2,61.0,54.9,1299.0,0,2.0,9.7,5.3
EV106283,2017.0,500.0,25.0,97.44,0.3761,95.15,74.97,1.0,0.237,2.2,6.9,62.7,53.3,24.58,0.0,59.4,72.4,1426.0,0,3.0,2.56,9.01
EV121620,2021.0,34995.0,47.0,95.79,0.4595,96.26,81.65,3.0,0.401,4.7,11.6,84.7,45.7,8.14,17.5,71.2,54.0,749.0,0,0.0,4.21,4.92
EV142776,2018.0,14148.0,1.0,99.8,0.3754,95.37,83.44,1.0,0.464,2.2,6.3,61.4,75.6,18.33,46.0,38.7,37.4,1174.0,0,3.0,0.2,8.24
EV137867,2018.0,129034.0,382.0,82.52,0.5393,95.14,48.04,4.0,0.25,26.8,47.1,65.1,46.3,26.24,1.2,71.0,72.4,854.0,0,0.0,17.48,8.11
EV281116,2023.0,30151.0,214.0,91.22,0.4333,97.28,88.59,5.0,0.19,12.8,44.5,94.3,46.7,8.68,0.5,67.7,84.5,1181.0,0,2.0,8.78,3.19
EV228357,2020.0,47750.0,170.0,84.85,0.4316,94.43,53.68,5.0,0.362,6.9,23.0,71.5,72.9,15.03,33.2,43.8,56.4,877.0,0,2.0,15.15,9.67
EV154087,2020.0,157261.0,711.0,64.65,0.8012,92.68,29.42,13.0,0.466,27.1,86.3,80.1,72.5,23.85,55.6,51.6,7.5,529.0,1,1.0,35.35,6.15
EV231034,2023.0,500.0,1.0,95.74,0.4369,96.77,72.9,1.0,0.32,1.7,3.0,90.4,63.6,18.2,41.5,48.1,61.8,1446.0,0,4.0,4.26,3.06
EV217943,2023.0,41838.0,151.0,92.28,0.4203,98.03,47.43,4.0,0.575,26.8,43.5,81.8,49.6,11.44,33.2,60.7,62.7,1279.0,0,2.0,7.72,2.96
EV152991,2016.0,92625.0,191.0,90.48,0.4657,96.16,79.15,4.0,0.436,15.0,33.5,80.5,50.0,19.72,22.8,53.3,52.1,1156.0,0,1.0,9.52,9.94
EV186717,2016.0,179450.0,349.0,83.38,0.5411,95.29,82.5,7.0,0.358,21.2,65.7,77.9,63.3,28.67,26.1,52.6,41.5,991.0,0,1.0,16.62,10.0
EV267963,2021.0,149525.0,277.0,78.54,0.5063,93.91,89.1,1.0,0.425,37.0,98.9,81.8,66.6,15.88,10.6,47.7,54.1,712.0,0,2.0,21.46,5.06
EV133567,2015.0,34122.0,10.0,99.8,0.3625,96.79,83.72,1.0,0.486,4.3,9.1,41.1,66.9,13.81,29.4,48.3,40.1,1229.0,0,1.0,0.2,11.32
EV160422,2017.0,295246.0,1300.0,52.71,0.7755,94.98,24.38,20.0,0.639,45.3,106.1,71.8,70.5,38.07,47.4,42.9,32.9,129.0,1,5.0,47.29,9.03
EV209421,2015.0,295222.0,1118.0,50.19,0.705,88.37,26.06,8.0,0.424,30.7,90.5,60.3,77.6,34.66,52.5,38.0,30.8,68.0,1,4.0,49.81,11.06
EV286385,2023.0,21562.0,60.0,95.96,0.3706,96.63,89.26,2.0,0.151,11.4,22.7,92.4,49.9,14.78,30.8,61.3,41.1,1397.0,0,1.0,4.04,3.11
EV205767,2017.0,86691.0,159.0,77.84,0.6117,87.65,65.6,6.0,0.362,20.5,33.2,69.8,87.3,22.8,94.7,29.8,27.5,822.0,1,2.0,22.16,8.93
EV227809,2019.0,114238.0,285.0,77.04,0.5231,92.7,72.51,5.0,0.183,20.4,62.2,58.4,77.3,28.66,57.8,56.9,14.5,704.0,0,1.0,22.96,6.92
EV183764,2024.0,41543.0,141.0,87.98,0.4738,95.88,80.23,7.0,0.533,33.9,81.1,94.9,42.2,12.13,36.0,65.3,28.5,1173.0,0,2.0,12.02,2.01
EV149396,2017.0,201636.0,429.0,75.78,0.5598,92.19,74.56,10.0,0.549,44.7,80.3,48.6,68.0,28.26,33.3,42.5,31.5,806.0,0,2.0,24.22,8.84
EV289994,2020.0,110262.0,128.0,90.18,0.438,96.29,115.31,2.0,0.411,13.1,35.1,68.9,53.3,14.59,29.5,56.7,46.5,1275.0,0,,9.82,9.85
EV215353,2022.0,104721.0,214.0,85.34,0.4858,93.54,64.02,5.0,0.371,28.9,83.9,72.8,59.2,18.92,6.6,56.6,26.9,1079.0,0,4.0,14.66,4.05
EV218373,2016.0,406660.0,904.0,57.5,0.7607,89.97,49.11,11.0,0.471,45.6,137.1,60.9,63.9,35.13,42.2,46.9,5.1,334.0,1,,42.5,9.96
EV154966,2015.0,106780.0,381.0,79.89,0.574,94.94,38.0,5.0,0.27,12.7,47.1,63.5,60.3,23.27,33.2,51.4,91.9,937.0,0,0.0,20.11,11.1
EV132262,2022.0,51030.0,121.0,93.42,0.4042,95.71,79.43,1.0,0.304,24.6,45.6,73.4,53.4,15.12,45.7,54.4,72.5,1301.0,0,4.0,6.58,4.05
EV158401,2015.0,154847.0,476.0,79.36,0.5438,95.15,56.97,3.0,0.189,33.1,46.9,72.8,64.2,23.51,32.9,48.1,81.8,1030.0,0,3.0,20.64,11.42
EV148312,2020.0,184613.0,804.0,63.96,0.7077,94.36,64.02,16.0,0.392,47.3,116.0,77.5,62.2,31.23,26.0,52.4,15.3,435.0,1,2.0,36.04,5.79
EV128955,2016.0,124461.0,297.0,83.97,0.4935,90.89,70.89,3.0,0.333,14.0,47.4,48.0,56.3,32.73,27.7,64.5,30.2,1017.0,0,4.0,16.03,9.66
EV178464,2024.0,40245.0,214.0,97.35,0.5063,96.55,41.99,5.0,0.058,22.5,68.3,96.9,54.1,18.33,33.7,58.6,85.8,1314.0,0,5.0,2.65,2.1
EV281409,2023.0,80630.0,245.0,82.34,0.4592,97.61,65.16,5.0,0.668,44.3,84.2,88.8,53.1,14.45,49.0,56.5,2.3,1069.0,0,0.0,17.66,3.08
EV127220,2023.0,43071.0,110.0,94.82,0.351,96.92,66.99,6.0,0.268,25.1,52.1,81.3,64.8,9.98,17.8,56.8,91.6,995.0,0,2.0,5.18,3.11
EV221417,2015.0,89220.0,297.0,87.61,0.6848,90.13,50.92,1.0,0.139,10.2,29.2,48.5,78.9,30.43,73.1,40.8,62.7,922.0,1,2.0,22.79,10.97
EV242978,2021.0,65409.0,249.0,86.57,0.512,94.39,50.65,9.0,0.243,45.1,56.1,79.5,56.8,27.81,0.4,56.8,25.3,1086.0,0,1.0,13.43,
EV106305,2015.0,366882.0,756.0,54.31,0.7879,88.87,50.05,6.0,0.44,90.0,114.7,31.7,95.9,37.46,56.3,18.9,29.9,246.0,1,1.0,45.69,11.05
EV105177,2019.0,78549.0,347.0,77.64,0.5275,94.17,46.23,5.0,0.294,34.1,53.4,67.4,73.1,21.11,19.1,44.6,51.1,683.0,0,4.0,22.36,7.01
EV181152,2015.0,302109.0,644.0,63.8,0.6094,91.92,54.91,5.0,0.351,20.4,89.3,62.1,74.7,28.69,45.7,56.9,52.1,364.0,1,4.0,36.2,10.81
EV213606,2024.0,35647.0,77.0,98.6,0.4099,98.81,70.55,8.0,0.331,24.0,82.6,88.8,44.3,5.82,33.1,59.4,79.8,1399.0,0,,1.4,1.92
EV136909,2021.0,66476.0,125.0,94.06,0.5495,96.34,84.83,2.0,0.094,14.6,46.4,79.2,64.3,13.79,54.2,55.1,82.8,1273.0,0,4.0,5.94,5.0
EV176380,2017.0,74016.0,177.0,91.84,0.3556,95.1,92.96,1.0,0.136,15.2,27.3,61.9,65.1,18.58,31.3,54.3,83.5,945.0,0,5.0,8.16,9.24
EV177804,2018.0,126741.0,452.0,79.73,0.5637,94.98,45.36,6.0,0.319,23.7,49.8,67.1,65.6,31.39,12.4,46.9,61.0,803.0,0,3.0,20.27,8.11
EV178654,2019.0,154278.0,238.0,84.7,0.5428,94.67,97.28,7.0,0.319,32.8,69.4,69.5,56.8,23.36,46.1,51.1,48.6,1039.0,0,0.0,15.3,7.1
EV272024,2023.0,50523.0,118.0,91.16,0.4751,96.67,98.57,1.0,0.471,42.7,47.1,93.7,42.3,18.33,32.4,65.3,51.1,1274.0,0,0.0,8.84,3.14
EV179229,2024.0,26025.0,32.0,97.98,0.4366,97.13,87.65,4.0,0.421,24.7,31.2,98.3,42.6,9.8,68.9,77.3,57.2,1435.0,0,2.0,2.02,1.9
EV144194,2015.0,159413.0,402.0,53.24,0.8957,90.09,41.51,8.0,0.308,15.1,47.1,42.1,65.7,34.73,39.8,56.9,44.1,199.0,1,3.0,46.76,11.06
EV103486,2018.0,187466.0,366.0,79.0,0.5063,94.39,98.57,4.0,0.653,25.7,83.5,70.2,53.5,16.33,73.9,61.8,5.5,1030.0,1,4.0,21.0,7.93
EV223866,2023.0,500.0,1.0,99.8,0.3588,97.05,55.55,3.0,0.235,1.3,3.0,87.2,57.6,4.2,25.0,55.2,90.0,1190.0,0,3.0,0.2,2.87
EV192855,2016.0,393557.0,916.0,56.19,0.5063,90.03,48.49,9.0,0.825,59.8,129.6,47.4,74.7,40.16,55.3,42.4,0.0,293.0,1,4.0,43.81,10.06
EV121479,2022.0,2417.0,1.0,99.8,0.4067,95.61,61.49,1.0,0.393,1.7,3.0,74.5,45.0,17.54,24.8,60.7,52.1,1500.0,0,4.0,0.2,4.07
EV290044,2022.0,113611.0,217.0,88.19,0.4563,94.79,75.05,6.0,0.413,39.3,84.7,77.4,63.4,18.96,45.6,56.9,46.5,827.0,0,1.0,11.81,3.89
EV225523,2019.0,124919.0,390.0,83.88,0.5021,93.21,67.06,3.0,0.182,24.9,60.3,72.8,59.6,23.42,14.6,55.2,57.9,918.0,0,4.0,16.12,7.16
EV240087,2024.0,12034.0,28.0,98.0,0.3178,96.81,86.55,6.0,0.53,11.3,29.5,100.0,57.2,11.76,60.3,62.8,65.4,1182.0,0,2.0,2.0,1.89
EV255455,2022.0,20201.0,8.0,99.8,0.4288,96.43,64.02,4.0,0.319,12.2,19.6,72.8,50.0,10.41,36.6,60.6,90.1,1489.0,0,3.0,0.2,3.96
EV231365,2018.0,78549.0,204.0,82.05,0.4499,91.77,91.86,4.0,0.488,13.7,33.1,72.0,60.1,19.65,24.8,52.6,19.9,831.0,0,1.0,17.95,8.2
EV179170,2020.0,159352.0,458.0,71.52,0.5218,90.84,51.47,4.0,0.522,37.1,46.8,72.8,56.8,18.33,51.9,48.5,0.0,524.0,1,2.0,28.48,10.95
EV122456,2021.0,68154.0,159.0,87.61,0.3942,96.17,61.69,8.0,0.515,22.3,40.6,75.2,62.7,14.94,19.1,52.6,49.9,955.0,0,3.0,12.22,5.18
EV175629,2022.0,114864.0,299.0,80.29,0.5332,95.23,53.31,10.0,0.466,37.6,87.5,84.0,53.9,15.32,49.7,55.9,38.9,943.0,0,2.0,19.71,4.0
EV114610,2018.0,8126.0,27.0,99.18,0.372,96.57,45.5,1.0,0.381,4.3,47.1,62.5,66.2,27.73,20.4,60.0,59.8,1159.0,0,4.0,0.82,8.22
EV268992,2017.0,97964.0,128.0,85.71,0.5434,96.57,101.39,1.0,0.106,21.8,34.6,54.6,47.9,16.05,12.0,62.7,95.6,586.0,0,0.0,14.29,
EV283805,2020.0,55705.0,181.0,90.88,0.4324,96.58,75.25,4.0,0.169,20.0,47.1,78.6,48.1,14.45,33.2,58.2,70.3,1200.0,0,2.0,9.12,5.89
EV268525,2021.0,14390.0,45.0,99.22,0.4864,99.31,68.44,1.0,0.091,4.7,12.5,72.8,61.3,11.7,52.8,53.9,87.1,1489.0,0,2.0,0.78,5.07
EV279673,2015.0,119903.0,285.0,84.74,0.5024,95.28,76.17,5.0,0.145,23.0,42.6,60.9,68.0,12.97,33.2,59.7,68.0,769.0,0,4.0,15.26,10.75
EV179352,2022.0,18630.0,34.0,93.14,0.4734,96.3,62.54,3.0,0.165,6.2,10.7,88.3,50.7,19.25,28.8,60.5,78.5,713.0,0,0.0,6.86,3.95
EV292406,2020.0,30803.0,102.0,85.35,0.5628,95.02,42.81,1.0,0.316,3.8,11.6,63.8,46.9,24.17,50.9,69.8,53.6,583.0,0,1.0,,6.08
EV229087,2023.0,77389.0,272.0,80.28,0.5063,94.01,49.82,9.0,0.204,22.4,69.5,75.2,67.9,20.06,0.0,44.9,66.6,741.0,0,,19.72,
EV229737,2015.0,265075.0,796.0,48.84,0.895,87.97,32.62,6.0,0.149,26.0,77.0,54.7,62.8,42.63,0.0,52.3,43.9,11.0,1,5.0,51.16,11.1
EV200323,2019.0,29022.0,88.0,99.79,0.3991,97.13,67.1,3.0,0.476,4.2,14.3,66.4,48.5,18.05,46.1,72.4,33.0,1382.0,0,1.0,0.21,7.09
EV150353,2020.0,103913.0,463.0,72.58,0.5037,93.46,38.25,10.0,0.223,20.4,52.3,84.2,71.2,21.26,29.4,43.6,68.7,516.0,0,2.0,27.42,6.33
EV194525,2020.0,55665.0,151.0,89.97,0.3724,95.97,55.43,5.0,0.219,17.8,47.3,76.7,65.3,15.01,19.2,51.4,36.0,941.0,0,3.0,10.03,4.98
EV169743,2015.0,373152.0,965.0,54.4,0.8301,91.15,40.13,10.0,0.532,20.4,110.0,46.1,71.2,29.37,75.8,52.1,0.0,257.0,1,1.0,45.6,11.32
EV117143,2019.0,160545.0,477.0,56.97,0.7632,85.59,64.02,7.0,0.428,27.2,78.7,49.7,89.8,41.19,96.6,28.9,0.0,411.0,1,3.0,43.03,6.75
EV170710,2015.0,340761.0,1486.0,51.46,0.7902,90.76,23.29,9.0,0.376,37.3,97.0,49.0,72.5,42.97,16.8,43.3,33.4,0.0,1,4.0,48.54,11.04
EV266901,2023.0,35530.0,78.0,94.35,0.3504,94.98,103.74,5.0,0.288,35.5,53.5,91.6,64.6,22.07,36.7,51.5,62.8,1075.0,0,3.0,5.65,2.96
EV205678,2018.0,189025.0,471.0,71.96,0.6644,92.32,58.26,4.0,0.376,39.2,81.4,54.5,70.9,29.09,71.8,46.8,30.8,784.0,0,2.0,28.04,8.09
EV242075,2015.0,11522.0,3.0,99.8,0.4114,96.51,64.02,1.0,0.235,1.8,3.0,47.2,69.8,27.11,32.3,50.5,62.4,1206.0,0,1.0,0.2,10.9
EV109181,2023.0,45656.0,155.0,93.92,0.4249,96.68,68.03,3.0,0.164,12.7,43.9,95.3,52.5,9.93,16.9,65.0,64.8,1230.0,0,4.0,6.08,3.0
EV248240,2024.0,6838.0,1.0,99.8,0.5063,96.33,56.06,1.0,0.148,1.0,3.0,72.8,54.6,5.09,28.4,62.0,88.5,1505.0,0,3.0,0.2,1.98
EV208582,2022.0,101330.0,295.0,85.79,0.4445,94.19,77.82,7.0,0.224,30.9,82.2,87.3,51.4,10.13,28.8,56.9,53.7,1028.0,0,0.0,14.21,4.2
EV180469,2021.0,94922.0,200.0,91.22,0.4289,95.64,64.02,2.0,0.172,18.8,61.2,76.7,71.6,16.94,0.0,49.9,77.4,922.0,0,4.0,8.78,5.1
EV260256,2021.0,500.0,1.0,99.8,0.3884,96.92,52.13,1.0,0.369,1.1,3.0,95.0,41.3,10.47,33.6,63.7,50.7,1492.0,0,2.0,0.2,4.89
EV110411,2023.0,500.0,1.0,99.8,0.4013,97.21,100.01,1.0,0.251,1.6,3.0,90.9,53.9,8.13,26.6,65.3,55.0,1506.0,0,1.0,0.2,3.05
EV158063,2015.0,126543.0,175.0,89.9,0.45,96.18,116.93,1.0,0.043,18.3,34.2,61.6,62.0,22.99,0.0,55.3,100.0,890.0,0,1.0,10.1,10.8
EV280111,2020.0,308242.0,875.0,56.0,0.7612,90.33,38.01,13.0,0.719,61.2,113.2,77.4,66.4,31.51,67.6,54.5,1.3,359.0,1,1.0,,8.97
EV251001,2017.0,198181.0,521.0,77.12,0.542,94.19,50.17,6.0,0.29,20.9,70.7,58.4,59.3,26.26,12.8,42.4,46.0,749.0,0,1.0,22.88,9.11
EV299094,2019.0,78549.0,229.0,91.5,0.4043,95.06,70.71,5.0,0.101,11.5,36.0,62.4,47.7,23.57,12.4,66.2,90.5,1150.0,0,3.0,8.5,7.09
EV130040,2024.0,2093.0,1.0,99.15,0.5063,94.91,56.49,1.0,0.639,10.6,22.8,98.3,51.8,8.94,46.3,59.7,40.8,1506.0,0,2.0,0.85,1.97
EV297839,2020.0,94738.0,238.0,88.19,0.4192,96.82,68.88,5.0,0.033,19.1,52.3,79.3,56.4,9.96,11.3,59.3,82.1,1127.0,0,2.0,11.81,5.92
EV225121,2017.0,88121.0,366.0,82.14,0.5782,95.5,48.68,4.0,0.093,24.5,34.6,46.8,56.8,26.43,0.0,53.9,94.9,1001.0,0,2.0,17.86,9.12
EV239062,2022.0,93039.0,354.0,65.26,0.7397,94.0,41.76,9.0,0.388,51.6,76.7,87.6,58.5,28.72,28.6,58.1,16.5,295.0,0,4.0,34.74,4.08
EV221605,2019.0,217169.0,575.0,65.27,0.6425,91.97,60.56,8.0,0.705,49.9,104.2,72.4,57.7,22.41,60.9,53.2,0.0,627.0,0,2.0,34.73,7.15
EV103172,2017.0,141062.0,488.0,73.71,0.6013,93.28,40.87,3.0,0.194,24.8,48.7,74.4,58.8,29.11,9.8,65.0,65.6,680.0,0,1.0,26.29,8.87
EV191009,2015.0,114833.0,521.0,74.71,0.6134,94.44,32.5,3.0,0.404,10.2,33.4,52.3,71.0,23.58,33.2,46.0,11.4,758.0,1,8.0,,11.2
EV135273,2020.0,39749.0,114.0,92.05,0.3794,95.49,82.42,4.0,0.334,5.7,18.5,72.8,69.9,30.09,27.4,42.8,74.0,1017.0,0,3.0,7.95,5.84
EV116744,2024.0,33149.0,45.0,94.14,0.3452,96.77,62.06,3.0,0.447,20.2,51.0,98.4,61.6,8.42,59.5,55.6,59.1,1030.0,0,1.0,5.86,2.33
EV214213,2023.0,658.0,1.0,99.8,0.3896,98.65,76.14,1.0,0.318,1.6,3.0,91.9,48.2,7.36,5.3,60.3,52.3,1501.0,0,1.0,0.2,3.05
EV231031,2017.0,136663.0,568.0,69.9,0.6961,93.16,35.56,10.0,0.242,19.6,52.6,48.7,59.4,26.84,47.5,60.6,63.1,629.0,0,3.0,30.1,9.11
EV103450,2019.0,13415.0,1.0,99.8,0.3325,95.95,92.06,1.0,0.319,1.4,4.2,68.4,48.2,21.62,22.2,59.2,82.1,1510.0,0,1.0,0.2,7.13
EV224396,2017.0,66501.0,289.0,77.0,0.4926,94.43,39.15,2.0,0.494,8.8,21.3,72.8,68.7,18.33,27.7,42.6,28.3,722.0,0,2.0,23.0,9.0
EV283183,2019.0,135147.0,350.0,78.77,0.591,92.72,61.45,5.0,0.459,28.5,65.0,63.2,57.3,27.98,29.5,58.2,26.0,874.0,0,0.0,21.23,6.91
EV135578,2023.0,2568.0,1.0,97.03,0.3933,98.11,37.89,1.0,0.565,1.0,3.0,88.2,69.2,13.47,30.0,45.6,39.3,1204.0,0,6.0,2.97,2.94
EV275296,2022.0,53445.0,238.0,87.45,0.4556,95.74,43.62,6.0,0.031,22.7,52.4,79.8,67.3,15.19,22.1,42.5,74.7,904.0,0,3.0,12.55,4.0
EV197429,2022.0,34539.0,98.0,93.67,0.4156,95.66,105.51,1.0,0.401,14.3,29.0,81.8,61.6,9.48,33.2,52.7,75.3,1005.0,0,3.0,6.33,3.9
EV291736,2019.0,103525.0,467.0,77.27,0.5847,96.06,36.4,9.0,0.304,32.0,50.1,72.8,55.8,11.39,13.8,55.7,42.7,824.0,0,2.0,22.73,6.77
EV187843,2021.0,81592.0,334.0,76.45,0.499,95.47,39.98,8.0,0.319,36.9,51.0,84.8,75.3,21.41,22.1,41.3,37.0,638.0,0,1.0,23.55,4.93
EV189703,2018.0,10122.0,69.0,99.8,0.3467,97.0,57.79,1.0,0.123,2.4,3.0,71.3,62.6,8.56,17.7,49.6,90.8,1123.0,0,2.0,0.2,8.22
EV278081,2016.0,229281.0,622.0,65.3,0.6296,93.09,47.08,6.0,0.293,62.3,75.8,58.3,79.0,34.23,38.5,31.3,29.6,392.0,1,1.0,34.7,9.8
EV161549,2015.0,206103.0,214.0,72.42,0.5283,93.5,62.41,7.0,0.203,26.3,47.1,57.6,70.6,23.84,0.0,43.5,38.4,533.0,0,3.0,27.58,10.75
EV266738,2016.0,124969.0,358.0,83.81,0.5556,95.31,64.02,4.0,0.329,22.9,38.9,64.9,55.1,19.35,3.1,55.0,41.9,950.0,0,3.0,,9.94
EV277572,2017.0,276429.0,711.0,60.79,0.582,91.21,48.53,10.0,0.35,54.9,99.7,70.4,76.2,30.39,41.2,50.6,12.3,254.0,1,5.0,39.21,9.02
EV159192,2020.0,32535.0,103.0,90.69,0.3952,92.83,63.76,1.0,0.319,5.8,16.2,76.9,61.1,20.31,27.2,51.0,60.0,995.0,0,3.0,9.31,5.23
EV234473,2015.0,209735.0,510.0,73.85,0.5918,94.29,60.76,4.0,0.27,47.7,67.2,63.5,59.4,29.39,42.5,55.2,68.8,782.0,0,1.0,26.15,10.9
EV188470,2021.0,39625.0,129.0,94.69,0.412,94.98,64.02,4.0,0.25,8.9,29.3,77.9,65.0,18.33,41.2,48.5,61.2,1068.0,0,0.0,5.31,4.87
EV155346,2016.0,10679.0,12.0,99.8,0.3621,95.63,97.98,1.0,0.093,1.1,3.0,50.7,43.5,16.26,0.6,56.9,95.3,1471.0,0,2.0,0.2,10.08
EV166586,2020.0,222038.0,638.0,64.04,0.7575,90.61,45.6,15.0,0.581,60.5,121.5,83.4,72.5,21.86,65.6,41.6,9.8,582.0,1,5.0,35.96,6.06
EV226266,2020.0,58072.0,119.0,93.08,0.5063,96.5,91.82,2.0,0.166,16.9,32.5,80.2,52.6,18.5,23.3,58.6,74.1,1271.0,0,,6.92,6.18
EV113916,2016.0,16142.0,96.0,90.88,0.4192,96.43,46.11,1.0,0.345,1.0,3.0,58.8,73.0,15.17,36.3,42.0,77.0,997.0,0,2.0,9.12,9.99
EV180902,2021.0,77403.0,165.0,86.43,0.4407,96.06,74.0,1.0,0.294,20.3,39.8,76.0,71.0,15.41,33.2,43.2,62.4,916.0,0,0.0,13.57,4.9
EV125602,2023.0,10889.0,27.0,93.65,0.495,98.88,66.14,1.0,0.599,12.3,21.8,81.4,48.7,4.66,57.3,64.8,46.5,737.0,0,2.0,6.35,2.73
EV257837,2023.0,43686.0,170.0,92.63,0.4331,95.34,67.87,2.0,0.297,22.9,52.7,73.4,55.0,19.48,4.9,56.8,57.9,1262.0,0,1.0,,2.91
EV190047,2022.0,35870.0,28.0,99.8,0.381,97.65,117.41,1.0,0.662,9.6,32.1,95.3,45.3,0.81,33.2,65.4,48.2,1474.0,0,0.0,0.2,3.89
EV142268,2016.0,51526.0,107.0,92.35,0.448,92.6,76.93,2.0,0.312,7.1,18.0,64.7,37.2,11.05,46.2,56.9,51.2,1311.0,0,,7.65,9.92
EV236096,2020.0,29292.0,93.0,96.46,0.3014,95.61,78.05,2.0,0.317,3.9,10.4,77.2,58.6,11.2,42.1,51.4,52.3,1060.0,0,4.0,3.54,6.13
EV122216,2016.0,157286.0,289.0,84.88,0.5074,94.2,73.82,4.0,0.255,19.0,47.1,49.2,61.0,29.84,12.7,51.4,59.5,1006.0,0,1.0,15.12,10.09
EV158479,2021.0,23092.0,89.0,95.07,0.3823,96.31,66.52,2.0,0.185,7.8,17.7,82.2,59.4,9.4,10.7,50.3,79.2,1083.0,0,3.0,4.93,5.01
EV150483,2023.0,47867.0,214.0,80.74,0.4834,93.49,34.72,4.0,0.484,13.9,44.2,90.3,63.1,17.01,46.4,55.4,36.0,768.0,0,4.0,19.26,3.16
EV237810,2020.0,34575.0,132.0,90.76,0.4755,94.78,77.69,3.0,0.366,3.2,47.1,68.5,50.3,15.3,33.2,62.9,66.9,1250.0,0,1.0,9.24,5.89
EV227777,2020.0,120115.0,231.0,87.54,0.5585,95.9,88.43,2.0,0.319,31.4,61.8,68.5,52.6,28.36,9.9,63.1,97.7,1140.0,0,2.0,12.46,6.1
EV231623,2019.0,46583.0,18.0,99.42,0.4254,98.26,72.63,1.0,0.609,6.6,21.7,68.7,54.7,8.27,28.8,63.3,22.8,1476.0,0,2.0,0.58,6.79
EV200700,2023.0,62659.0,220.0,85.1,0.5515,97.26,80.81,7.0,0.51,28.6,59.8,89.1,62.2,17.92,65.3,45.5,20.1,1080.0,0,0.0,14.9,3.02
EV251244,2024.0,26071.0,145.0,91.79,0.4007,98.05,46.72,4.0,0.091,10.2,25.1,86.4,63.3,14.83,3.1,63.7,74.5,1007.0,0,1.0,8.21,2.24
EV265100,2021.0,75699.0,216.0,84.68,0.4431,93.84,78.32,1.0,0.338,15.1,48.0,92.2,67.1,11.04,24.5,47.8,70.2,836.0,0,3.0,15.32,5.05
EV141375,2023.0,41087.0,150.0,91.53,0.4311,95.24,45.34,6.0,0.243,17.1,50.7,100.0,58.2,8.75,27.3,57.5,48.1,979.0,0,2.0,,2.81
EV115893,2015.0,289378.0,867.0,56.53,0.7736,91.19,39.4,8.0,0.319,46.8,85.0,41.5,67.3,48.54,33.2,50.5,0.0,355.0,1,2.0,43.47,11.14
EV161199,2021.0,91872.0,190.0,71.23,0.7296,91.18,63.49,1.0,0.569,29.6,64.0,80.5,50.4,22.22,19.7,64.8,44.7,412.0,0,1.0,28.77,5.09
EV188679,2017.0,394664.0,971.0,59.19,0.6965,91.56,44.7,14.0,0.561,110.2,144.2,65.4,66.1,32.88,33.2,48.9,8.3,1030.0,1,3.0,40.81,9.12
EV172174,2017.0,19369.0,46.0,99.8,0.3712,98.24,73.98,1.0,0.082,1.4,3.0,69.7,45.7,7.18,15.5,64.3,89.5,1450.0,0,2.0,0.2,8.98
EV155276,2024.0,55891.0,78.0,92.28,0.5045,97.48,70.59,11.0,0.597,34.6,103.8,84.1,62.8,13.66,62.2,50.3,59.7,1304.0,0,3.0,7.72,
EV219443,2023.0,89386.0,270.0,83.72,0.5413,94.02,48.35,9.0,0.35,47.9,93.1,72.8,47.6,9.14,43.5,59.0,46.2,1056.0,0,3.0,16.28,2.88
EV141712,2018.0,302565.0,790.0,61.81,0.5063,94.98,49.09,9.0,0.402,77.2,128.5,64.9,68.8,34.87,44.2,41.6,29.3,459.0,1,1.0,38.19,7.81
EV139957,2023.0,17032.0,1.0,99.8,0.4525,96.96,84.47,2.0,0.227,16.5,30.2,90.4,56.8,5.22,33.2,69.7,62.9,806.0,0,2.0,0.2,2.72
EV293268,2023.0,46139.0,250.0,92.12,0.4948,96.36,45.52,11.0,0.094,20.4,69.8,93.9,48.7,11.22,21.3,71.0,52.1,1160.0,0,1.0,7.88,3.01
EV227935,2023.0,59784.0,152.0,86.02,0.4646,93.26,66.69,9.0,0.479,30.8,84.9,84.2,57.5,19.42,23.6,47.3,0.0,934.0,0,1.0,13.98,2.91
EV203992,2022.0,75730.0,228.0,84.76,0.4984,92.46,70.94,4.0,0.346,21.5,53.0,86.3,59.5,22.06,15.8,61.8,66.9,1061.0,0,2.0,15.24,4.09
EV278666,2016.0,52523.0,230.0,87.94,0.5528,95.95,65.06,1.0,0.317,7.7,15.0,56.9,57.7,18.97,28.4,60.1,45.9,1129.0,0,1.0,12.06,9.95
EV270526,2021.0,93663.0,334.0,92.94,0.5063,95.25,48.96,10.0,0.258,34.8,47.1,74.7,30.5,22.36,17.9,78.4,44.4,1030.0,0,2.0,,4.72
EV215109,2021.0,28843.0,58.0,99.8,0.4186,95.15,61.26,3.0,0.379,9.1,28.0,87.1,48.2,11.02,19.8,65.0,68.3,1346.0,0,1.0,,5.11
EV218093,2021.0,49734.0,186.0,87.38,0.4344,98.93,44.33,5.0,0.458,20.7,34.0,71.5,69.8,21.35,33.7,48.6,77.3,918.0,0,3.0,12.62,4.94
EV106266,2022.0,53245.0,139.0,91.11,0.3571,95.91,76.72,6.0,0.159,27.8,49.6,82.1,69.9,19.83,11.2,56.9,57.6,954.0,0,2.0,8.89,3.74
EV169098,2017.0,292419.0,1051.0,49.04,0.6922,90.47,26.19,11.0,0.46,59.8,107.1,43.4,85.0,41.27,46.7,37.2,0.0,111.0,1,3.0,50.96,9.23
EV250762,2016.0,112269.0,214.0,85.42,0.4554,95.56,69.67,3.0,0.068,10.6,34.8,57.7,63.7,31.46,16.6,49.0,89.0,1060.0,0,3.0,14.58,
EV132697,2024.0,6490.0,16.0,98.57,0.4183,97.92,123.27,1.0,0.308,9.9,31.1,95.4,39.3,6.47,13.3,70.1,61.8,1443.0,0,3.0,1.43,2.08
EV207398,2021.0,78549.0,146.0,86.55,0.5533,94.41,85.03,3.0,0.068,20.4,51.7,84.3,43.3,15.74,3.7,60.7,70.3,545.0,0,3.0,13.45,5.08
EV169203,2015.0,57773.0,204.0,70.77,0.6818,92.27,46.65,1.0,0.589,3.7,47.1,66.5,55.1,26.98,55.9,50.0,47.7,418.0,0,3.0,29.23,11.17
EV110058,2016.0,450000.0,2403.0,34.13,0.9402,86.91,64.02,27.0,0.635,98.3,159.2,61.7,76.2,42.41,33.2,44.4,0.0,0.0,1,8.0,65.87,10.12
EV207193,2020.0,104661.0,214.0,84.86,0.5066,95.01,77.27,2.0,0.271,15.5,51.1,80.0,65.2,12.83,71.7,56.9,85.1,1076.0,0,1.0,15.14,6.42
EV183472,2016.0,13705.0,39.0,91.48,0.5149,94.0,84.3,2.0,0.32,1.1,3.0,64.2,52.4,19.32,44.2,59.5,84.7,674.0,0,0.0,8.52,10.0
EV140852,2022.0,29324.0,184.0,88.71,0.4454,97.33,80.59,2.0,0.122,6.9,17.4,73.6,51.5,10.26,32.0,55.5,84.5,1193.0,0,1.0,11.29,4.05
EV264143,2017.0,243499.0,708.0,69.74,0.6347,93.38,45.68,9.0,0.24,41.8,88.9,72.8,71.9,35.29,20.6,43.3,47.2,543.0,1,4.0,30.26,9.14
EV126072,2018.0,300108.0,492.0,65.42,0.7008,95.22,87.27,8.0,0.451,42.0,128.0,68.0,87.8,18.33,62.2,30.2,21.4,477.0,1,7.0,34.58,7.7
EV283680,2015.0,171004.0,227.0,89.49,0.4521,94.36,104.17,1.0,0.227,35.2,54.1,60.3,46.2,18.18,28.6,67.1,71.6,1178.0,0,0.0,10.51,10.9
EV212725,2020.0,26334.0,184.0,90.29,0.5063,94.54,49.37,3.0,0.548,10.0,14.0,81.2,48.7,18.06,22.0,70.2,20.3,1198.0,0,1.0,,5.77
EV189145,2019.0,500.0,1.0,99.8,0.3517,94.98,61.15,1.0,0.266,1.0,3.0,75.6,45.0,5.68,23.2,67.2,68.7,1489.0,0,3.0,,
EV176338,2020.0,56034.0,247.0,72.38,0.7028,95.35,36.31,3.0,0.503,12.1,18.3,72.8,52.5,23.34,32.1,54.2,65.6,393.0,0,4.0,27.62,8.95
EV105336,2019.0,11489.0,1.0,99.8,0.3234,99.5,93.54,1.0,0.263,2.5,3.0,62.6,47.4,19.18,37.5,58.5,63.2,1467.0,0,,0.2,7.25
EV279541,2018.0,82547.0,278.0,78.38,0.5924,93.79,44.32,1.0,0.706,16.6,34.5,76.4,57.3,27.82,39.6,53.4,0.0,981.0,0,3.0,21.62,7.88
EV210441,2022.0,124069.0,315.0,84.46,0.5095,93.58,59.78,12.0,0.507,34.3,106.7,70.8,55.8,20.91,33.2,54.9,38.0,1028.0,0,3.0,15.54,3.8
EV258817,2019.0,104139.0,419.0,77.39,0.5044,93.61,33.58,5.0,0.16,19.0,46.5,65.9,65.2,4.1055,45.1,49.9,33.8,641.0,0,3.0,22.61,7.1
EV109939,2017.0,364168.0,797.0,62.76,0.7361,92.86,54.8,7.0,0.396,53.3,128.0,47.8,56.5,29.48,30.6,52.0,36.2,438.0,1,1.0,37.24,9.37
EV166385,2022.0,9236.0,1.0,99.8,0.3772,96.78,70.14,1.0,0.155,1.3,3.0,84.6,35.7,9.01,42.9,68.9,100.0,1469.0,0,2.0,0.2,
EV199898,2015.0,224905.0,545.0,70.35,0.6322,93.44,63.44,3.0,0.332,38.3,69.2,36.6,69.3,47.28,26.5,49.7,55.4,624.0,1,0.0,29.65,10.76
EV168088,2017.0,189774.0,563.0,70.08,0.6863,94.23,44.77,8.0,0.576,27.8,71.6,60.4,59.1,30.12,40.5,56.7,0.0,650.0,1,,29.92,9.14
EV145632,2019.0,43465.0,159.0,89.91,0.4729,94.88,77.65,1.0,0.433,7.9,25.0,71.8,54.9,18.19,52.7,56.6,51.7,1208.0,0,2.0,10.09,6.95
EV250632,2018.0,312643.0,1162.0,31.97,1.0359,84.52,17.55,12.0,0.839,96.2,131.2,72.8,80.6,45.55,67.2,37.9,0.0,0.0,1,5.0,68.03,8.04
EV146843,2020.0,52731.0,119.0,91.29,0.3197,94.98,85.93,1.0,0.305,18.2,25.9,75.4,56.7,5.67,2.8,55.4,57.7,1007.0,0,3.0,8.71,6.14
EV119248,2016.0,37908.0,226.0,86.04,0.5075,94.6,37.82,1.0,0.473,5.9,14.8,64.1,55.1,15.49,35.3,58.8,57.1,1090.0,0,4.0,13.96,9.75
EV189649,2023.0,32933.0,180.0,87.61,0.3451,97.61,36.08,8.0,0.104,15.4,41.7,91.6,63.8,8.17,25.7,51.7,98.6,893.0,0,2.0,12.84,2.69
EV295471,2019.0,86372.0,243.0,82.57,0.5063,94.31,63.65,4.0,0.46,21.1,44.9,71.0,65.7,22.48,50.1,46.3,52.1,1049.0,0,1.0,17.43,
EV295941,2021.0,3113.0,83.0,87.61,0.355,97.94,50.64,1.0,0.234,1.4,3.0,75.5,65.6,18.33,22.5,54.1,66.6,1086.0,0,1.0,3.45,4.86
EV197122,2023.0,16085.0,1.0,99.8,0.3966,96.51,81.96,4.0,0.157,7.8,20.6,72.8,54.9,1.77,6.1,61.1,71.5,1489.0,0,3.0,0.2,3.21
EV235175,2020.0,106557.0,314.0,81.84,0.464,93.48,51.58,4.0,0.199,36.1,58.5,75.2,65.6,24.59,28.6,48.8,47.5,743.0,0,1.0,18.16,6.02
EV197846,2019.0,12810.0,37.0,99.8,0.4166,99.22,119.71,3.0,0.161,2.6,47.1,76.4,46.8,16.01,30.8,65.1,77.2,1443.0,0,1.0,0.2,7.28
EV189210,2015.0,680.0,18.0,83.19,0.6406,93.08,73.54,4.0,0.734,1.0,3.0,53.6,69.8,19.69,100.0,51.7,23.8,1271.0,1,1.0,16.81,10.88
EV218728,2017.0,230620.0,601.0,72.35,0.6725,91.06,56.9,10.0,0.319,26.7,93.2,70.9,70.4,25.08,31.0,44.9,43.1,604.0,1,4.0,27.65,8.71
EV291985,2022.0,79918.0,192.0,83.9,0.495,94.98,52.11,8.0,0.267,25.5,73.5,82.4,70.3,25.28,36.9,46.3,37.8,866.0,0,3.0,16.1,3.86
EV177485,2020.0,65383.0,72.0,99.8,0.2817,98.27,64.02,6.0,0.319,13.2,37.0,78.8,61.0,5.77,28.3,50.2,56.7,1156.0,0,4.0,0.2,6.09
EV118890,2023.0,17952.0,95.0,92.5,0.4438,96.75,54.93,3.0,0.293,7.8,22.0,83.7,53.7,23.71,50.4,59.0,88.4,1326.0,0,4.0,7.5,
EV290423,2022.0,62563.0,77.0,93.18,0.379,94.98,98.64,4.0,0.339,31.0,43.5,74.6,63.4,19.49,53.5,51.0,44.1,1096.0,0,3.0,6.82,4.04
EV138375,2021.0,75653.0,156.0,92.42,0.4592,96.16,92.8,4.0,0.319,16.9,49.8,77.3,48.5,25.91,37.2,64.4,55.9,1264.0,0,4.0,7.58,4.99
EV191209,2016.0,86119.0,551.0,68.99,0.5447,92.51,21.92,8.0,0.354,12.0,33.8,56.2,70.9,18.33,31.1,46.5,51.7,428.0,1,3.0,31.01,9.94
EV228783,2024.0,33256.0,152.0,87.2,0.4418,94.86,66.98,5.0,0.534,28.7,51.0,94.6,51.3,13.16,48.7,56.7,52.6,1173.0,0,2.0,12.8,1.82
EV274911,2020.0,98446.0,258.0,78.28,0.5037,92.5,50.34,11.0,0.556,19.1,49.0,67.9,67.3,18.63,63.5,54.5,5.4,708.0,0,7.0,21.72,6.66
EV141762,2019.0,2392.0,6.0,96.31,0.4709,98.48,83.01,3.0,0.578,1.1,3.0,71.7,45.4,23.61,23.9,68.0,44.4,1481.0,0,4.0,3.69,6.88
EV137863,2018.0,9637.0,27.0,87.61,0.3764,96.13,82.43,2.0,0.57,20.4,3.0,51.4,59.1,17.9,35.1,56.9,51.7,1095.0,0,2.0,5.8,8.08
EV109956,2018.0,14509.0,15.0,99.8,0.4161,98.0,76.0,3.0,0.198,1.9,3.0,65.5,53.4,13.45,29.3,65.1,58.3,1443.0,0,3.0,0.2,7.63
EV244184,2017.0,176868.0,437.0,85.87,0.4643,95.54,58.83,5.0,0.067,25.8,64.2,63.0,54.4,17.53,7.8,61.0,98.4,928.0,0,2.0,14.13,8.99
EV246678,2024.0,26642.0,155.0,95.66,0.4527,95.61,46.97,4.0,0.188,9.9,27.8,93.7,43.5,10.38,0.0,67.7,91.4,1277.0,0,0.0,4.34,2.23
EV131936,2019.0,2493.0,1.0,99.8,0.3947,95.3,52.66,1.0,0.344,1.2,3.0,68.9,48.1,21.25,15.7,63.3,52.1,1511.0,0,4.0,0.2,7.07
EV143535,2022.0,43779.0,84.0,95.82,0.4298,94.98,92.86,3.0,0.154,25.7,43.4,68.4,55.1,20.69,46.7,60.5,31.5,1290.0,0,1.0,4.18,3.88
EV271181,2018.0,24190.0,19.0,99.46,0.3482,98.21,88.71,2.0,0.051,4.6,47.1,68.9,61.7,6.82,15.1,56.9,90.2,1030.0,0,2.0,0.54,7.74
EV135225,2020.0,78549.0,585.0,46.58,1.0446,88.11,26.56,11.0,0.369,29.2,90.2,63.0,80.0,41.14,39.6,39.4,11.8,128.0,1,5.0,53.42,5.92
EV205424,2017.0,319592.0,717.0,60.48,0.5888,90.96,56.46,4.0,0.507,72.9,110.9,67.5,86.7,18.33,27.8,29.7,0.0,339.0,1,4.0,39.52,9.0
EV132890,2020.0,97077.0,478.0,75.66,0.6561,92.36,30.4,4.0,0.075,20.1,67.2,73.8,54.3,26.66,46.3,63.6,54.9,762.0,0,3.0,24.34,5.78
EV232904,2023.0,78885.0,199.0,85.0,0.4321,95.38,78.31,12.0,0.546,25.7,89.0,88.2,64.7,21.34,53.8,50.8,0.0,854.0,0,0.0,15.0,2.67
EV167325,2020.0,39468.0,152.0,93.61,0.4181,97.21,99.19,1.0,0.078,10.7,27.8,82.4,45.1,12.79,0.0,63.0,95.1,1247.0,0,3.0,6.39,5.21
EV292434,2023.0,35501.0,68.0,94.07,0.4009,93.53,69.82,4.0,0.49,39.4,47.3,81.9,60.6,12.73,72.5,49.2,40.5,1054.0,0,0.0,5.93,3.04
EV277696,2017.0,55378.0,263.0,75.6,0.7054,90.13,37.0,4.0,0.629,6.6,21.9,65.1,69.8,15.61,95.1,53.4,0.0,942.0,1,6.0,24.4,8.96
EV250187,2019.0,47493.0,280.0,88.1,0.4797,95.14,30.33,5.0,0.131,10.3,47.1,72.8,47.7,18.33,13.6,63.4,100.0,1095.0,0,2.0,11.9,7.06
EV141944,2018.0,74428.0,161.0,89.98,0.4362,94.73,68.32,1.0,0.242,16.9,28.2,55.9,62.4,17.48,42.5,58.5,86.7,909.0,0,5.0,10.02,8.26
EV181146,2015.0,53942.0,224.0,89.02,0.5039,97.21,74.96,3.0,0.32,9.5,15.8,48.5,51.0,21.22,33.4,57.0,88.9,1097.0,0,1.0,10.98,
EV271028,2022.0,70793.0,84.0,96.42,0.4711,94.55,92.38,4.0,0.343,33.8,52.3,72.8,53.0,15.54,50.0,56.9,76.8,1380.0,0,5.0,3.58,4.14
EV218839,2015.0,62509.0,101.0,91.71,0.4643,96.19,64.02,1.0,0.216,9.5,21.6,61.2,55.1,14.52,44.5,57.6,63.8,1299.0,0,3.0,,11.13
EV105703,2016.0,43575.0,214.0,86.83,0.5575,97.54,79.06,4.0,0.182,5.9,15.2,58.2,48.3,13.92,26.8,64.8,100.0,622.0,0,1.0,13.17,10.01
EV178335,2019.0,19078.0,69.0,94.43,0.4991,94.82,59.89,5.0,0.215,6.7,14.0,58.1,56.8,20.82,21.7,54.8,61.0,1376.0,0,4.0,5.57,
EV160876,2021.0,41061.0,51.0,94.21,0.4011,96.12,51.76,3.0,0.259,8.0,27.6,71.7,44.0,15.91,39.4,66.7,73.5,1371.0,0,1.0,5.79,4.96
EV209143,2022.0,109221.0,268.0,78.88,0.5,94.76,61.04,6.0,0.319,35.7,83.9,87.3,67.9,21.48,56.7,53.7,8.0,737.0,0,1.0,21.12,3.99
EV115291,2020.0,17517.0,89.0,87.61,0.3713,96.64,59.19,1.0,0.314,9.3,13.0,80.0,42.8,1.85,32.6,56.6,73.3,1422.0,0,0.0,1.09,6.44
EV274075,2023.0,49270.0,214.0,88.55,0.4227,93.31,64.69,6.0,0.333,24.7,53.4,86.0,53.9,13.52,40.1,63.3,52.1,1152.0,0,1.0,,3.18
EV288915,2023.0,36954.0,9.0,97.15,0.3767,96.63,99.57,2.0,0.638,14.8,40.1,74.7,62.9,9.03,33.2,50.1,37.8,1135.0,0,2.0,2.85,2.94
EV269267,2020.0,32528.0,297.0,84.86,0.4712,94.2,36.24,11.0,0.358,31.2,61.5,92.6,58.2,21.11,22.0,58.0,42.7,1039.0,0,1.0,15.14,1.97
EV186624,2020.0,39228.0,2.0,87.61,0.4587,97.0,72.86,2.0,0.374,7.0,21.6,78.8,53.1,15.34,30.3,64.5,65.2,1378.0,0,1.0,5.38,5.91
EV294366,2019.0,80323.0,229.0,88.41,0.4605,95.78,44.23,5.0,0.315,13.5,40.4,73.7,56.2,24.64,26.6,57.2,48.6,1100.0,0,1.0,11.59,6.86
EV171462,2021.0,116561.0,430.0,80.52,0.5562,95.49,52.71,8.0,0.345,22.3,73.2,87.4,49.5,17.64,27.1,64.3,31.4,875.0,0,1.0,19.48,5.29
EV284682,2022.0,19051.0,86.0,88.0,0.481,94.9,61.85,1.0,0.151,7.6,15.8,71.2,60.3,29.74,52.9,60.6,61.8,1031.0,0,2.0,12.0,
EV220779,2020.0,19929.0,46.0,94.1,0.4876,95.45,94.78,2.0,0.255,23.2,32.5,80.9,51.9,11.0,34.6,63.6,65.0,1385.0,0,1.0,5.9,2.07
EV296878,2021.0,39108.0,73.0,97.92,0.3125,96.72,79.25,4.0,0.334,15.6,35.9,80.9,57.1,6.59,47.6,63.4,44.4,1100.0,0,1.0,2.08,5.12
EV297996,2016.0,291313.0,214.0,28.17,1.2793,81.93,11.77,17.0,0.379,44.9,95.1,34.8,97.6,57.5,81.9,30.7,0.0,0.0,1,8.0,71.83,10.19
EV228362,2023.0,35989.0,108.0,90.48,0.389,94.95,82.53,4.0,0.369,30.2,43.9,88.7,70.1,10.29,56.1,45.3,44.2,998.0,0,2.0,9.52,3.3
EV262066,2019.0,143235.0,432.0,81.8,0.5422,95.37,62.55,6.0,0.163,30.7,64.9,66.3,63.9,22.53,31.3,56.8,76.0,885.0,0,,18.2,7.09
EV202936,2020.0,215359.0,496.0,75.68,0.568,93.16,65.57,6.0,0.835,79.5,102.8,56.2,52.5,25.94,72.1,52.9,0.0,783.0,1,2.0,24.32,6.95
EV224081,2023.0,20528.0,9.0,97.79,0.341,97.1,58.69,4.0,0.572,9.5,22.2,86.1,63.3,15.18,33.2,48.8,47.6,1155.0,0,3.0,2.21,3.11
EV278612,2019.0,67357.0,239.0,85.33,0.4973,94.71,57.97,6.0,0.452,15.2,46.4,74.1,58.0,17.51,52.2,52.2,51.1,1030.0,0,2.0,,6.73
EV129286,2021.0,78549.0,260.0,84.53,0.5376,94.77,41.55,1.0,0.483,19.4,40.3,84.3,47.9,13.64,29.6,63.3,40.4,1090.0,0,1.0,,5.15
EV182758,2020.0,91675.0,214.0,91.2,0.5063,97.92,90.4,3.0,0.494,37.5,53.8,73.7,47.3,18.72,42.1,63.5,33.2,1155.0,0,3.0,8.8,6.04
EV278204,2019.0,94212.0,105.0,87.61,0.4413,96.38,120.71,3.0,0.405,23.3,49.4,61.1,54.2,24.93,65.0,56.2,49.2,1367.0,0,1.0,1.56,6.77
EV232551,2021.0,95329.0,258.0,82.95,0.4301,95.08,48.41,4.0,0.092,37.3,55.5,88.1,56.8,13.72,33.2,56.5,58.0,764.0,0,6.0,17.05,5.01
EV270809,2018.0,24382.0,78.0,99.7,0.3118,94.62,91.22,1.0,0.246,2.9,9.1,73.9,63.2,15.6,37.6,54.9,58.0,1141.0,0,2.0,0.3,8.06
EV228971,2017.0,38644.0,65.0,92.73,0.4126,97.28,65.14,1.0,0.247,6.4,14.5,63.2,59.2,17.15,43.6,55.7,74.5,1055.0,0,1.0,7.27,8.83
EV216952,2018.0,56473.0,166.0,88.04,0.4739,96.06,80.96,3.0,0.437,7.6,26.5,41.4,49.4,31.97,33.0,61.4,74.9,1171.0,0,1.0,11.96,7.93
EV281932,2024.0,21327.0,68.0,96.03,0.4273,94.98,65.06,4.0,0.146,10.5,33.7,92.1,41.3,4.92,15.8,64.5,85.1,1387.0,0,1.0,3.97,2.3
EV169145,2018.0,9341.0,89.0,94.45,0.4547,97.89,58.13,2.0,0.635,1.0,3.0,79.7,44.7,15.33,45.9,70.3,38.0,1292.0,0,0.0,,7.81
EV260393,2024.0,78549.0,214.0,94.83,0.441,95.75,68.6,7.0,0.218,25.9,53.6,88.1,41.6,17.85,43.8,76.0,63.7,1294.0,0,3.0,5.17,2.07
EV289920,2018.0,204693.0,397.0,73.4,0.6634,91.87,64.89,7.0,0.227,34.2,82.5,54.4,67.6,23.13,77.2,53.4,29.2,828.0,1,6.0,26.6,8.06
EV126754,2016.0,500.0,35.0,91.35,0.4572,91.83,56.5,1.0,0.264,1.7,3.0,57.9,73.7,22.7,68.5,51.9,63.4,1069.0,0,3.0,8.65,10.13
EV229684,2017.0,32196.0,166.0,79.36,0.6356,91.96,47.29,1.0,0.319,9.8,13.2,36.6,74.7,36.59,82.0,40.8,48.1,1076.0,1,4.0,20.64,9.13
EV154756,2017.0,82465.0,486.0,87.61,0.5509,92.72,34.15,4.0,0.319,11.4,32.4,54.4,53.0,29.22,12.5,57.9,75.7,768.0,0,1.0,21.75,9.04
EV114355,2022.0,32471.0,26.0,99.8,0.3539,95.72,56.47,5.0,0.398,9.4,27.7,81.8,47.7,11.5,15.3,62.0,71.4,1488.0,0,2.0,0.2,3.84
EV201718,2017.0,29173.0,214.0,97.52,0.3942,97.09,71.52,2.0,0.237,6.1,10.6,53.5,38.3,24.04,5.9,66.2,89.4,1416.0,0,0.0,2.48,9.13
EV288715,2019.0,123163.0,214.0,74.46,0.6076,91.81,49.36,8.0,0.602,22.2,59.8,77.1,58.8,17.89,60.2,49.1,0.0,792.0,0,1.0,25.54,6.97
EV136778,2019.0,151675.0,445.0,74.08,0.6298,92.12,53.31,5.0,0.43,23.7,70.6,73.9,53.7,28.72,65.3,63.2,10.4,761.0,0,,25.92,6.86
EV269497,2022.0,78679.0,195.0,90.18,0.4462,94.83,76.88,5.0,0.195,36.6,54.8,89.8,64.3,18.33,16.0,49.9,82.9,1030.0,0,3.0,9.82,3.65
EV131955,2016.0,236819.0,214.0,73.87,0.6103,93.2,57.1,5.0,0.459,25.7,84.0,57.0,56.7,31.65,51.5,64.0,15.3,706.0,1,4.0,26.13,9.69
EV277739,2022.0,29331.0,34.0,95.02,0.425,95.94,79.75,1.0,0.383,11.2,27.1,75.6,43.7,21.45,40.4,66.0,55.1,1030.0,0,1.0,4.98,
EV232279,2020.0,217299.0,669.0,46.58,0.8857,90.6,31.47,9.0,0.691,43.0,124.1,82.0,59.2,40.09,35.2,52.5,0.0,1030.0,1,4.0,53.42,5.91
EV216273,2019.0,77284.0,288.0,87.21,0.4791,94.13,63.15,6.0,0.425,18.7,32.1,52.5,56.8,25.0,49.3,60.8,47.4,1063.0,0,1.0,12.79,7.11
EV121459,2020.0,68572.0,162.0,97.58,0.3912,97.12,70.36,1.0,0.052,13.7,34.4,70.9,47.8,8.38,0.3,62.6,82.3,1302.0,0,5.0,2.42,5.95
EV217760,2017.0,65601.0,280.0,83.37,0.5063,93.46,41.54,6.0,0.42,14.0,24.1,76.6,63.6,16.61,36.8,57.9,38.8,1030.0,0,1.0,16.63,8.86
EV180574,2018.0,97216.0,320.0,74.21,0.5367,90.76,38.65,1.0,0.645,10.5,35.7,66.4,72.3,26.64,34.5,40.1,31.4,637.0,0,5.0,25.79,8.04
EV261458,2023.0,24786.0,77.0,90.89,0.5019,95.39,79.61,1.0,0.231,4.9,14.6,84.9,55.6,10.83,41.1,55.3,30.2,661.0,0,0.0,9.11,3.09
EV257011,2015.0,140272.0,226.0,84.24,0.4455,95.3,81.84,6.0,0.319,18.2,43.5,46.9,69.0,24.35,13.7,43.1,51.0,842.0,0,3.0,15.76,11.01
EV230084,2018.0,141388.0,272.0,85.89,0.4523,95.3,71.51,5.0,0.299,28.4,63.9,69.2,56.8,12.34,33.3,62.5,36.3,1080.0,0,1.0,14.11,7.85
EV184351,2017.0,107978.0,214.0,85.49,2.25792,96.47,77.92,4.0,0.235,22.5,38.0,58.9,69.6,18.33,32.9,50.0,60.6,991.0,1,10.0,14.51,
EV215641,2017.0,125982.0,281.0,81.72,0.5839,94.52,64.02,5.0,0.088,36.3,48.6,60.5,70.8,30.97,33.7,52.8,67.2,1013.0,0,3.0,18.28,8.95
EV114275,2024.0,39050.0,94.0,87.61,0.3614,95.56,99.56,4.0,0.128,21.1,69.5,99.6,42.8,5.28,4.0,62.9,78.7,1432.0,0,4.0,0.2,1.8
EV282857,2020.0,97017.0,234.0,81.63,0.466,94.2,75.25,6.0,0.654,21.4,37.6,59.0,62.3,20.12,51.5,49.0,21.4,784.0,0,3.0,18.37,9.03
EV164359,2022.0,500.0,46.0,99.31,0.3848,95.71,59.31,1.0,0.277,1.7,3.0,92.0,51.7,9.39,19.2,59.8,87.4,1411.0,0,0.0,0.69,3.69
EV254705,2023.0,12445.0,34.0,99.8,0.3614,94.98,71.45,3.0,0.266,5.0,15.8,83.2,65.0,7.05,6.0,55.2,64.0,1212.0,0,0.0,0.2,
EV168706,2020.0,54252.0,163.0,91.48,0.4626,96.36,88.0,3.0,0.25,17.2,25.2,75.0,37.3,7.55,40.6,71.3,39.2,1255.0,0,2.0,8.52,5.96
EV219637,2015.0,92152.0,256.0,88.42,0.4918,94.98,64.02,1.0,0.145,20.4,27.2,66.0,58.0,11.98,21.7,53.5,61.4,1096.0,0,1.0,11.58,11.17
EV296523,2016.0,105165.0,491.0,67.88,0.6001,93.24,30.99,4.0,0.268,10.5,31.2,60.3,68.1,27.54,33.2,49.8,67.1,449.0,0,2.0,32.12,9.93
EV232807,2019.0,129020.0,413.0,58.5,0.8659,91.57,38.79,9.0,0.419,21.3,57.8,69.4,72.9,34.03,33.0,45.5,56.9,234.0,1,0.0,41.5,7.11
EV159639,2020.0,76959.0,121.0,92.54,0.4263,96.55,94.51,2.0,0.319,17.4,28.2,64.7,52.9,22.68,16.6,58.5,86.3,1253.0,0,4.0,7.46,8.87
EV161135,2021.0,33236.0,214.0,99.8,0.3585,98.01,67.84,1.0,0.254,3.6,11.9,72.1,48.5,13.19,11.2,64.6,74.6,1469.0,0,1.0,0.2,5.12
EV299571,2020.0,102412.0,238.0,86.03,0.4423,93.66,76.64,5.0,0.233,27.4,56.2,92.1,56.5,22.23,0.0,54.8,61.0,849.0,0,1.0,13.97,6.13
EV125788,2018.0,104979.0,162.0,79.38,0.5682,93.74,98.03,1.0,0.426,17.6,43.3,77.7,39.0,10.97,21.4,56.9,43.9,510.0,0,0.0,20.62,7.44
EV105013,2015.0,227681.0,462.0,78.11,0.5619,96.4,78.69,6.0,0.61,34.0,69.5,56.2,59.7,24.72,54.5,58.6,6.7,800.0,0,2.0,21.89,10.68
EV195101,2023.0,78549.0,28.0,99.8,0.3014,94.72,81.81,4.0,0.165,20.4,51.7,83.9,54.9,8.1,16.8,57.0,94.5,1189.0,0,0.0,0.2,3.27
EV180099,2016.0,60721.0,144.0,92.01,0.3903,95.07,64.02,3.0,0.395,10.7,47.1,59.6,62.6,7.82,28.7,59.8,31.8,1006.0,0,1.0,7.99,10.09
EV198066,2019.0,64460.0,129.0,88.28,0.4238,98.26,107.08,1.0,0.319,19.4,28.4,75.8,68.0,10.97,31.7,43.0,52.1,975.0,0,1.0,11.72,7.05
EV113540,2024.0,31654.0,89.0,95.21,0.3583,96.24,104.64,5.0,0.424,16.3,43.9,94.2,68.9,11.03,33.2,53.2,45.2,1042.0,0,2.0,4.79,2.33
EV192041,2018.0,115368.0,488.0,71.56,0.5063,94.98,34.14,6.0,0.229,19.8,47.1,75.9,77.5,23.58,49.0,42.9,77.2,506.0,0,0.0,28.44,7.7
EV138144,2022.0,53906.0,160.0,90.15,0.4768,98.39,67.04,5.0,0.331,10.6,31.9,88.5,59.5,12.13,20.4,62.2,76.1,1201.0,0,2.0,9.85,4.0
EV263247,2024.0,23669.0,1.0,99.8,0.3795,99.16,83.3,5.0,0.274,13.0,42.2,82.5,47.1,12.07,39.3,58.6,100.0,1506.0,0,0.0,0.2,1.84
EV111483,2017.0,102968.0,271.0,85.22,0.4943,92.64,80.87,3.0,0.188,23.0,36.9,62.4,64.4,22.27,19.4,51.8,100.0,1029.0,0,1.0,14.78,9.18
EV228426,2017.0,96218.0,261.0,85.07,0.5776,94.25,72.38,2.0,0.259,12.4,35.8,68.5,68.5,16.74,19.9,45.2,53.7,1094.0,0,3.0,14.93,8.92
EV105901,2019.0,16307.0,1.0,99.8,0.3348,95.58,92.21,2.0,0.415,3.4,11.9,67.2,69.9,14.56,26.2,46.9,80.9,1211.0,0,,0.2,7.15
EV224499,2020.0,78549.0,497.0,54.68,0.7588,92.08,49.87,9.0,0.372,29.5,99.3,61.9,65.4,46.54,42.1,53.3,26.7,191.0,1,2.0,45.32,8.09
EV231521,2021.0,117947.0,762.0,53.39,0.6464,90.24,64.02,12.0,0.736,20.4,65.7,84.5,76.2,25.08,60.6,43.8,0.0,276.0,1,3.0,46.61,5.24
EV130129,2018.0,78549.0,25.0,99.8,0.3973,95.42,120.99,1.0,0.239,3.4,7.2,74.7,56.8,7.97,0.0,65.6,59.2,1476.0,0,0.0,0.2,8.02
EV128981,2019.0,116063.0,271.0,74.94,0.6512,94.31,64.19,3.0,0.319,29.8,62.5,65.7,47.9,18.33,0.0,72.4,84.1,391.0,0,3.0,25.06,6.74
EV102105,2015.0,187458.0,804.0,66.64,0.6448,93.32,29.57,10.0,0.211,43.4,58.5,56.1,67.9,26.73,44.2,43.4,57.5,473.0,1,2.0,33.36,11.02
EV238335,2019.0,133270.0,382.0,79.41,0.5746,94.89,64.3,4.0,0.578,24.8,57.1,64.4,55.2,24.52,62.4,60.7,0.0,900.0,0,1.0,20.59,7.21
EV279270,2018.0,96050.0,414.0,51.42,0.5063,89.17,24.83,3.0,0.36,22.4,35.6,67.6,83.1,38.7,40.0,37.0,7.7,206.0,1,2.0,48.58,7.92
EV291978,2016.0,180466.0,214.0,59.67,0.6139,89.21,64.02,9.0,0.392,36.5,60.7,45.1,81.4,39.25,15.5,37.1,0.0,289.0,1,2.0,40.33,10.09
EV189727,2020.0,17147.0,32.0,99.8,0.4009,94.98,82.03,2.0,0.357,25.7,33.7,100.0,48.7,8.28,18.9,64.4,65.7,1454.0,0,5.0,0.2,3.02
EV200857,2015.0,78549.0,174.0,89.4,0.3482,95.17,49.95,2.0,0.317,3.1,8.3,63.6,64.0,21.87,12.4,49.3,34.7,882.0,0,2.0,10.6,10.63
EV231115,2018.0,154895.0,578.0,73.86,0.5936,94.1,38.86,8.0,0.096,23.9,64.9,63.5,72.1,18.33,7.2,47.7,43.9,606.0,0,3.0,26.14,8.17
EV136703,2024.0,500.0,64.0,99.8,0.3634,95.99,58.07,1.0,0.579,1.0,3.0,100.0,46.2,2.87,27.0,61.8,44.9,1349.0,0,1.0,0.2,1.75
EV197069,2016.0,1639.0,1.0,99.8,0.3955,95.78,111.15,1.0,0.24,1.3,3.0,59.8,47.6,14.86,16.8,67.4,78.0,1474.0,0,1.0,0.2,10.04
EV126378,2024.0,6172.0,13.0,99.8,0.4144,98.26,49.11,1.0,0.215,2.0,3.0,86.9,43.7,18.33,21.0,57.8,87.6,1513.0,0,2.0,0.2,2.05
EV245833,2024.0,49629.0,276.0,86.63,0.4812,95.56,45.68,11.0,0.306,33.9,90.1,86.8,52.7,18.33,28.9,62.7,53.4,1061.0,0,0.0,13.37,2.0
EV167486,2019.0,63724.0,310.0,85.94,0.5063,94.72,39.01,4.0,0.162,24.1,30.5,72.8,58.5,24.95,40.8,51.5,86.4,1030.0,0,3.0,14.06,7.24
EV298122,2018.0,188788.0,406.0,77.23,0.4517,94.74,65.68,2.0,0.117,25.9,81.9,72.5,65.7,24.88,23.1,48.0,79.1,665.0,0,5.0,22.77,7.88
EV115083,2024.0,23175.0,64.0,95.86,0.474,95.66,75.94,7.0,0.114,23.7,40.8,81.6,43.6,18.33,12.2,63.2,88.3,715.0,0,1.0,4.14,2.01
EV204076,2019.0,187027.0,626.0,63.07,0.5838,89.69,38.72,9.0,0.263,50.2,91.5,77.9,72.1,30.68,51.8,45.7,16.8,386.0,1,3.0,36.93,6.79
EV246693,2017.0,75363.0,206.0,85.83,0.5517,96.28,59.25,4.0,0.465,16.4,27.8,75.8,56.4,19.56,29.3,60.6,40.2,1062.0,0,1.0,14.17,9.29
EV263937,2016.0,386497.0,1196.0,39.69,1.0177,89.63,25.85,13.0,0.383,77.9,130.6,48.2,70.2,42.07,38.3,56.2,9.0,0.0,1,5.0,,9.78
EV297709,2018.0,132098.0,292.0,77.93,0.4589,94.96,68.73,7.0,0.352,21.3,54.1,72.5,61.7,19.35,26.4,63.3,31.6,672.0,0,4.0,22.07,7.98
EV256321,2015.0,141125.0,495.0,80.2,0.5165,93.89,51.88,4.0,0.361,29.3,40.2,61.1,53.1,15.25,36.8,56.9,51.5,850.0,0,3.0,19.8,11.08
EV261773,2020.0,500.0,1.0,99.8,0.3536,98.19,83.62,1.0,0.298,2.1,3.0,73.6,70.2,22.3,17.7,51.0,64.8,1204.0,0,,0.2,5.98
EV100124,2020.0,150726.0,264.0,80.89,0.5427,94.98,84.05,8.0,0.296,27.3,81.4,72.1,64.5,29.75,44.1,48.5,24.4,757.0,0,3.0,19.11,6.09
EV281567,2024.0,42908.0,154.0,90.78,0.4308,95.87,57.89,7.0,0.345,17.9,62.0,72.8,49.8,16.28,45.5,64.2,40.4,1231.0,0,2.0,9.22,2.37
EV125701,2015.0,73493.0,144.0,94.68,0.3422,97.88,97.15,5.0,0.43,10.6,25.5,59.0,60.8,16.71,15.3,48.4,58.2,1029.0,0,,5.32,10.89
EV158249,2022.0,34232.0,52.0,99.8,0.5063,97.35,98.48,5.0,0.148,13.1,47.1,78.0,55.7,12.12,18.8,53.1,83.6,1155.0,0,0.0,0.2,3.91
EV216921,2019.0,8884.0,13.0,95.69,0.4723,95.77,74.86,3.0,0.211,1.0,3.0,61.9,62.8,19.42,16.8,45.4,75.2,736.0,0,5.0,4.31,6.93
EV204288,2023.0,36754.0,101.0,98.82,0.3673,95.87,51.51,5.0,0.123,19.9,33.1,85.6,45.1,12.33,15.8,63.8,94.9,1379.0,0,3.0,1.18,3.0
EV176827,2022.0,65404.0,214.0,95.54,0.402,97.1,81.74,1.0,0.078,25.8,46.7,86.7,56.8,19.56,4.0,63.6,92.4,1266.0,0,4.0,4.46,4.08
EV288671,2019.0,43794.0,212.0,87.38,0.4566,95.92,37.06,1.0,0.2,8.0,18.5,69.3,64.5,18.2,30.3,49.7,77.4,881.0,0,3.0,12.62,7.35
EV149725,2016.0,330056.0,1017.0,39.07,1.075,88.85,24.93,14.0,0.234,41.4,108.5,51.6,69.2,41.76,32.5,48.6,33.8,0.0,1,,60.93,9.92
EV289787,2022.0,50503.0,179.0,89.95,0.382,94.33,42.13,9.0,0.044,10.4,35.5,84.6,74.5,18.33,11.3,49.3,69.6,912.0,0,2.0,10.05,4.05
EV283167,2023.0,82039.0,266.0,84.34,0.3816,94.97,60.19,3.0,0.291,26.3,87.5,83.2,58.6,6.5,27.2,51.4,15.0,793.0,0,3.0,15.66,2.99
EV186821,2017.0,106473.0,219.0,82.95,0.4482,95.36,75.47,2.0,0.219,30.6,40.7,72.8,68.8,26.18,31.0,50.6,43.8,807.0,0,4.0,,9.1
EV239284,2021.0,70173.0,130.0,96.68,0.3876,94.6,71.74,7.0,0.274,16.1,45.8,61.0,37.4,25.94,14.2,68.2,73.6,1326.0,0,,3.32,4.76
EV224852,2023.0,62600.0,172.0,90.62,0.4554,94.98,83.7,5.0,0.314,22.2,59.4,83.6,49.0,10.78,21.7,60.3,43.8,1212.0,0,,9.38,3.18
EV191330,2020.0,20381.0,67.0,89.21,0.4191,95.56,57.28,1.0,0.461,4.1,13.2,67.6,73.3,18.33,42.2,42.1,26.8,989.0,0,4.0,10.79,6.15
EV249836,2023.0,52663.0,121.0,94.24,0.4486,95.82,67.9,5.0,0.447,18.1,62.7,87.3,48.3,8.82,22.2,65.7,13.6,1286.0,0,,5.76,3.0
EV132965,2016.0,284765.0,1140.0,47.57,0.7353,91.47,23.37,13.0,0.631,43.2,98.8,47.2,83.0,40.3,52.9,36.3,1.9,56.0,1,6.0,,9.73
EV130048,2020.0,12050.0,105.0,93.99,0.4363,95.34,44.0,1.0,0.167,3.6,8.8,64.5,42.7,23.92,24.9,67.7,55.3,1354.0,0,0.0,6.01,6.0
EV167227,2018.0,156259.0,384.0,87.61,0.5101,95.04,54.75,6.0,0.331,23.1,69.6,72.1,67.7,18.01,37.5,61.1,70.7,1030.0,0,3.0,19.25,7.95
EV233659,2016.0,370920.0,905.0,53.83,0.5063,89.0,43.21,13.0,0.712,47.0,123.9,59.0,74.6,37.6,62.9,43.4,0.0,316.0,1,2.0,46.17,9.9
EV279363,2021.0,102372.0,155.0,89.92,0.4504,95.7,112.97,4.0,0.151,35.9,58.6,78.4,44.0,21.41,21.9,70.8,86.3,1214.0,0,,10.08,5.0
EV269577,2020.0,101622.0,484.0,77.25,0.5337,92.19,34.42,9.0,0.081,38.9,58.8,67.4,64.1,26.38,33.2,52.4,61.9,807.0,0,1.0,22.75,5.94
EV246831,2015.0,31771.0,115.0,96.64,0.4597,95.16,54.24,1.0,0.319,2.5,6.0,43.1,42.7,19.46,24.3,68.6,69.4,1327.0,0,2.0,3.36,11.07
EV119351,2023.0,57755.0,236.0,82.46,0.4696,96.54,64.02,6.0,0.317,27.0,60.8,76.6,56.7,16.49,48.0,47.1,80.6,808.0,0,0.0,17.54,2.94
EV240214,2020.0,125338.0,468.0,75.78,0.5772,93.97,41.38,7.0,0.63,35.0,54.0,69.0,55.4,24.47,24.8,67.0,52.1,762.0,0,,24.22,
EV183772,2022.0,106307.0,214.0,59.97,0.7913,91.04,27.16,16.0,0.397,43.1,84.0,81.6,70.9,18.33,9.4,49.3,25.4,216.0,1,2.0,40.03,4.03
EV102500,2015.0,426802.0,1080.0,58.28,0.714,89.57,45.15,12.0,0.378,41.3,126.2,67.1,73.0,24.23,47.9,42.9,18.0,198.0,1,4.0,41.72,11.11
EV237011,2022.0,13829.0,32.0,96.94,0.5063,95.41,57.35,1.0,0.481,1.0,3.0,83.0,51.5,11.39,18.2,60.3,53.0,1429.0,0,4.0,3.06,4.29
EV233099,2022.0,11318.0,1.0,99.8,0.3306,96.91,50.71,3.0,0.254,1.0,3.0,86.0,66.7,8.91,4.2,50.1,95.5,1232.0,0,0.0,,3.8
EV257930,2018.0,293037.0,725.0,46.77,0.8907,88.4,38.32,9.0,0.516,37.8,119.5,81.8,65.3,37.62,35.5,54.9,0.0,58.0,1,1.0,53.23,7.83
EV138731,2016.0,222096.0,292.0,81.5,0.5033,97.12,103.23,5.0,0.319,47.2,74.2,54.0,71.0,32.74,24.6,50.3,0.0,710.0,0,1.0,18.5,10.45
EV222785,2016.0,78549.0,518.0,79.13,0.585,95.18,45.28,6.0,0.232,15.8,49.1,60.8,46.7,22.08,34.4,65.2,58.1,782.0,0,1.0,20.87,10.05
EV154451,2020.0,35621.0,43.0,96.13,0.4726,96.69,88.44,1.0,0.229,2.5,8.4,66.3,34.6,8.43,39.1,71.2,48.8,737.0,0,3.0,3.87,11.1
EV120148,2015.0,8930.0,4.0,99.8,0.3592,96.81,97.85,1.0,0.065,2.1,3.0,45.3,47.5,24.3,9.1,74.2,83.8,1452.0,0,1.0,,11.23
EV178126,2023.0,74363.0,154.0,87.61,0.4641,94.37,111.22,4.0,0.346,29.0,93.8,84.3,65.0,26.39,33.2,56.3,30.3,1265.0,0,5.0,8.51,2.99
EV251582,2023.0,20692.0,48.0,99.8,0.328,95.2,73.13,4.0,0.367,16.3,28.8,99.4,63.4,10.53,18.2,47.0,63.7,1145.0,0,1.0,0.2,3.52
EV127439,2023.0,50104.0,19.0,99.8,0.4053,97.43,90.04,4.0,0.319,22.8,54.5,90.9,49.7,2.78,0.0,69.3,71.6,1448.0,0,1.0,0.2,3.1
EV206186,2015.0,101805.0,302.0,83.57,0.5567,94.98,61.02,3.0,0.243,20.4,34.1,55.5,52.5,26.48,48.4,58.1,44.0,1083.0,0,2.0,16.43,11.0
EV230017,2019.0,239442.0,629.0,87.61,0.8802,94.98,36.67,10.0,0.633,44.6,112.8,77.4,67.6,40.09,76.5,51.1,0.0,98.0,1,2.0,52.72,6.92
EV259945,2019.0,135705.0,349.0,85.05,0.5098,92.87,77.01,2.0,0.319,35.4,54.8,69.3,54.9,23.05,31.6,56.2,77.4,926.0,0,3.0,14.95,6.86
EV238091,2020.0,216679.0,632.0,70.52,0.6471,91.7,42.68,7.0,0.416,26.8,77.2,56.9,67.5,34.06,22.7,45.2,6.1,577.0,1,7.0,29.48,9.22
EV268517,2020.0,12124.0,1.0,99.8,0.3798,97.31,77.01,1.0,0.266,2.4,6.4,81.1,54.4,14.2,26.4,56.7,71.3,1530.0,0,2.0,,4.08
EV119309,2016.0,129816.0,277.0,80.99,0.5651,94.58,58.63,1.0,0.367,13.7,43.3,53.2,63.5,19.08,81.0,45.8,4.0,996.0,1,3.0,19.01,10.14
EV230728,2017.0,103001.0,438.0,72.58,0.5929,94.37,28.85,6.0,0.431,21.0,40.0,68.3,58.3,31.8,35.4,50.6,36.8,727.0,1,1.0,27.42,9.18
EV255286,2015.0,172015.0,313.0,86.93,0.4744,94.98,79.96,5.0,0.146,36.6,56.3,55.7,50.3,18.88,33.6,68.0,60.6,1021.0,0,2.0,13.07,10.7
EV160931,2016.0,111433.0,317.0,82.68,0.527,94.98,75.5,6.0,0.276,17.0,38.6,60.0,41.7,16.13,24.4,66.3,54.3,974.0,0,1.0,17.32,9.86
EV181859,2017.0,193139.0,429.0,71.8,0.5674,94.06,55.95,8.0,0.25,21.7,67.5,56.9,78.9,18.33,0.0,41.5,43.4,1030.0,0,3.0,28.2,9.37
EV112073,2020.0,200242.0,493.0,67.04,0.8008,88.74,53.59,10.0,0.634,40.2,120.5,71.3,76.7,27.06,74.9,37.5,6.5,623.0,1,4.0,32.96,5.98
EV255042,2024.0,3571.0,68.0,96.15,0.3327,97.36,59.58,1.0,0.103,1.0,3.0,95.5,61.0,17.83,24.4,51.5,52.1,1106.0,0,,3.85,1.97
EV186361,2018.0,297507.0,726.0,67.38,0.6329,93.4,53.74,15.0,0.367,59.8,122.9,66.7,62.9,28.75,36.6,46.6,5.9,535.0,1,0.0,,7.97
EV288633,2018.0,233809.0,214.0,70.14,0.5607,91.52,60.66,6.0,0.217,29.6,95.5,78.9,72.2,23.7,43.4,56.9,25.1,452.0,0,4.0,29.86,7.96
EV157267,2022.0,500.0,1.0,99.8,0.3438,95.79,44.36,1.0,0.407,1.5,3.0,82.9,49.8,6.95,7.8,60.8,66.1,1524.0,0,1.0,0.2,3.98
EV158587,2021.0,20233.0,30.0,95.59,0.3906,97.02,59.32,1.0,0.498,6.4,19.0,72.8,43.7,12.45,33.0,68.2,40.5,1452.0,0,2.0,4.41,4.89
EV154094,2022.0,79303.0,203.0,74.98,0.6859,93.66,49.87,8.0,0.2,35.1,68.4,85.4,56.8,25.73,26.4,60.5,44.8,440.0,0,3.0,25.02,4.17
EV251397,2016.0,91375.0,230.0,88.3,0.4978,94.79,68.72,5.0,0.319,9.9,33.1,57.0,43.9,23.32,35.2,68.9,39.7,1083.0,0,1.0,11.7,9.72
EV254739,2022.0,22017.0,77.0,97.0,0.386,96.81,54.61,7.0,0.492,12.8,47.1,88.7,54.2,9.78,77.4,57.5,56.4,1392.0,0,3.0,3.0,3.6
EV205523,2019.0,30858.0,65.0,96.47,0.4664,98.49,90.58,4.0,0.108,15.3,21.6,83.5,45.0,10.26,32.7,64.0,100.0,1370.0,0,,3.53,7.23
EV191302,2023.0,78549.0,126.0,87.61,0.3832,93.09,81.44,4.0,0.324,16.8,46.2,81.9,61.3,11.01,41.5,52.2,54.6,964.0,0,2.0,9.48,3.26
EV132983,2019.0,12109.0,57.0,95.86,0.5025,96.05,80.74,1.0,0.225,1.5,3.0,70.6,42.0,18.75,15.5,72.3,75.9,700.0,0,1.0,4.14,6.85
EV169701,2023.0,73500.0,246.0,85.55,0.4742,96.73,68.28,7.0,0.145,38.5,68.7,98.0,51.9,19.98,0.0,60.9,99.7,789.0,0,6.0,14.45,3.1
EV247825,2018.0,96664.0,361.0,80.89,0.464,92.89,45.32,2.0,0.203,24.4,37.6,72.8,71.4,24.16,14.1,49.7,56.8,643.0,0,4.0,19.11,8.12
EV284304,2019.0,42294.0,65.0,89.81,0.5113,96.2,93.95,3.0,0.348,9.2,13.8,69.0,58.5,18.33,51.5,50.2,67.9,645.0,0,1.0,10.19,7.04
EV296906,2018.0,1356.0,1.0,99.8,0.317,96.09,60.92,1.0,0.281,1.0,3.0,65.0,57.2,12.59,5.4,56.9,76.9,1180.0,0,2.0,0.2,8.0
EV242894,2015.0,450000.0,753.0,35.04,1.0647,88.13,42.33,7.0,0.522,57.9,47.1,52.2,77.4,51.09,99.6,30.9,10.9,16.0,1,3.0,64.96,10.81
EV163708,2017.0,500.0,1.0,87.61,0.5464,94.31,123.59,3.0,0.135,1.0,3.0,58.8,49.7,19.48,50.2,58.3,52.1,1430.0,0,2.0,1.87,8.94
EV134821,2022.0,22769.0,76.0,91.44,0.4443,95.02,59.23,1.0,0.503,5.3,15.4,84.9,31.5,9.79,50.2,77.5,47.3,1030.0,0,1.0,8.56,3.95
EV150736,2017.0,21296.0,72.0,99.8,0.4033,98.48,73.14,1.0,0.033,3.8,9.7,51.4,49.6,13.67,9.6,58.4,86.7,1317.0,0,3.0,0.2,9.45
EV213854,2016.0,321756.0,683.0,63.94,0.6862,92.1,53.43,9.0,0.491,37.1,103.8,62.3,68.1,27.01,36.7,47.1,11.2,500.0,1,3.0,36.06,10.23
EV201670,2015.0,100113.0,260.0,70.79,0.7204,93.48,55.07,1.0,0.336,14.1,27.4,61.3,55.7,27.44,33.2,61.6,20.4,371.0,0,4.0,29.21,11.15
EV223272,2019.0,38292.0,165.0,88.95,0.4469,94.84,61.48,1.0,0.332,5.0,16.2,77.5,49.5,18.33,26.7,60.4,38.7,1231.0,0,2.0,11.05,7.22
EV226354,2021.0,72329.0,329.0,78.57,0.5112,92.63,40.98,5.0,0.433,18.2,47.1,76.3,69.7,21.47,13.6,46.5,9.8,681.0,0,3.0,,4.98
EV222939,2017.0,204933.0,482.0,67.27,0.5063,91.17,64.73,5.0,0.36,35.1,78.6,60.6,70.0,38.31,43.9,47.2,2.9,493.0,1,2.0,32.73,9.11
EV253242,2020.0,69706.0,178.0,90.26,0.4343,95.57,103.54,2.0,0.364,19.8,40.8,75.3,56.8,21.59,15.0,57.3,63.5,1165.0,0,1.0,9.74,5.85
EV272970,2016.0,72550.0,213.0,87.61,0.6241,93.11,54.88,1.0,0.273,16.1,26.4,80.5,51.1,20.82,16.4,56.3,54.6,447.0,0,2.0,24.09,10.14
EV218061,2018.0,159184.0,338.0,78.99,0.5278,94.31,74.76,6.0,0.451,22.6,61.1,67.2,59.5,19.98,40.2,60.8,58.9,631.0,0,1.0,21.01,8.09
EV161426,2017.0,120423.0,345.0,81.2,0.4825,95.06,73.16,4.0,0.594,26.8,44.9,69.6,53.1,22.16,51.4,58.5,15.2,922.0,0,4.0,18.8,8.79
EV211514,2019.0,34227.0,201.0,92.68,0.452,96.79,55.37,4.0,0.044,12.5,19.9,87.2,56.8,18.62,0.0,67.4,84.2,1175.0,0,2.0,7.32,6.88
EV158568,2015.0,88820.0,229.0,90.92,0.43,96.63,64.02,1.0,0.243,13.9,30.3,58.1,49.2,15.47,22.6,52.7,84.3,1164.0,0,2.0,9.08,10.84
EV130825,2015.0,58963.0,37.0,87.61,0.4752,96.19,95.69,1.0,0.385,6.9,18.2,72.8,46.1,31.19,6.0,64.0,52.1,1438.0,0,1.0,3.87,10.88
EV229829,2024.0,42383.0,137.0,93.34,0.4584,94.98,84.3,11.0,0.473,20.4,94.0,87.5,56.1,8.74,43.4,57.4,52.1,1277.0,0,1.0,6.66,1.9
EV171461,2016.0,40059.0,115.0,86.0,0.5838,95.34,80.78,1.0,0.072,5.1,12.9,50.3,50.9,34.95,1.4,65.9,71.1,589.0,0,1.0,14.0,10.22
EV259122,2015.0,229815.0,493.0,77.82,0.5834,94.38,71.06,4.0,0.29,28.4,67.9,43.7,64.6,16.84,9.7,50.2,20.3,742.0,0,6.0,22.18,11.19
EV129293,2021.0,58284.0,279.0,80.06,0.5001,93.29,37.51,7.0,0.076,21.2,34.9,86.7,69.1,12.91,21.3,52.0,58.6,731.0,0,2.0,19.94,5.06
EV287045,2024.0,27512.0,26.0,99.8,0.3121,98.59,90.52,8.0,0.378,39.1,54.3,97.4,61.2,5.01,40.5,53.6,57.5,1152.0,0,3.0,0.2,1.93
EV252063,2024.0,25932.0,164.0,87.61,0.3888,96.2,39.11,1.0,0.083,4.9,11.9,89.1,56.8,1.95,33.9,56.9,75.6,935.0,0,0.0,,2.27
EV102822,2019.0,82831.0,167.0,90.65,0.503,94.95,85.35,4.0,0.059,10.4,34.9,73.8,51.9,21.04,24.0,66.6,77.8,1171.0,0,0.0,9.35,6.97
EV152214,2019.0,190795.0,332.0,77.69,0.5227,94.44,78.2,3.0,0.809,56.0,91.5,69.1,73.3,23.17,74.7,56.9,0.0,913.0,1,4.0,22.31,6.92
EV174227,2019.0,101416.0,209.0,78.73,0.5009,94.29,68.27,7.0,0.31,25.5,47.6,61.2,64.2,30.58,31.9,47.3,26.3,747.0,0,3.0,21.27,6.72
EV298236,2017.0,305994.0,1087.0,60.39,0.6878,90.13,34.24,14.0,0.574,90.7,118.1,62.6,58.8,24.72,22.7,60.9,0.0,253.0,1,7.0,39.61,8.87
EV209207,2019.0,81197.0,533.0,77.3,0.5701,94.98,29.19,6.0,0.319,15.8,44.7,77.3,63.3,15.77,0.0,60.9,14.7,782.0,0,0.0,22.7,6.76
EV254325,2021.0,73042.0,315.0,75.23,0.5065,94.84,35.83,5.0,0.359,16.2,45.6,78.5,75.0,21.37,42.3,56.9,61.0,1030.0,0,2.0,24.77,4.87
EV204500,2021.0,46728.0,120.0,97.55,0.4354,99.38,71.65,1.0,0.102,12.4,30.2,97.2,50.2,10.28,23.4,63.1,91.8,1306.0,0,2.0,2.45,4.88
EV193015,2018.0,7445.0,50.0,95.62,0.3762,98.28,73.87,1.0,0.42,1.3,3.0,86.9,58.9,7.1,17.9,54.2,80.8,1098.0,0,0.0,4.38,7.91
EV126418,2023.0,8965.0,69.0,95.53,0.4327,97.01,61.86,5.0,0.712,12.5,21.3,89.0,46.9,7.3,36.6,66.4,15.4,1413.0,0,4.0,4.47,2.98
EV242121,2019.0,83053.0,313.0,79.06,0.4999,93.12,35.32,7.0,0.539,21.1,47.3,63.9,63.6,21.78,67.1,52.7,14.1,721.0,0,1.0,20.94,7.14
EV272639,2017.0,128546.0,749.0,57.91,0.8314,86.6,21.58,8.0,0.229,13.3,46.3,65.7,79.4,24.2,62.1,36.0,41.6,409.0,1,2.0,42.09,9.15
EV113530,2015.0,78549.0,305.0,85.52,0.4355,92.12,70.39,6.0,0.199,20.4,37.9,59.3,55.5,7.01,49.3,60.4,61.0,1028.0,0,4.0,14.48,10.64
EV125403,2024.0,4240.0,7.0,97.97,0.4627,96.0,84.79,2.0,0.194,6.2,12.6,76.1,64.1,14.09,58.6,57.2,45.7,1521.0,0,2.0,2.03,1.76
EV196691,2021.0,72070.0,163.0,95.02,0.3378,95.53,71.31,1.0,0.089,23.6,42.5,72.8,64.1,17.19,0.0,51.2,82.5,1002.0,0,2.0,4.98,5.3
EV237082,2021.0,118490.0,250.0,81.99,0.4816,94.69,66.53,8.0,0.321,31.9,85.4,67.0,68.3,16.03,30.9,43.0,62.8,769.0,0,4.0,18.01,4.9
EV262638,2016.0,22277.0,86.0,92.94,0.4504,97.04,62.74,1.0,0.179,3.9,7.8,64.2,57.4,16.29,0.0,60.3,55.4,1293.0,0,2.0,7.06,10.24
EV201938,2016.0,63044.0,155.0,91.12,0.4057,92.43,52.12,3.0,0.613,5.9,15.3,62.1,59.0,25.4,58.1,54.0,0.0,1242.0,0,3.0,8.88,10.12
EV207725,2015.0,322010.0,667.0,66.63,0.6344,93.89,60.31,7.0,0.493,35.1,97.4,53.7,56.3,24.34,45.8,59.6,3.0,533.0,1,3.0,33.37,11.09
EV123866,2024.0,48737.0,89.0,93.54,0.4553,94.87,76.74,8.0,0.482,43.6,81.1,89.2,52.4,4.89,6.0,60.9,29.8,1316.0,0,0.0,6.46,
EV117847,2022.0,21596.0,51.0,99.8,0.3461,95.12,69.29,1.0,0.096,18.3,22.8,98.7,56.8,12.71,0.0,56.1,76.5,1424.0,0,0.0,0.2,4.02
EV202073,2018.0,78066.0,86.0,95.33,0.3947,95.81,92.54,2.0,0.336,17.3,30.5,59.1,51.8,24.96,11.3,56.9,64.7,1391.0,0,3.0,4.67,8.0
EV239956,2022.0,51238.0,87.0,99.8,0.3995,96.89,76.86,2.0,0.228,25.5,47.1,93.6,52.7,4.75,0.0,58.2,61.2,1423.0,0,2.0,0.2,3.85
EV239084,2017.0,244319.0,523.0,66.3,0.5817,91.22,57.09,10.0,0.403,29.6,88.5,59.4,76.4,24.84,54.9,56.9,3.7,486.0,1,4.0,33.7,8.92
EV238913,2018.0,213465.0,525.0,73.83,0.5365,94.98,58.37,6.0,0.347,32.2,83.9,73.5,56.5,15.99,25.4,63.6,23.7,1030.0,0,0.0,26.17,8.04
EV156151,2020.0,126620.0,325.0,87.61,0.5382,96.9,62.31,9.0,0.301,20.4,73.1,90.3,53.6,16.93,33.4,61.3,70.1,1030.0,0,2.0,16.12,5.79
EV180166,2021.0,59042.0,177.0,83.35,0.5592,94.01,89.75,1.0,0.386,14.2,41.4,86.3,49.3,16.67,23.6,59.3,52.1,1098.0,0,4.0,16.65,5.25
EV249787,2018.0,154674.0,398.0,73.74,0.531,94.77,52.93,5.0,0.134,19.0,61.4,67.9,73.3,17.13,33.2,47.5,47.4,557.0,0,,26.26,
EV225864,2020.0,500.0,214.0,99.8,0.3166,94.98,62.32,3.0,0.325,11.9,19.6,98.8,57.4,8.11,15.8,53.1,72.1,1157.0,0,2.0,0.2,1.94
EV230605,2020.0,13634.0,72.0,96.48,0.4309,95.71,63.6,1.0,0.223,4.5,9.8,67.8,58.1,20.78,29.8,51.4,85.6,1354.0,0,,3.52,6.14
EV118226,2021.0,10334.0,1.0,99.8,0.4005,97.15,70.43,1.0,0.309,1.7,4.0,77.6,42.4,13.08,21.9,63.7,75.4,1492.0,0,2.0,0.2,4.98
EV209020,2024.0,21475.0,75.0,93.97,0.3856,94.67,64.32,6.0,0.382,17.8,50.4,85.8,51.1,8.27,58.8,57.9,60.4,1328.0,0,3.0,6.03,1.98
EV152740,2018.0,125566.0,182.0,86.45,0.4923,96.59,99.92,7.0,0.305,24.2,50.7,75.9,70.3,12.45,39.5,45.5,33.9,843.0,0,1.0,13.55,8.07
EV235421,2017.0,78549.0,34.0,87.61,0.3797,94.98,79.44,1.0,0.595,1.0,3.0,68.1,47.5,16.43,50.1,60.9,47.6,1397.0,0,2.0,3.46,8.89
EV279332,2016.0,14625.0,47.0,88.78,0.5165,93.86,52.17,1.0,0.511,1.0,3.0,65.3,49.2,18.44,78.5,68.8,19.8,664.0,0,0.0,11.22,10.07
EV186084,2018.0,282869.0,1110.0,37.53,0.9995,94.98,19.34,13.0,0.354,52.3,122.8,73.6,71.7,41.81,1.7,36.4,52.1,0.0,1,2.0,62.47,7.84
EV298026,2023.0,5198.0,1.0,99.8,0.2959,98.32,92.59,1.0,0.176,1.0,3.0,94.0,57.9,8.22,24.1,53.2,91.4,1208.0,0,2.0,0.2,3.03
EV283958,2020.0,145320.0,625.0,66.26,0.6316,92.0,31.11,12.0,0.321,34.3,84.2,63.4,67.1,33.79,48.6,46.3,6.4,578.0,1,4.0,33.74,5.83
EV115949,2024.0,27532.0,148.0,92.2,0.5104,95.03,64.02,4.0,0.226,32.3,39.0,78.0,45.7,10.63,25.1,55.8,76.2,1268.0,0,1.0,7.8,1.96
EV187792,2016.0,108468.0,186.0,94.13,0.3622,96.95,113.69,1.0,0.368,11.1,35.6,58.9,51.5,15.61,30.3,60.1,65.8,1242.0,0,1.0,5.87,9.99
EV265804,2015.0,139113.0,490.0,76.97,0.5073,94.91,39.33,6.0,0.092,25.3,42.5,58.1,50.3,28.67,2.2,62.0,56.5,788.0,0,3.0,23.03,11.02
EV178136,2021.0,20364.0,59.0,94.78,0.4243,95.09,53.26,1.0,0.158,5.5,17.8,86.4,62.1,11.76,20.3,48.7,68.3,1371.0,0,4.0,5.22,4.71
EV153445,2023.0,15471.0,34.0,99.8,0.5063,95.41,104.54,1.0,0.188,7.8,17.4,89.3,43.1,18.33,24.2,57.6,52.1,1502.0,0,2.0,0.2,3.23
EV136710,2020.0,150050.0,601.0,70.93,0.6016,92.96,64.02,10.0,0.383,28.4,81.5,69.7,56.3,35.51,44.7,58.3,49.2,646.0,0,2.0,29.07,6.15
EV160314,2020.0,159886.0,462.0,82.14,0.5181,92.89,57.39,10.0,0.099,24.5,82.3,72.6,54.2,14.54,0.0,61.8,78.1,846.0,0,2.0,17.86,6.05
EV270084,2016.0,125308.0,244.0,80.39,0.5989,94.87,72.52,5.0,0.548,15.9,42.5,53.2,73.3,18.48,73.0,52.8,45.0,1038.0,1,6.0,19.61,9.99
EV137534,2020.0,78549.0,202.0,92.48,0.4542,95.52,69.29,5.0,0.208,20.8,54.0,71.2,48.4,15.08,8.1,66.0,87.9,1165.0,0,1.0,7.52,4.88
EV203894,2017.0,290252.0,396.0,73.66,0.4866,89.94,94.68,4.0,0.63,30.8,105.7,72.6,71.8,16.25,65.7,48.3,0.0,549.0,1,4.0,26.34,8.94
EV278011,2024.0,15648.0,30.0,99.8,0.4194,96.97,68.37,2.0,0.319,12.6,31.6,91.5,47.3,6.91,45.8,73.5,57.8,1534.0,0,3.0,0.2,2.27
EV293765,2020.0,15883.0,93.0,95.95,0.4077,98.57,83.54,4.0,0.075,4.4,12.6,69.8,44.5,12.76,26.7,70.6,96.7,1377.0,0,0.0,4.05,4.61
EV299135,2020.0,105440.0,382.0,83.17,0.5483,94.7,48.22,5.0,0.083,20.3,55.5,66.0,56.3,27.15,3.8,61.0,84.1,891.0,0,2.0,16.83,5.86
EV243561,2019.0,44416.0,108.0,95.37,0.44,96.8,90.94,4.0,0.062,6.7,20.4,71.2,57.4,10.24,10.8,58.9,86.2,1355.0,0,3.0,4.63,7.01
EV115042,2023.0,86469.0,246.0,80.61,0.5092,92.49,53.91,8.0,0.319,26.1,85.9,88.2,62.7,15.82,16.6,57.8,52.1,777.0,0,5.0,19.39,3.33
EV128492,2022.0,73379.0,147.0,92.93,0.435,96.4,79.21,3.0,0.265,18.4,51.9,93.7,47.8,14.18,37.1,64.4,52.4,1238.0,0,4.0,7.07,4.26
EV132138,2018.0,224576.0,557.0,71.64,0.6723,93.73,66.09,6.0,0.243,37.2,87.2,74.5,50.9,26.73,45.3,60.6,20.2,677.0,0,1.0,28.36,8.15
EV195763,2016.0,165354.0,339.0,86.98,0.5045,93.97,83.84,2.0,0.457,28.5,50.0,75.9,46.7,13.98,21.3,66.5,52.1,1045.0,0,2.0,13.02,10.17
EV219622,2021.0,78549.0,153.0,92.18,0.3707,95.24,45.05,5.0,0.389,17.6,38.9,77.2,61.6,16.88,8.7,47.5,69.9,978.0,0,1.0,7.82,4.91
EV234162,2019.0,79400.0,198.0,90.11,0.4669,96.9,93.55,4.0,0.374,12.9,32.8,57.8,45.5,20.14,35.6,58.0,71.7,1138.0,0,3.0,9.89,7.0
EV116450,2022.0,2018.0,30.0,96.59,0.4208,97.5,66.7,3.0,0.377,7.1,18.4,71.2,42.9,19.15,16.2,73.1,86.0,729.0,0,0.0,3.41,4.08
EV193196,2022.0,27773.0,43.0,99.8,0.381,97.83,70.99,5.0,0.364,11.4,25.3,86.0,39.4,5.43,18.2,70.6,87.4,1439.0,0,0.0,0.2,
EV220179,2019.0,102375.0,298.0,78.64,0.5817,92.23,45.94,7.0,0.299,30.1,45.8,72.4,59.7,27.17,52.3,53.4,40.8,895.0,0,0.0,21.36,7.03
EV185143,2020.0,150206.0,398.0,65.23,0.6097,91.99,43.13,7.0,0.806,34.8,85.8,62.4,79.1,24.4,33.2,43.0,1.2,551.0,1,5.0,34.77,6.22
EV146610,2021.0,110661.0,342.0,83.62,0.538,92.18,61.89,3.0,0.081,24.3,65.4,76.6,58.3,21.19,2.5,59.1,91.4,985.0,0,6.0,16.38,5.14
EV216151,2022.0,91618.0,189.0,78.64,0.6161,94.98,69.02,4.0,0.166,22.6,65.9,83.0,44.4,13.23,26.6,56.9,42.0,464.0,0,3.0,,4.23
EV185435,2024.0,54009.0,125.0,92.57,0.4222,95.3,83.64,8.0,0.247,28.0,84.8,84.2,65.5,13.25,26.7,49.7,55.2,1022.0,0,1.0,7.43,2.2
EV153066,2015.0,37902.0,88.0,97.2,0.4469,98.08,63.02,2.0,0.058,3.6,11.9,61.4,49.6,15.66,43.0,60.0,82.0,1421.0,0,2.0,2.8,11.1
EV183645,2016.0,369656.0,997.0,87.61,0.6967,90.54,37.93,12.0,0.525,55.2,124.5,55.8,86.5,36.43,31.1,38.2,19.9,82.0,1,2.0,49.46,9.95
EV286791,2020.0,63769.0,319.0,84.9,0.5341,95.05,45.97,5.0,0.375,16.4,39.6,69.8,57.5,11.3,33.2,54.2,38.1,964.0,0,5.0,15.1,6.12
EV177280,2021.0,99030.0,231.0,84.28,0.3919,93.49,79.49,4.0,0.483,20.4,68.4,77.6,58.6,16.9,34.8,56.9,39.2,824.0,0,2.0,15.72,5.04
EV284276,2022.0,21715.0,96.0,89.59,0.4355,93.08,47.84,5.0,0.591,10.9,24.5,93.9,74.1,7.48,33.2,42.3,34.4,1000.0,0,3.0,,3.98
EV236046,2023.0,48633.0,229.0,87.49,0.5151,95.11,58.16,5.0,0.593,11.9,41.3,69.9,56.4,18.33,45.6,57.5,33.8,1166.0,0,8.0,12.51,2.98
EV266800,2024.0,55038.0,160.0,92.44,0.4452,96.85,86.55,7.0,0.319,30.5,83.9,89.5,50.7,19.8,37.3,61.7,0.0,1298.0,0,0.0,7.56,2.01
EV281055,2016.0,187152.0,445.0,74.01,0.5615,93.58,49.91,8.0,0.571,19.7,60.9,57.5,57.8,19.93,32.2,59.9,39.0,777.0,0,0.0,25.99,9.91
EV111148,2016.0,69394.0,236.0,81.9,0.4918,94.34,54.24,3.0,0.495,6.6,22.5,72.8,74.4,26.39,32.8,42.7,36.9,806.0,0,1.0,18.1,9.94
EV142736,2023.0,500.0,1.0,99.8,0.3262,97.39,86.24,1.0,0.213,5.2,9.5,70.1,66.9,18.76,0.0,56.9,93.8,1030.0,0,3.0,0.2,3.4
EV145645,2024.0,28811.0,150.0,88.03,0.4158,96.13,83.62,7.0,0.525,30.4,55.9,98.2,63.8,9.94,37.4,54.2,64.2,931.0,0,2.0,11.97,2.14
EV199964,2021.0,144307.0,315.0,73.53,0.506,95.46,70.96,7.0,0.534,37.1,95.3,82.9,72.7,25.1,46.0,54.5,33.5,669.0,0,4.0,26.47,4.97
EV180499,2020.0,11318.0,2.0,99.8,0.4053,95.0,41.41,5.0,0.348,1.4,3.0,78.9,56.5,14.69,27.7,53.2,51.9,1516.0,0,4.0,0.2,6.09
EV199894,2017.0,114519.0,383.0,87.61,0.5675,93.22,42.81,5.0,0.208,13.9,43.9,60.9,65.9,25.37,18.1,48.1,40.5,590.0,0,5.0,27.3,9.11
EV138430,2017.0,185594.0,506.0,64.03,0.5063,92.55,45.62,8.0,0.284,37.8,75.7,43.0,78.6,32.95,76.1,43.1,29.9,477.0,1,4.0,35.97,8.8
EV164628,2016.0,62442.0,214.0,99.61,0.3715,95.97,75.58,1.0,0.375,6.2,16.0,67.9,50.3,14.74,33.4,57.4,54.4,1423.0,0,,0.39,9.98
EV222455,2019.0,64768.0,165.0,93.08,0.4533,94.97,85.66,2.0,0.327,10.8,30.9,71.7,50.4,25.81,5.6,60.0,52.1,1239.0,0,3.0,6.92,7.15
EV119506,2023.0,13108.0,65.0,98.03,0.3542,97.52,41.34,1.0,0.319,9.5,18.0,90.4,44.5,11.27,48.9,67.8,52.1,1380.0,0,1.0,1.97,3.2
EV185089,2019.0,149265.0,373.0,81.46,0.5114,94.36,79.08,4.0,0.407,22.6,69.7,71.3,57.0,21.97,43.3,64.1,52.1,915.0,0,5.0,18.54,6.88
EV232661,2020.0,51948.0,77.0,97.14,0.4427,97.16,101.61,2.0,0.277,13.5,25.1,76.7,48.3,8.05,27.4,70.9,61.5,1365.0,0,2.0,2.86,5.95
EV224884,2018.0,91369.0,223.0,70.08,0.629,94.01,50.68,2.0,0.29,11.7,32.3,75.4,61.6,24.24,32.9,54.0,57.7,393.0,0,4.0,29.92,8.15
EV100889,2023.0,57096.0,161.0,90.76,0.4511,93.7,79.36,9.0,0.625,20.4,60.2,96.7,61.1,21.89,48.6,53.4,34.1,1228.0,0,1.0,9.24,2.88
EV279196,2021.0,97083.0,186.0,92.55,0.449,95.62,106.04,8.0,0.303,19.9,69.0,73.5,54.1,19.42,12.9,56.9,58.7,1234.0,0,2.0,7.45,4.9
EV238025,2017.0,259293.0,687.0,87.61,0.6701,91.75,48.17,8.0,0.444,33.6,93.3,60.8,81.8,38.31,38.6,44.8,31.5,361.0,1,4.0,39.53,9.14
EV174805,2018.0,58825.0,152.0,94.48,0.3935,95.97,54.8,4.0,0.156,12.8,24.6,50.1,54.1,26.34,5.7,61.7,92.7,1246.0,0,2.0,5.52,7.78
EV295107,2021.0,10991.0,116.0,86.45,0.4309,93.73,46.26,1.0,0.579,6.8,9.3,88.6,61.8,12.69,38.2,52.0,55.4,959.0,0,3.0,13.55,4.82
EV122918,2018.0,214730.0,579.0,62.22,0.6605,90.94,51.7,12.0,0.324,58.2,84.9,54.5,94.7,37.19,60.8,22.8,15.3,350.0,1,4.0,37.78,
EV103037,2017.0,30648.0,84.0,96.97,0.4454,98.03,45.66,2.0,0.287,4.2,11.9,68.9,49.8,13.98,30.1,67.4,100.0,1340.0,0,4.0,3.03,9.01
EV218779,2019.0,106080.0,294.0,84.22,0.4654,94.46,54.62,3.0,0.108,19.2,50.7,76.8,65.2,21.1,15.7,56.2,85.5,796.0,0,5.0,15.78,7.2
EV245670,2016.0,78549.0,260.0,78.5,0.4466,95.75,73.93,2.0,0.227,12.2,37.1,67.5,73.9,23.98,33.2,43.3,81.7,780.0,0,1.0,21.5,9.71
EV166358,2021.0,48555.0,177.0,83.07,0.5191,90.94,54.49,4.0,0.036,8.1,25.9,62.1,48.9,18.33,7.8,61.6,84.8,513.0,0,,16.93,5.15
EV290329,2023.0,787.0,1.0,99.54,0.3497,99.43,79.8,3.0,0.319,1.2,3.0,90.6,45.8,14.05,13.3,53.8,100.0,1536.0,0,1.0,0.46,3.28
EV246103,2019.0,38325.0,137.0,82.67,0.522,92.62,43.95,1.0,0.424,5.4,16.9,83.9,44.3,14.29,22.8,67.1,67.6,541.0,0,0.0,17.33,7.06
EV195694,2020.0,193917.0,456.0,87.61,0.5129,93.01,68.43,5.0,0.081,48.5,86.5,72.8,74.5,17.69,25.0,42.5,81.4,530.0,0,2.0,24.16,7.09
EV165345,2015.0,217781.0,566.0,69.53,0.6224,91.68,48.43,7.0,0.319,19.1,63.8,54.2,61.0,23.42,47.6,46.4,49.3,633.0,0,2.0,30.47,11.11
EV171595,2020.0,50261.0,137.0,83.73,0.4933,94.87,77.61,3.0,0.408,9.1,31.4,63.7,75.5,16.24,47.8,47.1,39.5,891.0,0,1.0,16.27,5.84
EV179592,2023.0,500.0,16.0,99.8,0.384,94.98,51.22,1.0,0.132,3.8,6.8,82.1,47.5,7.52,0.2,62.7,64.9,1497.0,0,2.0,0.2,3.0
EV297296,2022.0,102339.0,354.0,82.74,0.5063,92.98,44.7,8.0,0.366,43.3,77.6,91.6,56.8,7.03,9.8,62.7,56.2,946.0,0,3.0,,4.06
EV144754,2018.0,59271.0,263.0,82.56,0.4248,94.96,34.95,1.0,0.319,10.6,24.0,69.4,70.5,25.3,6.1,50.4,84.1,772.0,0,5.0,17.44,8.0
EV213270,2021.0,57190.0,146.0,91.3,0.3434,95.93,56.28,1.0,0.131,20.4,38.6,80.4,57.2,18.33,14.1,56.5,91.1,964.0,0,1.0,8.7,5.23
EV275882,2023.0,55564.0,144.0,89.07,0.4118,94.65,79.2,7.0,0.2,21.6,47.1,79.0,72.9,16.04,25.9,56.9,80.7,951.0,0,1.0,10.93,3.23
EV296248,2022.0,78549.0,248.0,80.33,0.6171,94.19,47.19,5.0,0.58,19.9,59.1,76.0,65.2,28.43,46.9,48.5,31.6,1024.0,0,1.0,19.67,4.27
EV185195,2024.0,28440.0,89.0,99.74,0.3642,98.86,39.35,11.0,0.063,48.8,74.5,98.7,54.3,15.31,14.3,55.8,100.0,1416.0,0,2.0,0.26,1.97
EV293651,2022.0,50210.0,45.0,96.72,0.4469,96.53,117.43,1.0,0.193,9.6,33.5,84.5,48.9,9.11,1.5,57.2,85.3,1429.0,0,0.0,3.28,3.82
EV248708,2024.0,500.0,20.0,99.24,0.3441,98.05,110.54,1.0,0.319,2.1,3.0,72.8,57.2,10.21,24.1,56.2,52.7,1180.0,0,0.0,0.76,1.82
EV127533,2015.0,373086.0,623.0,61.89,0.6062,92.89,71.98,10.0,0.59,69.9,112.0,60.6,78.6,40.48,40.3,37.8,1.8,388.0,1,3.0,38.11,11.04
EV144811,2018.0,98618.0,210.0,89.86,0.513,96.05,79.12,7.0,0.358,17.4,44.1,74.0,56.8,18.33,38.2,69.4,50.6,1209.0,0,1.0,10.14,8.01
EV286495,2023.0,72504.0,319.0,81.42,0.4288,93.47,38.48,11.0,0.431,20.2,69.3,76.5,59.8,18.16,40.2,55.9,18.9,716.0,0,0.0,18.58,3.09
EV159423,2023.0,3244.0,19.0,99.8,0.2537,97.11,79.12,1.0,0.248,6.0,10.6,89.4,66.2,10.21,21.7,51.3,48.4,1194.0,0,1.0,0.2,2.75
EV242270,2018.0,127905.0,282.0,83.61,0.5911,94.9,65.36,1.0,0.522,29.6,52.2,68.6,71.0,21.88,46.8,43.8,6.2,1012.0,0,2.0,16.39,7.82
EV174131,2015.0,5180.0,65.0,96.82,0.4066,96.95,87.88,1.0,0.314,1.7,3.0,52.7,48.0,19.99,28.0,69.3,60.3,1409.0,0,,3.18,10.95
EV250755,2019.0,146875.0,691.0,62.4,0.7515,92.91,27.09,11.0,0.398,25.0,67.1,72.8,74.3,35.04,54.0,39.6,31.8,516.0,1,5.0,37.6,7.31
EV132379,2024.0,29400.0,85.0,95.08,0.3494,97.71,87.78,4.0,0.092,14.9,40.4,95.7,61.7,6.68,40.0,50.0,81.3,1071.0,0,1.0,4.92,2.08
EV180430,2015.0,137780.0,305.0,88.4,0.4912,94.55,82.2,1.0,0.127,12.2,40.8,64.5,54.9,12.28,13.0,58.7,86.5,1057.0,0,4.0,11.6,11.27
EV280892,2020.0,105857.0,223.0,92.1,0.4577,97.85,83.35,5.0,0.206,17.2,54.4,72.6,47.9,17.98,28.5,63.0,83.1,1139.0,0,2.0,7.9,5.8
EV139494,2023.0,42814.0,114.0,95.07,0.3836,96.76,67.76,4.0,0.312,11.7,40.6,100.0,45.7,10.0,30.0,56.9,68.9,1360.0,0,2.0,4.93,3.08
EV268133,2022.0,38159.0,93.0,94.82,0.4361,96.33,69.55,3.0,0.318,13.0,30.1,82.6,51.1,9.95,1.7,60.7,69.1,1288.0,0,3.0,5.18,4.12
EV139133,2023.0,18682.0,214.0,94.83,0.4007,96.19,40.39,5.0,0.101,12.5,33.1,80.5,44.6,22.16,22.7,63.5,87.5,695.0,0,1.0,,2.7
EV254905,2021.0,126325.0,262.0,83.08,0.5888,95.69,70.57,7.0,0.476,27.0,81.4,75.5,46.9,12.05,40.8,54.5,22.9,1029.0,0,0.0,16.92,4.81
EV182637,2016.0,368750.0,999.0,53.6,0.7651,88.91,41.47,10.0,0.911,41.6,122.6,60.4,63.2,26.63,58.5,52.8,0.0,1030.0,1,2.0,46.4,9.98
EV145669,2019.0,78549.0,384.0,78.58,0.4802,95.96,53.87,2.0,0.113,18.1,62.4,70.1,73.3,15.08,37.6,39.0,77.5,631.0,0,2.0,21.42,6.85
EV212944,2017.0,10502.0,49.0,96.82,0.4264,97.23,63.04,1.0,0.23,3.5,5.2,75.4,39.3,12.58,26.6,67.4,66.1,708.0,0,2.0,3.18,9.08
EV168114,2020.0,49776.0,113.0,78.54,0.7208,87.83,59.51,1.0,0.508,11.0,31.5,67.5,66.2,29.32,82.0,50.6,4.8,1070.0,1,3.0,21.46,5.7
EV190768,2020.0,119183.0,431.0,75.59,0.4954,93.89,46.67,12.0,0.023,32.0,65.1,81.8,79.5,16.64,7.4,50.1,35.1,585.0,0,3.0,24.41,
EV118467,2017.0,178813.0,214.0,59.85,0.7529,91.87,26.4,7.0,0.423,22.2,64.5,50.0,73.0,36.39,37.7,47.6,54.1,431.0,1,3.0,40.15,8.93
EV189595,2024.0,4281.0,27.0,87.19,0.5282,92.12,75.24,3.0,0.276,4.2,11.4,82.3,72.5,10.69,33.2,54.0,54.7,1069.0,0,,12.81,2.15
EV174394,2018.0,75378.0,98.0,90.18,0.4072,94.98,97.22,1.0,0.24,11.5,37.5,54.8,64.0,25.42,0.0,52.8,60.6,982.0,0,1.0,9.82,7.9
EV231315,2023.0,40850.0,28.0,98.74,0.34,96.87,94.01,2.0,0.389,13.2,44.0,92.5,55.4,5.17,12.7,62.8,39.3,1175.0,0,0.0,1.26,3.21
EV142442,2023.0,957.0,1.0,99.44,0.3411,94.98,81.16,3.0,0.32,2.0,3.0,72.8,42.4,10.12,10.1,75.4,45.0,1498.0,0,3.0,0.56,3.06
EV210220,2018.0,98106.0,403.0,79.8,0.5345,95.6,43.55,5.0,0.229,18.0,37.2,73.1,57.4,25.64,0.1,56.3,86.1,864.0,0,2.0,20.2,8.09
EV272927,2023.0,58223.0,155.0,91.91,0.4639,94.44,69.27,3.0,0.396,15.3,52.0,79.9,56.8,18.33,21.6,49.4,59.9,1285.0,0,3.0,,3.18
EV201442,2015.0,43464.0,82.0,97.71,0.4315,97.03,87.35,1.0,0.21,4.5,13.8,74.5,57.0,20.21,12.9,58.7,77.7,1393.0,0,2.0,2.29,10.98
EV167804,2023.0,79634.0,143.0,88.49,0.3534,95.03,85.38,3.0,0.54,44.6,78.1,88.7,62.6,10.65,49.0,56.1,14.3,1002.0,0,,,3.16
EV230386,2024.0,37531.0,87.0,93.42,0.5063,97.49,70.97,2.0,0.554,23.8,67.4,94.6,54.3,8.41,27.4,60.5,52.9,1016.0,0,5.0,6.58,1.98
EV131715,2017.0,288218.0,924.0,87.61,0.8361,91.45,36.67,4.0,0.444,31.1,108.8,69.2,56.8,24.82,62.9,36.0,18.9,374.0,1,3.0,40.98,9.0
EV269638,2018.0,71079.0,188.0,90.65,0.434,98.2,85.55,3.0,0.493,9.6,32.6,58.3,51.6,20.38,43.5,58.6,33.5,1189.0,0,1.0,9.35,8.11
EV199040,2023.0,46420.0,67.0,97.99,0.3338,96.95,61.6,8.0,0.422,17.2,53.6,90.6,72.2,11.51,37.0,54.3,55.9,1128.0,0,3.0,2.01,2.82
EV255032,2017.0,3667.0,1.0,99.8,0.3606,95.42,99.01,1.0,0.281,2.4,3.0,66.2,56.8,7.65,41.3,54.6,88.1,1201.0,0,4.0,0.2,8.96
EV153527,2021.0,55430.0,177.0,85.47,0.5107,93.51,53.85,4.0,0.195,17.0,42.1,75.0,64.6,21.3,45.7,50.0,67.9,1155.0,0,4.0,14.53,5.05
EV159157,2018.0,102090.0,330.0,75.65,0.5147,91.97,49.3,5.0,0.221,14.5,39.3,72.8,65.8,25.6,30.4,58.0,62.6,624.0,0,3.0,24.35,7.89
EV121054,2021.0,78549.0,202.0,91.35,0.4622,95.47,80.81,8.0,0.034,24.4,68.1,69.5,49.1,13.7,42.0,68.5,52.1,1197.0,0,1.0,8.65,5.07
EV148941,2020.0,58583.0,113.0,84.97,0.5014,93.73,70.8,3.0,0.397,19.8,39.7,78.5,48.8,13.84,54.7,65.1,33.9,1182.0,0,0.0,15.03,5.79
EV257282,2024.0,30836.0,54.0,99.8,0.3099,98.09,73.63,1.0,0.212,26.0,35.5,77.0,58.7,5.01,28.4,49.2,82.7,1136.0,0,4.0,0.2,2.31
EV227158,2019.0,123590.0,388.0,83.8,0.5309,96.7,56.89,4.0,0.058,26.1,47.1,70.5,54.1,33.65,6.2,60.4,95.3,955.0,0,1.0,16.2,6.9
EV264896,2019.0,66605.0,254.0,83.74,0.4361,94.98,58.21,6.0,0.226,11.2,28.6,58.2,63.2,17.62,2.8,58.0,71.3,795.0,0,2.0,16.26,6.86
EV249193,2024.0,19029.0,214.0,96.9,0.4184,95.96,74.67,2.0,0.159,25.6,38.6,98.2,45.8,10.76,27.0,63.0,69.1,1373.0,0,0.0,3.1,1.98
EV152258,2023.0,34032.0,88.0,85.55,0.6143,99.12,61.28,5.0,0.503,24.3,37.4,72.8,51.6,15.84,47.0,61.1,33.0,1030.0,0,0.0,14.45,2.76
EV297168,2017.0,500.0,30.0,99.8,0.419,95.57,96.92,1.0,0.191,1.2,3.0,66.3,42.2,7.8,13.9,59.4,79.7,1475.0,0,,0.2,9.23
EV182541,2024.0,31471.0,159.0,95.37,0.3915,96.13,63.27,1.0,0.024,24.2,42.1,72.8,50.3,18.33,13.5,61.9,81.8,1240.0,0,1.0,4.63,1.87
EV254531,2023.0,30537.0,46.0,99.6,0.387,98.72,116.6,3.0,0.116,12.2,36.3,88.4,44.1,3.87,35.2,65.6,89.9,1453.0,0,1.0,0.4,3.07
EV102718,2018.0,36239.0,22.0,99.51,0.287,98.09,95.42,1.0,0.456,4.2,13.9,62.7,61.0,16.61,26.4,53.4,57.6,1190.0,0,0.0,0.49,8.01
EV240573,2021.0,55271.0,219.0,85.11,0.4197,93.78,47.34,6.0,0.012,19.2,35.8,74.6,68.6,20.23,14.9,52.2,69.8,840.0,0,,14.89,5.04
EV112506,2019.0,105281.0,294.0,87.5,0.5063,96.65,67.22,7.0,0.145,25.5,50.5,72.0,48.3,8.3,31.9,65.7,52.1,1053.0,0,0.0,12.5,7.11
EV285498,2020.0,64294.0,296.0,80.54,0.4946,94.19,43.03,3.0,0.435,14.2,44.1,84.1,57.3,22.69,53.0,55.4,49.3,926.0,0,0.0,,5.03
EV298037,2024.0,9894.0,50.0,97.88,0.4109,96.56,72.0,6.0,0.287,6.2,13.1,100.0,41.5,12.65,17.8,69.6,70.9,1456.0,0,,2.12,1.88
EV196828,2021.0,20938.0,130.0,93.78,0.4167,93.69,77.73,1.0,0.205,10.6,20.2,72.9,54.7,24.14,33.2,59.3,55.7,1290.0,0,3.0,6.22,4.82
EV201532,2018.0,176774.0,343.0,80.28,0.5481,93.87,81.24,4.0,0.409,47.0,74.4,55.3,57.5,23.58,69.5,63.1,41.7,954.0,0,2.0,19.72,8.12
EV102999,2020.0,218127.0,517.0,63.39,0.6789,90.71,48.63,7.0,0.468,61.9,114.8,74.3,93.9,25.27,76.4,29.7,17.5,463.0,1,7.0,36.61,5.89
EV154209,2018.0,47211.0,266.0,86.92,0.49,97.39,25.93,4.0,0.151,5.9,15.6,66.3,51.9,23.42,23.8,62.1,80.1,1048.0,0,2.0,13.08,7.89
EV266392,2017.0,80131.0,203.0,89.01,0.3817,95.16,69.16,4.0,0.06,10.4,28.4,68.4,70.6,13.62,0.0,47.1,84.9,908.0,0,2.0,10.99,8.9
EV287624,2024.0,7804.0,50.0,96.31,0.5063,98.18,90.86,2.0,0.129,10.5,27.4,94.3,38.4,5.16,11.1,70.1,90.7,1402.0,0,1.0,3.69,1.98
EV273802,2021.0,500.0,1.0,98.75,0.3852,96.08,43.4,1.0,0.129,1.5,3.0,75.7,54.0,23.92,30.0,62.3,88.3,1441.0,0,1.0,1.25,4.9
EV244538,2023.0,74788.0,181.0,86.96,0.4549,91.96,67.03,11.0,0.732,37.3,83.4,72.8,47.9,13.94,59.9,58.4,2.4,1030.0,0,3.0,,2.92
EV110114,2020.0,86794.0,214.0,83.65,0.5908,94.77,47.79,3.0,0.111,24.8,44.7,70.0,51.9,23.75,56.7,56.1,75.9,1005.0,0,6.0,16.35,6.16
EV219304,2021.0,109821.0,663.0,57.05,0.6864,92.53,18.76,16.0,0.6,32.6,83.9,64.5,81.4,36.74,55.8,43.3,0.6,325.0,1,6.0,42.95,4.77
EV142374,2024.0,5437.0,56.0,99.8,0.3773,97.3,90.1,1.0,0.208,12.2,30.0,93.7,43.7,8.35,9.8,68.1,95.4,1457.0,0,2.0,0.2,1.83
EV130778,2015.0,357530.0,720.0,65.06,0.6944,91.3,63.3,9.0,0.522,54.0,104.0,46.2,63.3,27.5,49.9,57.1,0.0,537.0,1,9.0,34.94,10.99
EV157528,2023.0,12065.0,43.0,98.35,0.3932,95.81,60.13,2.0,0.182,1.5,3.0,82.7,52.8,6.0,22.9,56.9,63.9,1420.0,0,1.0,1.65,3.03
EV108534,2016.0,2040.0,160.0,81.16,0.5755,90.93,57.56,1.0,0.486,1.2,3.0,60.1,78.2,29.71,89.1,49.2,30.8,1078.0,1,3.0,18.84,10.16
EV269824,2016.0,193027.0,392.0,73.09,0.5452,93.94,65.35,3.0,0.189,40.5,62.3,55.7,72.6,18.33,30.5,45.4,24.3,597.0,0,3.0,26.91,9.95
EV227410,2022.0,78549.0,84.0,98.39,0.3864,96.37,43.39,4.0,0.438,1.5,4.1,83.7,45.8,4.8,34.2,66.9,45.2,1472.0,0,0.0,1.61,4.03
EV152188,2016.0,152861.0,264.0,82.75,0.5978,91.51,79.71,1.0,0.135,17.7,51.2,53.0,75.3,31.55,36.4,42.4,69.4,1021.0,0,2.0,17.25,9.94
EV212863,2020.0,165287.0,352.0,81.41,0.52,95.13,60.69,9.0,0.495,39.8,91.1,75.8,64.9,16.53,33.2,44.6,33.1,967.0,1,1.0,18.59,6.04
EV103985,2019.0,102030.0,234.0,86.87,0.5442,96.61,80.07,1.0,0.319,28.2,43.6,72.1,49.0,19.62,49.6,58.1,46.3,1094.0,0,2.0,13.13,6.99
EV115374,2024.0,46929.0,109.0,98.23,0.4271,96.8,59.81,7.0,0.042,24.3,77.0,72.8,48.4,5.83,18.5,56.9,94.5,1352.0,0,2.0,,2.04
EV261493,2024.0,28841.0,76.0,98.34,0.4637,95.69,80.76,1.0,0.495,11.2,38.3,84.7,50.9,18.46,65.6,62.5,40.1,1429.0,0,2.0,1.66,1.92
EV239308,2021.0,134034.0,786.0,59.45,0.7334,90.51,21.68,17.0,0.515,40.2,90.6,78.0,76.4,34.93,40.6,44.6,0.0,392.0,1,5.0,40.55,5.06
EV186447,2019.0,44956.0,214.0,92.78,0.3992,96.01,80.1,1.0,0.103,6.7,21.0,78.7,60.6,10.91,2.1,55.5,59.0,1020.0,0,,7.22,6.89
EV154061,2021.0,65890.0,105.0,94.45,0.4109,97.68,105.22,1.0,0.163,14.3,45.2,73.8,53.5,10.94,47.8,56.9,97.2,1282.0,0,5.0,5.55,5.0
EV273230,2015.0,31534.0,91.0,98.91,0.3582,95.74,85.67,3.0,0.448,3.4,7.8,58.2,41.8,20.83,33.3,65.3,23.4,1408.0,0,4.0,1.09,11.12
EV248221,2017.0,12461.0,82.0,94.47,0.4152,96.8,45.86,1.0,0.248,20.4,8.4,56.6,49.4,17.67,6.1,65.6,67.6,1321.0,0,0.0,5.53,9.21
EV228606,2019.0,67967.0,164.0,89.48,0.4468,93.75,66.07,3.0,0.247,7.7,25.1,75.4,58.2,13.25,14.9,52.2,61.2,1178.0,0,3.0,10.52,7.02
EV272236,2023.0,14191.0,49.0,87.61,0.5063,96.93,96.88,1.0,0.369,4.9,16.3,78.4,47.7,7.52,33.2,65.0,38.7,1426.0,0,1.0,1.18,2.99
EV113895,2023.0,78549.0,24.0,96.98,0.3874,93.91,60.93,2.0,0.368,1.1,3.2,84.4,38.0,18.08,14.2,74.6,17.5,1433.0,0,0.0,3.02,3.03
EV195069,2017.0,325802.0,214.0,87.61,0.9377,89.62,20.43,15.0,0.363,36.5,115.9,72.8,64.4,41.42,35.0,50.8,21.5,0.0,1,2.0,61.54,9.16
EV109218,2022.0,500.0,1.0,99.8,0.5063,96.1,121.04,1.0,0.473,1.4,3.0,84.2,37.4,0.0,32.0,76.3,45.2,1441.0,0,0.0,0.2,3.89
EV270764,2024.0,45185.0,151.0,95.51,0.4058,95.87,68.27,5.0,0.54,26.5,47.1,90.7,47.8,6.41,29.0,69.5,30.2,1258.0,0,2.0,4.49,1.9
EV242920,2023.0,17715.0,71.0,98.74,0.4094,97.34,50.02,1.0,0.457,10.8,13.6,86.4,50.6,3.42,32.3,56.3,59.9,1427.0,0,2.0,1.26,3.08
EV116782,2019.0,75790.0,214.0,84.8,0.4902,93.83,63.28,2.0,0.325,28.9,39.2,68.7,64.7,22.12,35.7,52.6,52.4,855.0,0,2.0,15.2,6.76
EV273026,2020.0,20064.0,106.0,88.58,0.5063,96.5,57.73,2.0,0.282,2.1,3.0,84.2,61.4,24.82,19.9,53.8,76.9,959.0,0,0.0,11.42,5.87
EV187770,2021.0,184569.0,748.0,60.81,0.6159,89.34,29.7,15.0,0.886,35.9,118.0,67.0,79.0,33.43,72.3,38.5,0.0,278.0,1,3.0,39.19,4.91
EV241006,2022.0,84874.0,211.0,88.25,0.5276,95.18,68.08,11.0,0.396,28.4,78.9,76.3,50.6,28.04,49.2,60.7,40.0,1179.0,0,2.0,11.75,3.83
EV299509,2022.0,78549.0,164.0,90.7,0.4329,96.19,59.15,7.0,0.5,21.1,38.3,82.8,52.4,19.02,57.9,63.4,50.9,1182.0,0,2.0,,3.83
EV262402,2020.0,116347.0,370.0,77.99,0.5966,95.09,50.8,8.0,0.323,19.5,62.1,69.0,53.3,27.31,51.9,53.4,58.2,940.0,0,2.0,22.01,
EV219056,2022.0,43917.0,210.0,97.5,0.3985,96.56,78.88,6.0,0.234,21.4,33.8,74.4,41.9,10.77,3.4,70.3,65.7,1260.0,0,,2.5,3.93
EV193835,2021.0,44772.0,18.0,87.61,0.388,96.87,60.96,5.0,0.116,10.1,32.9,75.3,44.9,10.55,35.2,64.6,81.5,1495.0,0,0.0,0.2,5.1
EV159678,2019.0,63413.0,345.0,84.89,0.5437,94.76,31.25,1.0,0.228,10.3,23.9,75.5,56.9,18.73,0.0,66.3,58.4,916.0,0,2.0,15.11,7.09
EV261807,2017.0,128962.0,350.0,83.53,0.5271,91.99,80.43,4.0,0.326,14.3,44.0,67.9,53.0,24.29,22.8,63.7,50.1,949.0,0,4.0,16.47,9.21
EV270087,2021.0,96302.0,224.0,87.61,0.4635,95.52,63.32,7.0,0.319,47.1,64.3,84.4,53.8,10.79,29.4,52.4,46.5,1178.0,0,7.0,9.1,5.1
EV174424,2022.0,27378.0,1.0,99.8,0.3332,96.43,64.02,1.0,0.109,14.9,19.7,85.3,57.8,13.96,0.0,52.3,71.0,1197.0,0,2.0,,4.22
EV122503,2023.0,35413.0,64.0,92.28,0.4116,97.12,64.02,7.0,0.58,31.4,54.6,94.3,41.1,10.28,48.1,68.1,53.4,1340.0,0,0.0,7.72,3.05
EV246766,2019.0,111304.0,383.0,73.62,0.5204,94.87,64.02,9.0,0.074,29.9,52.1,63.0,82.6,28.45,42.6,40.1,5.9,600.0,1,3.0,26.38,6.95
EV178888,2019.0,500.0,1.0,99.8,0.3986,97.2,113.3,1.0,0.405,2.7,8.1,80.8,47.3,7.89,47.4,64.5,52.1,1557.0,0,0.0,0.2,6.84
EV110830,2023.0,19327.0,47.0,97.65,0.3875,96.68,71.86,8.0,0.496,11.8,36.1,94.1,44.7,6.01,62.8,60.6,52.1,1350.0,0,3.0,2.35,2.83
EV156562,2018.0,187400.0,955.0,56.54,0.6602,91.99,23.13,9.0,0.151,26.2,74.1,64.2,76.0,37.47,21.2,43.8,54.0,124.0,1,7.0,43.46,
EV192884,2020.0,44117.0,148.0,83.28,0.5269,95.92,51.12,1.0,0.181,20.4,24.2,73.2,45.9,17.68,28.2,64.9,57.4,533.0,0,0.0,16.72,6.02
EV229305,2022.0,44383.0,151.0,92.33,0.4413,93.6,64.11,8.0,0.047,32.6,43.1,70.9,60.1,19.65,74.5,61.5,76.6,1260.0,0,0.0,7.67,3.9
EV220379,2024.0,13828.0,41.0,99.8,0.3596,96.49,63.45,4.0,0.319,12.8,26.3,97.5,37.6,0.55,26.4,69.5,85.9,1505.0,0,1.0,0.2,2.04
EV209970,2016.0,148705.0,232.0,81.99,0.5958,95.79,88.53,4.0,0.593,19.8,44.9,69.3,56.3,23.77,33.5,58.2,7.3,1061.0,0,1.0,18.01,10.12
EV173783,2017.0,127269.0,321.0,84.34,0.524,94.98,70.91,6.0,0.319,21.9,46.1,54.1,62.8,27.38,22.0,53.1,32.0,999.0,0,1.0,15.66,8.97
EV293654,2017.0,205701.0,500.0,77.12,0.5358,93.66,66.9,4.0,0.454,37.6,78.2,55.1,54.3,24.87,21.2,57.5,32.3,729.0,0,0.0,22.88,9.07
EV276189,2020.0,78549.0,260.0,89.26,0.4184,96.18,54.04,1.0,0.363,13.5,42.9,81.6,54.1,12.67,23.6,57.9,69.1,1088.0,0,4.0,10.74,5.94
EV138938,2022.0,65362.0,124.0,87.43,0.5103,95.22,92.63,1.0,0.451,20.6,59.5,78.3,62.5,11.74,62.4,46.7,34.7,1030.0,0,0.0,12.57,3.95
EV157337,2015.0,500.0,9.0,99.07,0.3028,96.04,65.51,1.0,0.312,1.1,3.0,42.8,48.4,32.23,57.4,59.5,72.1,1460.0,0,1.0,0.93,11.02
EV159603,2020.0,93627.0,214.0,90.66,0.5264,94.06,51.39,4.0,0.024,21.0,54.6,96.5,47.5,9.39,4.4,66.9,71.5,1039.0,0,0.0,9.34,5.82
EV152141,2016.0,14134.0,1.0,99.8,0.3995,98.37,83.11,1.0,0.227,2.6,5.0,63.5,46.7,6.48,33.9,67.6,58.6,1503.0,0,4.0,0.2,10.27
EV153089,2020.0,116904.0,313.0,84.51,0.4716,94.83,59.09,3.0,0.319,25.2,47.1,72.0,48.0,18.33,24.1,68.4,80.6,1001.0,0,2.0,15.49,5.89
EV180447,2020.0,2539.0,1.0,92.21,0.5198,96.09,56.51,1.0,0.19,1.0,3.0,72.0,67.1,12.56,52.9,45.3,47.8,1410.0,0,0.0,7.79,5.97
EV253010,2018.0,25401.0,1.0,99.8,0.3406,95.19,74.92,2.0,0.227,7.0,9.9,65.2,46.1,13.18,28.5,66.0,66.2,1513.0,0,5.0,0.2,8.02
EV131601,2020.0,110365.0,202.0,89.01,0.4321,95.09,76.22,2.0,0.212,25.4,54.3,55.1,68.6,29.4,0.0,48.2,70.4,882.0,0,,10.99,6.23
EV121003,2022.0,78549.0,214.0,84.13,0.5599,95.25,66.84,1.0,0.665,23.0,59.0,80.8,56.2,11.26,51.8,56.7,14.0,1075.0,0,4.0,15.87,3.9
EV274568,2019.0,142051.0,214.0,87.61,0.5553,92.29,61.46,5.0,0.146,24.7,74.2,68.2,50.5,13.66,0.0,60.6,70.3,886.0,0,2.0,18.88,6.84
EV143338,2020.0,54936.0,148.0,89.9,0.4427,97.46,78.73,5.0,0.34,29.3,70.7,84.4,56.8,17.98,32.9,58.8,77.9,1185.0,0,1.0,10.1,2.96
EV260332,2018.0,255383.0,706.0,62.54,0.6975,91.95,52.5,7.0,0.632,31.0,102.9,65.4,65.1,30.47,45.7,53.1,0.0,552.0,1,3.0,37.46,8.14
EV240130,2024.0,78549.0,89.0,94.15,0.4063,96.41,74.85,3.0,0.489,24.8,62.1,94.5,51.9,8.5,31.7,60.0,44.0,1352.0,0,,5.85,2.02
EV216610,2021.0,57059.0,58.0,97.19,0.3797,94.73,121.88,3.0,0.55,16.7,35.4,58.7,66.3,14.91,68.3,44.2,25.7,1151.0,0,4.0,,5.02
EV167488,2023.0,59814.0,216.0,89.79,0.3971,94.27,54.58,3.0,0.248,38.6,67.4,100.0,57.0,3.67,25.3,62.1,50.0,857.0,0,,10.21,2.84
EV101485,2015.0,89434.0,217.0,88.78,0.4452,92.39,64.39,4.0,0.261,13.1,29.1,64.4,59.3,21.55,22.5,53.6,37.8,1148.0,0,3.0,,11.04
EV266771,2020.0,159328.0,423.0,77.81,0.5099,92.13,64.02,6.0,0.432,32.0,94.2,77.0,61.6,30.02,49.2,56.9,24.3,852.0,1,5.0,22.19,5.91
EV137700,2020.0,111829.0,319.0,57.88,0.8979,90.73,41.65,4.0,0.257,16.0,38.9,41.9,75.0,34.47,52.6,47.4,52.1,301.0,1,6.0,42.12,8.9
EV295825,2024.0,28894.0,97.0,96.51,0.4488,95.6,73.3,2.0,0.033,6.0,17.9,97.2,41.8,7.37,25.8,70.7,52.1,1362.0,0,3.0,3.49,2.08
EV204077,2021.0,92752.0,251.0,87.96,0.4875,95.8,68.35,7.0,0.29,31.6,76.6,72.9,60.6,21.07,26.6,49.7,61.0,1092.0,0,3.0,,4.85
EV141684,2021.0,109767.0,226.0,86.71,0.497,97.63,74.26,6.0,0.201,20.4,62.5,74.1,45.7,15.79,10.3,58.7,41.8,1127.0,0,0.0,13.29,5.23
EV282347,2023.0,18311.0,96.0,94.07,0.435,96.95,74.95,2.0,0.513,20.4,11.2,87.9,52.4,19.33,29.2,59.2,5.1,1325.0,0,4.0,5.93,3.0
EV191485,2017.0,142805.0,227.0,86.41,0.471,93.9,75.74,6.0,0.436,26.5,50.4,72.8,49.4,24.69,23.7,61.9,9.8,1073.0,0,1.0,13.59,9.18
EV140249,2020.0,154081.0,204.0,87.44,0.4555,94.87,114.01,4.0,0.495,34.1,85.5,67.0,66.3,18.6,33.5,50.1,9.3,882.0,0,3.0,12.56,6.18
EV101907,2016.0,92579.0,240.0,88.36,0.4452,94.98,80.39,2.0,0.529,9.6,27.8,58.2,56.8,18.33,52.5,58.9,28.3,1148.0,0,4.0,11.64,9.95
EV209983,2023.0,82604.0,241.0,82.63,0.4072,95.34,50.71,12.0,0.266,43.5,87.6,94.6,66.2,16.1,24.9,56.4,43.5,780.0,0,2.0,17.37,3.08
EV250785,2019.0,336001.0,809.0,63.58,0.6995,91.19,64.02,16.0,0.4,102.2,158.6,71.4,67.5,30.47,20.2,45.6,8.1,511.0,1,3.0,36.42,6.97
EV292249,2015.0,252936.0,718.0,72.44,0.6073,93.84,49.54,5.0,0.328,28.7,76.4,63.9,55.5,32.81,36.8,57.2,43.5,567.0,1,3.0,27.56,10.84
EV257492,2020.0,207689.0,506.0,63.99,0.6577,90.05,51.82,9.0,0.228,54.5,47.1,55.4,95.0,32.85,87.6,56.9,65.9,436.0,1,3.0,,7.92
EV118651,2016.0,274777.0,650.0,46.7,0.9577,89.71,41.13,4.0,0.43,20.4,92.3,66.9,53.6,28.73,35.6,52.1,0.8,37.0,1,3.0,53.3,9.82
EV177707,2021.0,73300.0,197.0,80.37,0.5682,96.83,64.62,2.0,0.264,20.1,41.3,88.3,46.4,14.15,13.8,55.9,81.1,474.0,0,1.0,19.63,5.15
EV111317,2015.0,83395.0,201.0,90.39,0.4568,97.85,74.59,4.0,0.245,19.2,24.3,53.1,54.8,28.0,33.2,55.1,63.6,1139.0,0,1.0,9.61,11.25
EV110159,2024.0,27600.0,115.0,97.89,0.4513,96.44,44.32,1.0,0.288,1.6,3.0,80.0,41.6,14.75,7.0,68.2,51.0,1352.0,0,0.0,2.11,2.07
EV235857,2023.0,9828.0,28.0,94.24,0.4562,96.13,54.24,1.0,0.438,11.5,47.1,85.9,39.0,13.73,47.5,69.2,52.6,717.0,0,1.0,5.76,2.82
EV110149,2024.0,8724.0,19.0,99.8,0.4286,97.59,70.54,1.0,0.054,10.8,26.6,90.1,43.0,14.89,12.0,67.2,100.0,1457.0,0,1.0,0.2,1.99
EV227532,2020.0,500.0,1.0,99.8,0.4146,96.81,88.04,1.0,0.319,1.3,3.0,82.8,38.1,5.53,25.8,60.6,74.8,1528.0,0,3.0,0.2,5.19
EV279634,2019.0,121386.0,348.0,83.65,0.5119,93.46,48.67,7.0,0.296,27.9,47.1,68.6,45.9,19.85,9.8,61.5,46.2,930.0,0,4.0,16.35,6.89
EV160856,2017.0,15128.0,1.0,95.92,0.4359,97.18,61.31,2.0,0.38,1.0,3.0,56.9,69.5,20.58,52.1,48.2,30.8,1425.0,0,3.0,4.08,8.72
EV229558,2022.0,83014.0,220.0,86.9,0.4667,95.69,82.78,3.0,0.312,25.8,57.5,79.9,61.4,19.21,19.7,58.7,51.4,1030.0,0,0.0,13.1,4.03
EV228514,2024.0,6045.0,1.0,99.8,0.5063,97.33,94.75,1.0,0.027,2.2,3.0,91.4,43.9,8.5,2.8,75.1,94.1,1557.0,0,2.0,0.2,1.98
EV250305,2019.0,237209.0,1159.0,25.58,1.2594,84.62,10.3,17.0,0.446,58.2,109.7,66.7,90.3,56.0,33.2,25.0,0.0,0.0,1,4.0,74.42,7.14
EV284976,2021.0,59487.0,171.0,88.7,0.4638,95.37,60.07,4.0,0.402,12.1,40.8,93.7,72.5,13.28,38.8,46.0,43.5,895.0,0,3.0,11.3,4.52
EV124920,2016.0,140905.0,270.0,79.13,0.5218,95.54,72.93,3.0,0.147,17.4,46.2,51.7,65.2,20.27,10.6,56.6,52.1,735.0,0,2.0,20.87,10.26
EV178238,2018.0,66045.0,102.0,95.81,0.5063,96.54,89.9,2.0,0.286,16.5,26.1,71.3,58.2,11.8,39.8,49.3,73.0,1346.0,0,1.0,4.19,
EV130064,2015.0,88424.0,288.0,81.71,0.5235,96.52,57.9,4.0,0.323,20.4,29.2,61.0,53.0,16.04,36.7,63.4,77.5,1019.0,0,,18.29,11.21
EV203899,2016.0,78549.0,382.0,76.47,0.588,94.53,61.04,4.0,0.452,13.7,46.1,55.2,59.1,30.3,33.2,58.5,52.1,806.0,0,2.0,23.53,10.09
EV268411,2017.0,162718.0,400.0,72.21,0.4953,92.86,66.69,4.0,0.227,21.1,58.0,67.7,68.9,25.7,63.3,44.6,26.5,583.0,1,7.0,27.79,9.12
EV162714,2022.0,79012.0,197.0,85.64,0.5063,93.23,75.43,5.0,0.687,35.0,47.1,74.0,63.8,20.62,41.9,61.9,0.0,1105.0,0,0.0,14.36,3.95
EV139281,2019.0,34301.0,103.0,93.08,0.4619,96.92,76.37,2.0,0.356,14.4,18.4,77.3,53.0,9.06,49.4,59.6,75.6,1312.0,0,0.0,6.92,6.92
EV164800,2020.0,74053.0,179.0,95.49,0.3871,95.75,62.19,5.0,0.332,18.2,44.1,89.7,49.4,16.54,8.0,62.0,54.2,1212.0,0,3.0,4.51,5.81
EV249851,2016.0,160272.0,328.0,78.1,0.54,93.59,104.5,5.0,0.19,24.7,53.5,72.8,56.0,30.8,35.1,63.1,54.3,939.0,0,2.0,21.9,9.91
EV275632,2020.0,98219.0,375.0,59.28,0.8147,94.98,33.64,5.0,0.486,27.3,49.5,79.1,64.3,35.44,54.8,50.2,21.5,264.0,1,4.0,40.72,6.2
EV106716,2020.0,8851.0,23.0,98.43,0.5063,97.21,79.45,1.0,0.342,1.8,3.0,74.3,44.3,6.82,36.5,65.5,64.5,1397.0,0,1.0,1.57,4.98
EV293379,2024.0,30872.0,42.0,87.61,0.4707,94.98,33.3,12.0,0.12,38.5,60.6,90.9,67.6,4.93,35.4,47.8,84.0,1334.0,0,2.0,5.11,2.01
EV256622,2021.0,51040.0,62.0,99.8,0.3778,96.05,80.31,1.0,0.044,9.3,27.6,82.3,40.3,4.98,25.6,71.1,100.0,1445.0,0,,0.2,4.9
EV276591,2015.0,66261.0,271.0,82.92,0.5377,94.46,39.02,1.0,0.319,10.6,20.1,67.9,53.4,13.35,53.2,53.8,84.5,995.0,0,3.0,17.08,10.89
EV244716,2017.0,145746.0,485.0,76.32,0.5645,93.4,47.05,9.0,0.14,19.7,47.1,64.1,56.3,23.83,45.3,61.4,86.4,785.0,0,3.0,23.68,9.01
EV143659,2020.0,73810.0,108.0,95.84,0.453,94.75,105.31,1.0,0.216,32.4,45.2,79.1,55.5,5.72,17.0,58.2,59.1,1281.0,0,4.0,4.16,5.96
EV275939,2020.0,46799.0,158.0,89.86,0.5099,94.28,83.76,9.0,0.216,34.4,64.7,100.0,53.1,18.33,23.5,61.3,58.7,1246.0,0,2.0,10.14,1.78
EV237764,2015.0,285382.0,841.0,41.86,1.043,87.86,28.44,13.0,0.354,27.0,91.7,57.4,65.5,36.83,22.7,53.5,9.6,0.0,1,4.0,58.14,10.9
EV292771,2023.0,45908.0,116.0,92.89,0.3871,96.63,84.89,2.0,0.395,15.0,47.7,89.1,47.4,12.88,61.1,65.5,26.7,1236.0,0,0.0,7.11,
EV139909,2019.0,182903.0,960.0,50.71,0.5063,88.93,19.57,15.0,0.734,45.5,87.8,72.6,77.9,26.68,88.8,35.1,0.0,282.0,1,3.0,49.29,6.85
EV193504,2020.0,130188.0,357.0,82.87,0.4946,94.07,65.44,5.0,0.136,23.3,62.8,65.9,67.6,19.1,0.0,56.5,79.3,690.0,0,5.0,17.13,6.12
EV249842,2022.0,96757.0,240.0,84.89,0.4884,95.83,63.96,8.0,0.53,43.6,80.5,70.5,56.8,29.34,36.7,55.1,5.2,1061.0,0,1.0,15.11,3.95
EV101853,2020.0,38336.0,146.0,92.64,0.4287,97.47,63.56,1.0,0.638,14.5,18.7,84.6,45.2,12.66,61.1,56.9,38.0,1286.0,0,4.0,7.36,5.91
EV236054,2024.0,16970.0,1.0,99.8,0.3647,98.13,52.0,8.0,0.195,18.8,36.1,93.5,54.1,7.96,11.5,63.0,75.5,1176.0,0,1.0,0.2,2.08
EV195440,2020.0,500.0,1.0,99.8,0.3695,96.2,51.29,1.0,0.313,1.0,3.0,69.2,49.8,10.72,40.4,61.6,41.6,1462.0,0,0.0,0.2,5.9
EV203526,2015.0,29553.0,80.0,92.8,0.4773,92.71,87.45,2.0,0.414,3.2,7.9,49.5,69.2,21.89,68.4,51.5,47.7,1375.0,0,2.0,7.2,11.09
EV106268,2024.0,38303.0,31.0,99.8,0.3981,94.98,105.56,5.0,0.085,23.3,63.8,93.8,52.9,9.54,57.3,59.7,89.6,1458.0,0,2.0,0.2,2.21
EV136556,2020.0,29381.0,214.0,93.47,0.3409,94.67,103.23,1.0,0.145,2.5,8.3,43.4,58.6,25.25,21.0,56.9,49.8,1017.0,0,1.0,6.53,10.61
EV187519,2024.0,14990.0,47.0,99.58,0.3947,96.98,69.5,5.0,0.181,13.4,31.5,90.3,47.4,8.35,1.9,65.9,100.0,1445.0,0,3.0,0.42,2.04
EV254931,2023.0,68431.0,191.0,87.61,0.3643,94.39,68.77,8.0,0.306,20.7,66.2,72.8,65.6,13.98,12.3,47.7,68.8,889.0,0,3.0,11.4,2.96
EV218260,2017.0,58683.0,136.0,97.98,0.4141,97.6,67.82,1.0,0.043,9.2,22.4,57.6,47.2,18.27,16.1,54.4,52.1,1344.0,0,1.0,2.02,9.11
EV204872,2022.0,14699.0,98.0,86.42,0.5063,95.77,43.52,5.0,0.306,6.8,15.7,91.1,64.8,14.78,72.8,58.7,32.8,1164.0,0,6.0,13.58,3.94
EV269361,2017.0,500.0,31.0,99.8,0.3385,97.12,43.72,1.0,0.081,1.0,3.0,61.4,38.3,12.99,0.0,67.8,100.0,1468.0,0,1.0,0.2,8.74
EV243745,2018.0,193910.0,625.0,66.91,0.6586,92.75,43.87,9.0,0.591,44.1,81.0,50.1,62.6,33.83,53.7,49.0,10.5,612.0,1,2.0,33.09,7.82
EV221088,2019.0,75788.0,214.0,91.48,0.4174,93.87,70.42,4.0,0.343,25.0,41.7,61.2,48.6,15.05,23.5,61.5,45.6,1221.0,0,0.0,8.52,7.27
EV298104,2021.0,10600.0,28.0,99.8,0.3313,96.1,69.87,1.0,0.29,1.4,3.0,73.1,66.9,12.55,19.3,51.6,51.2,1130.0,0,4.0,,4.83
EV123436,2020.0,74855.0,305.0,86.83,0.5121,96.3,46.77,10.0,0.24,20.2,46.7,76.7,57.7,23.76,0.0,51.9,72.9,1006.0,0,2.0,13.17,5.94
EV155115,2018.0,77905.0,207.0,84.19,0.5756,92.46,52.23,4.0,0.471,16.2,34.3,57.9,65.2,27.34,51.9,49.4,30.2,1084.0,0,1.0,15.81,7.97
EV113636,2019.0,89384.0,259.0,88.04,0.5099,95.9,52.8,5.0,0.319,16.2,45.4,68.2,53.5,21.22,33.2,58.2,47.1,1051.0,0,3.0,11.96,6.89
EV242056,2016.0,253419.0,583.0,67.79,0.6031,92.41,51.64,8.0,0.268,44.0,47.1,51.3,59.3,25.88,27.2,58.0,34.1,1030.0,1,2.0,32.21,9.93
EV271386,2016.0,42512.0,182.0,90.44,0.4574,95.7,58.43,2.0,0.469,5.0,13.9,65.1,54.7,22.29,68.1,62.6,57.5,1194.0,0,1.0,9.56,9.67
EV145193,2019.0,107954.0,214.0,94.44,0.4263,96.29,118.36,3.0,0.167,23.7,53.1,60.8,44.1,26.58,30.6,66.1,80.3,1329.0,0,3.0,5.56,6.87
EV211574,2016.0,34562.0,230.0,83.33,0.5245,92.02,30.09,4.0,0.389,3.9,47.1,62.6,55.9,23.95,35.8,55.4,47.5,1104.0,0,8.0,16.67,9.84
EV173065,2022.0,47671.0,97.0,95.25,0.3548,97.62,96.07,6.0,0.319,7.9,27.3,84.3,69.8,9.2,32.7,41.5,77.9,1045.0,0,4.0,4.75,3.69
EV181370,2023.0,500.0,1.0,99.8,0.3656,99.28,62.77,1.0,0.37,1.9,3.0,83.1,55.4,4.33,54.8,55.1,54.3,1236.0,0,3.0,0.2,2.97
EV112436,2016.0,156339.0,441.0,64.26,0.6588,92.18,43.73,7.0,0.608,20.1,49.5,53.7,56.8,37.04,49.6,29.7,24.5,459.0,1,6.0,35.74,10.04
EV293932,2016.0,139560.0,280.0,87.61,0.5476,94.92,106.64,2.0,0.391,21.5,41.5,45.7,56.4,34.33,42.9,53.7,38.6,1025.0,0,1.0,17.98,10.03
EV138079,2021.0,83911.0,203.0,75.18,0.6815,96.18,59.53,5.0,0.081,22.6,54.2,83.5,42.1,16.43,27.1,56.9,61.6,466.0,0,1.0,24.82,4.99
EV181116,2016.0,166882.0,417.0,78.54,0.5987,92.74,54.56,5.0,0.205,35.5,55.0,67.6,62.5,18.52,42.8,51.8,78.6,829.0,0,2.0,21.46,9.91
EV120256,2024.0,30168.0,74.0,90.47,0.4552,94.95,71.64,2.0,0.319,30.2,41.4,72.8,49.4,23.97,29.6,62.2,65.6,647.0,0,3.0,9.53,1.95
EV214449,2019.0,78780.0,214.0,95.05,0.3457,96.63,103.79,1.0,0.215,14.8,35.5,48.7,76.3,29.97,36.0,47.3,58.5,987.0,0,,4.95,6.98
EV278752,2015.0,93093.0,244.0,83.87,0.4559,94.2,56.39,2.0,0.269,9.4,25.8,50.5,62.5,24.89,26.7,57.4,35.2,1058.0,0,4.0,16.13,10.85
EV239360,2021.0,28940.0,214.0,87.61,0.397,96.25,94.64,1.0,0.251,8.3,28.5,92.9,44.6,3.03,5.5,58.6,78.2,1373.0,0,3.0,2.68,5.0
EV175972,2024.0,48921.0,117.0,97.74,0.4161,96.76,93.44,4.0,0.625,36.9,103.4,88.9,42.7,8.98,40.1,63.6,33.6,1361.0,0,5.0,2.26,2.11
EV114884,2020.0,500.0,52.0,99.8,0.3609,98.72,47.45,2.0,0.319,1.0,3.0,84.9,42.3,10.56,0.0,73.2,100.0,1407.0,0,3.0,,5.92
EV114118,2024.0,15755.0,97.0,88.97,0.5382,95.25,73.51,1.0,0.396,5.4,8.6,100.0,49.9,11.41,67.2,68.0,54.8,1219.0,0,2.0,,2.04
EV160324,2018.0,203385.0,340.0,77.0,0.4912,95.25,75.81,6.0,0.297,27.6,86.5,58.6,64.0,20.04,59.6,51.3,52.1,614.0,0,1.0,23.0,8.06
EV161234,2015.0,70466.0,214.0,84.35,0.5461,95.43,59.37,3.0,0.144,6.3,20.4,47.4,60.1,14.45,17.7,57.5,84.1,1025.0,0,2.0,15.65,11.01
EV145455,2022.0,85167.0,491.0,87.61,0.6055,94.67,27.02,12.0,0.433,36.9,54.3,62.1,59.9,30.4,49.4,60.4,39.3,748.0,0,0.0,25.53,
EV147056,2020.0,210453.0,634.0,64.86,0.7762,91.88,39.32,9.0,0.88,40.8,110.6,79.7,82.5,32.1,87.5,43.1,52.1,577.0,1,2.0,35.14,6.15
EV224919,2020.0,86461.0,164.0,87.87,0.4675,97.31,84.64,5.0,0.428,13.7,40.9,87.8,55.0,23.94,9.8,60.5,35.9,1191.0,0,2.0,12.13,6.07
EV218277,2018.0,109689.0,330.0,76.5,0.6681,91.89,53.27,7.0,0.281,27.4,49.1,75.8,68.6,30.53,46.0,50.6,48.9,851.0,0,5.0,23.5,7.89
EV140486,2021.0,175891.0,529.0,71.42,0.6616,94.83,45.5,15.0,0.418,38.4,110.9,72.6,70.8,31.52,85.5,45.7,33.9,682.0,1,3.0,28.58,4.98
EV153829,2017.0,124178.0,385.0,79.12,0.5692,93.13,57.23,6.0,0.319,27.5,48.5,63.2,57.1,17.01,35.5,56.9,19.8,905.0,0,3.0,20.88,8.78
EV145090,2018.0,62461.0,246.0,82.49,0.4532,93.98,60.4,1.0,0.602,10.5,31.7,69.9,69.4,12.5,28.9,53.6,0.0,781.0,0,1.0,17.51,7.89
EV219254,2015.0,224388.0,428.0,74.57,0.6235,94.12,85.26,3.0,0.287,25.3,65.7,72.8,63.6,17.12,14.8,55.7,44.9,727.0,0,2.0,25.43,11.0
EV242096,2022.0,500.0,67.0,99.8,0.3172,96.44,78.65,1.0,0.055,1.0,3.0,90.0,50.2,7.65,0.0,56.6,97.4,1472.0,0,0.0,0.2,4.09
EV214953,2023.0,78549.0,27.0,99.79,0.4132,94.8,67.03,1.0,0.446,20.6,28.5,71.1,51.4,12.27,44.3,58.2,32.8,1468.0,0,3.0,0.21,3.3
EV265670,2016.0,25119.0,42.0,95.35,0.4027,95.91,85.2,3.0,0.281,2.6,4.2,50.1,52.4,21.15,24.9,52.1,52.1,1030.0,0,3.0,4.65,10.32
EV249777,2016.0,153094.0,352.0,87.61,0.5219,92.48,71.09,2.0,0.474,18.9,47.4,51.6,67.7,25.48,29.3,41.7,21.0,629.0,0,2.0,25.3,
EV281696,2015.0,93034.0,372.0,87.61,0.5871,93.51,36.78,4.0,0.446,20.4,30.9,59.4,61.5,26.75,38.3,52.1,37.8,904.0,0,1.0,21.2,11.04
EV115651,2019.0,182315.0,475.0,73.04,0.5761,95.68,59.5,11.0,0.565,29.3,91.3,76.8,67.2,14.81,57.5,55.7,4.1,709.0,1,5.0,26.96,6.76
EV187729,2022.0,114220.0,240.0,86.42,0.5276,95.75,98.13,8.0,0.342,25.6,85.6,90.1,43.3,7.32,16.7,62.0,29.1,1084.0,0,1.0,13.58,4.06
EV274967,2020.0,10543.0,1.0,97.26,0.3351,96.8,87.21,2.0,0.624,18.3,52.4,96.6,44.5,8.7,0.8,66.4,52.1,1481.0,0,0.0,2.74,1.81
EV288896,2024.0,32294.0,77.0,92.63,0.3513,94.29,113.53,3.0,0.423,19.1,42.2,90.8,61.1,14.0,19.1,55.8,33.4,1025.0,0,3.0,7.37,1.77
EV210018,2022.0,56085.0,137.0,91.48,0.3937,96.76,82.2,2.0,0.29,13.6,47.1,83.6,69.2,9.03,17.5,49.4,50.8,963.0,0,4.0,8.52,3.78
EV211829,2024.0,54382.0,214.0,96.97,0.3773,95.79,77.27,9.0,0.316,30.8,68.9,95.9,41.3,13.06,0.7,73.7,11.9,1296.0,0,1.0,3.03,2.22
EV107628,2020.0,195391.0,262.0,86.82,0.4789,95.12,115.15,6.0,0.368,35.0,100.6,91.7,56.9,7.11,49.0,63.1,36.0,1030.0,0,2.0,13.18,6.04
EV272479,2016.0,18961.0,28.0,98.81,0.3551,95.66,82.01,1.0,0.031,1.2,3.0,58.6,60.6,18.92,7.5,57.2,88.7,1178.0,0,0.0,1.19,10.0
EV207266,2018.0,134583.0,214.0,75.41,0.6309,92.6,44.45,9.0,0.262,18.6,54.2,52.6,55.1,31.18,10.1,55.4,21.7,799.0,0,1.0,24.59,7.8
EV289121,2016.0,174844.0,454.0,73.05,0.6596,93.05,56.99,6.0,0.311,20.4,59.1,60.3,56.8,22.06,59.2,52.4,62.8,746.0,0,1.0,26.95,9.74
EV257819,2018.0,152843.0,336.0,77.58,0.4923,94.92,54.93,11.0,0.512,32.8,47.1,64.1,65.1,14.6,33.2,49.5,34.0,654.0,0,1.0,22.42,7.94
EV240414,2024.0,6623.0,20.0,96.1,0.3767,96.77,79.89,1.0,0.703,4.7,15.6,79.4,56.9,18.49,54.9,55.5,14.9,1461.0,0,0.0,3.9,2.25
EV123819,2021.0,68617.0,55.0,97.61,0.3793,96.51,117.89,1.0,0.125,29.6,45.8,91.0,53.7,10.39,14.9,63.6,74.2,1405.0,0,1.0,2.39,4.89
EV183410,2023.0,20990.0,80.0,91.66,0.5184,96.79,42.44,3.0,0.215,11.4,29.0,83.3,46.0,16.57,0.0,66.9,98.0,643.0,0,5.0,8.34,2.94
EV290730,2020.0,100705.0,247.0,82.62,0.4591,95.73,70.98,2.0,0.296,42.7,53.3,67.8,74.2,26.26,0.0,47.5,53.3,1030.0,0,,17.38,5.92
EV100408,2015.0,363398.0,806.0,59.51,0.5063,90.23,53.88,8.0,0.541,32.3,106.7,67.3,62.7,31.01,57.9,55.3,13.7,405.0,1,4.0,40.49,11.19
EV276548,2016.0,9879.0,22.0,99.8,0.3533,95.91,100.4,5.0,0.212,1.2,3.0,67.9,44.8,16.1,33.2,64.8,54.0,1030.0,0,5.0,0.2,10.26
EV172554,2022.0,45848.0,155.0,91.21,0.439,95.74,49.3,4.0,0.319,14.9,40.3,86.3,63.6,8.86,8.5,51.9,78.0,967.0,0,3.0,8.79,3.98
EV258984,2021.0,70170.0,224.0,90.57,0.4055,97.92,60.68,4.0,0.448,12.9,41.9,96.1,43.2,13.32,33.2,64.5,59.0,1171.0,0,2.0,9.43,5.14
EV277162,2022.0,24156.0,92.0,98.01,0.322,94.98,68.88,1.0,0.305,7.5,18.9,73.1,68.7,11.59,40.9,45.3,75.6,1030.0,0,4.0,1.99,3.93
EV222546,2024.0,28232.0,145.0,95.81,0.4616,95.03,87.69,3.0,0.203,21.8,48.6,81.8,48.6,20.66,38.0,64.7,85.2,1259.0,0,6.0,4.19,1.9
EV268570,2016.0,138924.0,308.0,83.39,0.5051,97.44,78.41,3.0,0.014,28.0,40.1,72.8,72.4,17.05,0.0,45.9,88.9,710.0,0,1.0,16.61,10.03
EV134299,2016.0,70814.0,138.0,89.31,0.4537,93.24,70.65,1.0,0.249,11.8,24.8,65.5,49.4,18.33,36.9,57.6,39.3,1233.0,0,2.0,10.69,9.97
EV183870,2020.0,84463.0,211.0,93.27,0.4493,96.93,79.81,5.0,0.317,20.4,80.0,97.6,44.6,13.64,22.7,72.7,59.9,1169.0,0,2.0,6.73,3.18
EV148735,2020.0,63931.0,140.0,91.9,0.4024,94.98,67.64,1.0,0.195,16.5,32.4,72.6,66.5,18.31,18.1,52.4,86.0,939.0,0,3.0,8.1,6.01
EV159640,2015.0,168340.0,570.0,72.1,0.5841,93.22,45.8,1.0,0.178,22.1,47.1,47.0,60.3,32.11,35.9,56.3,68.7,620.0,0,3.0,27.9,11.15
EV142534,2023.0,500.0,1.0,99.8,0.3466,98.1,37.4,4.0,0.287,1.0,3.0,91.3,60.9,8.11,7.8,55.3,87.6,1202.0,0,4.0,0.2,3.04
EV213222,2016.0,9025.0,1.0,99.8,0.3953,97.32,100.21,1.0,0.199,2.1,3.0,45.0,50.7,25.96,20.7,65.9,58.3,1030.0,0,4.0,0.2,10.13
EV139240,2016.0,263212.0,687.0,67.76,0.7177,92.94,61.88,6.0,0.234,35.0,84.0,39.8,64.9,31.63,17.3,56.3,51.0,522.0,1,4.0,32.24,10.26
EV283247,2020.0,103078.0,361.0,77.3,0.5448,93.7,58.08,1.0,0.529,18.4,31.5,50.2,57.4,28.41,27.2,57.8,32.7,1030.0,0,3.0,22.7,11.04
EV134245,2015.0,78549.0,393.0,83.59,0.4777,94.88,31.6,7.0,0.183,10.8,29.8,54.7,52.6,23.55,22.7,64.7,90.0,961.0,0,3.0,16.41,11.01
EV299031,2023.0,500.0,9.0,99.8,0.3623,98.49,122.49,1.0,0.319,1.0,3.0,90.1,40.0,6.17,27.1,72.1,79.5,1486.0,0,2.0,0.2,3.26
EV230555,2019.0,199201.0,469.0,56.06,0.8199,90.94,46.23,10.0,0.208,44.6,97.3,72.8,62.6,42.38,33.2,53.1,20.8,1030.0,1,,43.94,7.0
EV145155,2017.0,124369.0,466.0,73.76,0.6675,93.47,42.12,6.0,0.132,22.3,47.1,57.4,66.6,24.39,14.6,47.4,52.1,771.0,0,3.0,26.24,9.08
EV275533,2024.0,25708.0,5.0,99.8,0.3879,96.63,65.51,4.0,0.405,25.4,39.1,88.2,45.8,6.32,32.4,56.9,49.5,1493.0,0,1.0,,1.98
EV112780,2017.0,299737.0,796.0,60.92,0.711,91.81,52.61,11.0,0.459,61.3,114.1,60.2,67.3,29.78,33.2,53.9,11.7,444.0,1,2.0,39.08,8.76
EV233963,2018.0,3823.0,22.0,99.8,0.4056,95.79,100.38,1.0,0.33,1.0,3.0,71.8,42.8,15.74,34.1,63.2,39.2,769.0,0,1.0,0.2,7.8
EV171068,2018.0,109170.0,331.0,78.41,0.6897,89.38,57.34,3.0,0.221,13.1,40.7,47.5,71.2,30.47,74.2,42.4,49.0,953.0,1,2.0,21.59,
EV121189,2024.0,13889.0,30.0,99.8,0.3872,97.93,46.16,4.0,0.175,12.6,35.1,88.7,46.2,11.92,0.0,75.7,89.8,1496.0,0,,0.2,1.94
EV129344,2021.0,127798.0,566.0,72.96,0.5895,92.66,37.93,5.0,0.309,28.1,82.8,78.8,56.9,26.27,39.5,57.0,21.5,667.0,0,3.0,27.04,5.23
EV153110,2020.0,78549.0,169.0,95.35,0.4208,94.66,68.89,3.0,0.105,12.2,35.2,80.1,49.6,2.86,40.1,62.1,86.7,1270.0,0,4.0,4.65,5.81
EV116828,2018.0,216960.0,432.0,75.45,0.5674,92.59,67.73,4.0,0.432,36.3,88.6,71.4,61.2,18.41,18.9,50.8,24.4,812.0,0,2.0,24.55,8.1
EV179870,2020.0,91888.0,199.0,87.29,0.4972,97.67,82.44,7.0,0.252,16.6,49.8,77.3,56.8,17.84,19.1,55.2,94.1,1127.0,0,,12.71,6.02
EV201881,2015.0,128935.0,259.0,84.97,0.5235,97.22,86.93,2.0,0.64,24.8,39.0,60.0,57.2,18.01,43.4,61.0,67.0,1055.0,0,1.0,15.03,11.14
EV189916,2020.0,10980.0,74.0,92.36,0.4214,96.18,59.97,1.0,0.259,4.3,9.7,66.5,56.8,17.11,53.6,62.8,50.7,1338.0,0,1.0,7.64,6.22
EV120462,2019.0,126397.0,294.0,77.54,0.5999,93.28,73.9,3.0,0.372,17.8,57.7,69.0,55.6,17.24,45.2,68.0,30.1,937.0,0,4.0,22.46,6.81
EV116314,2018.0,500.0,20.0,99.8,0.379,96.98,65.95,1.0,0.467,1.5,3.0,77.6,50.7,5.01,21.7,60.1,28.4,1506.0,0,0.0,0.2,8.09
EV115403,2018.0,73143.0,180.0,88.58,0.4594,95.72,75.72,4.0,0.364,19.8,24.8,54.0,44.8,23.97,42.1,69.2,55.3,1177.0,0,4.0,11.42,7.87
EV156848,2017.0,157186.0,387.0,74.47,0.5456,92.17,61.21,6.0,0.395,21.9,58.4,62.0,72.6,26.14,36.4,43.7,25.5,597.0,0,5.0,25.53,8.83
EV253520,2023.0,71560.0,239.0,89.36,0.4654,94.49,58.76,6.0,0.597,24.0,76.6,86.8,48.7,16.99,58.7,64.5,23.4,1137.0,0,4.0,10.64,2.94
EV268737,2021.0,57736.0,211.0,87.98,0.4718,93.88,40.77,5.0,0.426,13.4,41.0,73.3,48.1,12.02,33.5,62.7,35.2,1112.0,0,,12.02,4.86
EV117951,2022.0,42739.0,154.0,79.88,0.6779,96.07,55.04,3.0,0.213,12.4,29.2,83.5,42.8,23.56,46.6,75.1,71.9,513.0,0,0.0,20.12,4.33
EV118400,2021.0,151983.0,347.0,74.49,0.6817,91.3,66.41,8.0,0.813,52.0,97.5,86.6,71.5,19.73,100.0,49.0,52.1,810.0,1,2.0,25.51,5.12
EV186128,2018.0,116800.0,309.0,68.59,0.7282,90.89,48.69,6.0,0.233,14.6,50.8,66.1,50.4,30.2,7.8,58.0,53.0,306.0,0,2.0,31.41,7.88
EV156154,2015.0,344341.0,1107.0,48.66,0.7407,90.41,31.87,4.0,0.638,50.2,105.4,53.7,86.5,37.22,59.8,30.2,0.0,31.0,1,1.0,51.34,
EV158500,2015.0,4435.0,1.0,87.61,0.3696,96.7,96.69,1.0,0.406,1.9,3.0,52.5,46.5,12.14,33.3,68.5,39.2,1449.0,0,,1.43,11.11
EV224357,2019.0,95745.0,310.0,85.38,0.4956,92.36,58.2,1.0,0.3,28.4,44.6,72.8,57.1,20.45,3.4,56.9,27.2,1004.0,0,3.0,14.62,6.96
EV271299,2020.0,37564.0,29.0,98.34,0.3555,93.54,81.03,3.0,0.258,9.6,18.3,82.9,71.4,15.38,27.2,44.9,62.2,1134.0,0,1.0,1.66,
EV238574,2018.0,130072.0,204.0,87.0,0.4847,96.06,103.09,1.0,0.522,42.3,61.1,66.3,62.8,23.88,13.5,56.6,0.0,1142.0,0,4.0,13.0,8.18
EV278714,2020.0,12221.0,42.0,99.8,0.3895,96.98,47.18,4.0,0.381,1.4,3.0,79.8,44.0,4.88,54.1,66.0,58.3,1487.0,0,3.0,0.2,5.93
EV214539,2021.0,92449.0,168.0,78.92,0.7221,92.13,73.74,7.0,0.14,14.7,50.5,84.7,65.8,19.55,17.0,55.2,44.5,493.0,0,2.0,21.08,5.2
EV155508,2021.0,15871.0,67.0,94.84,0.3946,97.0,61.65,1.0,0.45,4.1,11.1,76.4,53.5,15.79,35.8,62.4,59.9,1037.0,0,4.0,5.16,4.86
EV253776,2022.0,78549.0,293.0,78.49,0.484,92.96,46.89,10.0,0.33,49.9,82.0,89.8,67.9,14.44,20.1,47.7,49.8,697.0,0,1.0,21.51,4.13
EV211774,2019.0,99028.0,296.0,88.31,0.5263,97.73,80.35,5.0,0.397,15.7,47.1,79.3,52.9,12.17,25.8,62.9,52.1,1008.0,0,3.0,11.69,6.91
EV175267,2015.0,324604.0,782.0,60.3,0.7666,92.03,50.43,10.0,0.556,51.6,95.7,65.1,57.3,27.79,44.3,53.4,10.8,441.0,1,4.0,39.7,11.15
EV118896,2019.0,126597.0,308.0,78.7,0.5315,94.69,64.15,3.0,0.357,19.2,65.5,68.7,65.0,34.92,45.4,45.9,17.3,971.0,0,0.0,21.3,7.04
EV168459,2015.0,53703.0,181.0,87.17,0.5167,95.42,55.24,1.0,0.121,9.0,15.8,52.7,59.9,18.33,29.7,55.0,88.6,1162.0,0,3.0,12.83,10.96
EV167577,2020.0,95420.0,297.0,82.23,0.4668,95.88,56.55,2.0,0.063,9.4,30.0,55.9,69.1,35.52,0.0,46.2,100.0,722.0,0,7.0,17.77,11.09
EV117517,2021.0,75243.0,261.0,84.31,0.4511,95.88,46.13,6.0,0.301,17.3,50.5,73.3,59.8,13.33,42.6,41.3,56.5,739.0,0,7.0,15.69,5.11
EV189152,2016.0,150957.0,407.0,74.52,0.5593,92.6,50.17,4.0,0.31,15.1,52.7,42.3,75.9,18.33,39.0,44.4,59.9,620.0,0,5.0,25.48,9.8
EV294714,2018.0,6997.0,31.0,87.61,0.3869,96.28,63.7,1.0,0.437,1.4,3.0,59.4,47.2,20.88,13.4,60.6,47.6,1494.0,0,1.0,2.02,7.96
EV134540,2018.0,40705.0,147.0,93.28,0.3728,97.01,47.52,6.0,0.345,8.9,23.5,79.5,57.7,3.55,33.2,61.6,65.3,919.0,0,1.0,6.72,8.03
EV122996,2022.0,20738.0,63.0,99.8,0.3521,99.05,97.0,1.0,0.303,6.2,47.1,85.8,57.3,8.25,7.3,61.4,72.6,1152.0,0,2.0,0.2,3.94
EV105004,2023.0,48264.0,151.0,91.83,0.4613,97.64,63.89,3.0,0.16,16.6,45.9,91.2,54.0,17.53,24.5,60.6,99.9,1258.0,0,2.0,8.17,3.09
EV183219,2022.0,66589.0,163.0,91.26,0.4401,98.17,92.21,3.0,0.369,20.4,47.1,97.2,51.0,15.06,36.6,64.6,52.1,1276.0,0,,8.74,3.86
EV294138,2020.0,149521.0,376.0,81.21,0.5344,92.17,65.03,7.0,0.574,50.3,84.4,62.1,52.4,20.24,48.5,57.5,43.6,893.0,0,1.0,18.79,6.16
EV227727,2020.0,97994.0,377.0,74.87,0.5727,92.93,34.55,5.0,0.326,23.0,48.1,78.1,65.2,18.51,58.3,53.5,23.5,598.0,0,0.0,25.13,6.27
EV193275,2016.0,13139.0,38.0,99.8,0.3804,96.6,72.59,3.0,0.175,20.4,4.0,74.5,54.3,3.21,12.3,58.6,72.0,1493.0,0,4.0,0.2,
EV294277,2020.0,91986.0,243.0,85.25,0.4654,94.19,51.06,3.0,0.562,33.1,51.0,76.4,50.7,18.08,42.6,59.0,41.9,1036.0,0,2.0,14.75,5.88
EV168098,2015.0,64298.0,178.0,90.18,0.3144,96.34,72.03,4.0,0.264,8.8,22.1,52.7,56.7,20.85,30.3,56.5,81.4,906.0,0,2.0,9.82,10.96
EV203506,2024.0,31227.0,18.0,99.8,0.2768,98.19,75.11,4.0,0.215,15.2,34.1,97.4,61.3,5.92,33.2,52.9,71.0,1198.0,0,3.0,0.2,2.27
EV264651,2021.0,38980.0,204.0,91.64,0.4652,97.59,47.64,3.0,0.267,12.9,27.0,72.8,52.6,19.35,52.6,57.1,58.0,1230.0,0,2.0,8.36,5.2
EV143016,2015.0,76014.0,42.0,98.79,0.5063,97.0,121.04,4.0,0.137,7.5,24.3,58.1,50.4,17.36,5.3,58.7,89.0,1450.0,0,4.0,1.21,11.02
EV147662,2019.0,63539.0,166.0,78.26,0.6885,92.76,69.07,1.0,0.484,16.3,33.5,73.2,61.7,22.16,64.7,49.6,47.3,502.0,0,1.0,21.74,7.18
EV104067,2015.0,296370.0,693.0,67.57,0.6289,90.6,57.38,2.0,0.674,35.5,86.0,59.7,58.5,23.29,37.5,54.5,1.3,555.0,1,3.0,32.43,11.17
EV100091,2016.0,74959.0,186.0,86.91,0.5642,95.22,78.07,2.0,0.323,7.8,26.3,53.8,56.8,27.71,0.0,63.3,52.2,1204.0,0,3.0,,9.93
EV287706,2022.0,49790.0,11.0,97.37,0.4048,97.16,99.7,4.0,0.319,26.2,42.8,80.0,41.6,16.26,33.2,65.8,60.3,1451.0,0,1.0,2.63,4.14
EV244252,2024.0,12012.0,2.0,99.8,0.4299,96.33,78.81,2.0,0.368,1.1,3.0,98.8,42.4,5.4,32.3,68.8,74.3,1494.0,0,4.0,0.2,1.85
EV117328,2017.0,323126.0,1540.0,37.9,1.0476,87.06,16.31,14.0,0.921,51.1,116.8,61.3,80.6,40.91,100.0,44.0,0.0,0.0,1,5.0,62.1,9.22
EV197146,2019.0,137917.0,340.0,87.61,0.4822,94.14,75.03,4.0,0.319,28.8,71.4,74.6,47.7,10.87,52.4,60.3,18.3,923.0,0,2.0,17.41,7.19
EV145638,2017.0,133250.0,274.0,89.02,0.4832,96.37,82.96,6.0,0.009,20.3,46.5,74.3,52.9,20.21,0.0,64.3,70.9,1117.0,0,3.0,10.98,9.11
EV154434,2020.0,14319.0,1.0,99.8,0.3465,97.53,60.03,1.0,0.065,9.2,14.5,93.4,57.3,14.53,13.6,58.8,77.4,1185.0,0,3.0,0.2,5.99
EV102039,2024.0,32138.0,91.0,88.72,0.4491,93.75,56.14,6.0,0.394,20.4,54.0,94.3,50.8,14.27,17.1,67.3,30.7,634.0,0,1.0,11.28,1.7
EV110867,2018.0,78549.0,303.0,83.15,0.4006,94.45,51.08,3.0,0.221,17.2,47.1,77.3,58.1,17.97,12.1,58.9,66.3,789.0,0,4.0,16.85,7.96
EV234634,2017.0,110355.0,272.0,82.26,0.4654,94.64,80.08,1.0,0.407,17.0,40.4,55.0,56.8,16.91,56.4,56.9,19.6,777.0,0,,,9.12
EV103083,2018.0,204526.0,488.0,72.87,0.5936,94.28,68.83,9.0,0.537,30.5,86.2,73.4,47.5,15.55,49.8,63.4,2.5,708.0,1,4.0,27.13,7.88
EV194476,2024.0,38369.0,85.0,89.94,0.4191,97.06,60.6,2.0,0.348,16.1,44.6,78.5,56.0,17.91,16.0,58.0,25.4,1038.0,0,1.0,10.06,2.1
EV159711,2015.0,6405.0,30.0,99.44,0.3916,99.17,88.57,1.0,0.286,4.4,6.7,53.8,49.2,18.33,27.2,60.2,93.0,1464.0,0,2.0,0.56,11.16
EV240205,2020.0,113297.0,321.0,77.52,0.5125,93.93,58.05,5.0,0.024,34.8,65.8,72.8,61.7,17.19,2.7,53.5,84.2,711.0,0,3.0,22.48,5.98
EV145760,2017.0,26167.0,113.0,89.63,0.5325,98.35,67.79,1.0,0.327,3.2,9.6,40.7,50.1,34.79,62.7,60.9,52.1,1270.0,0,2.0,10.37,
EV254026,2021.0,116094.0,308.0,75.75,0.5307,96.58,51.59,7.0,0.587,24.5,72.6,72.9,81.7,25.18,37.4,50.2,42.1,643.0,0,6.0,24.25,5.14
EV123938,2019.0,78549.0,405.0,81.71,0.5193,93.21,81.57,6.0,0.271,45.2,89.5,80.0,52.5,20.94,30.6,64.0,53.0,908.0,0,2.0,18.29,6.94
EV244325,2015.0,187047.0,382.0,65.53,2.67785,92.25,62.83,4.0,0.17,18.2,59.6,55.9,55.4,33.29,48.5,60.1,27.6,266.0,1,2.0,34.47,10.85
EV101427,2020.0,137524.0,403.0,87.61,0.5188,90.84,47.89,7.0,0.297,24.6,75.7,74.7,69.7,23.23,3.3,47.6,41.6,593.0,0,1.0,26.66,6.03
EV116170,2016.0,82625.0,274.0,66.71,0.7024,90.71,40.23,1.0,0.319,22.9,29.4,66.6,61.1,23.8,54.2,56.7,35.7,347.0,0,1.0,33.29,10.04
EV232560,2019.0,56439.0,171.0,90.19,0.4161,93.48,53.0,3.0,0.342,12.6,30.6,75.5,55.9,5.59,43.7,59.8,33.8,963.0,0,0.0,9.81,7.03
EV108886,2019.0,124327.0,334.0,78.94,0.5584,92.56,67.01,3.0,0.354,20.4,62.9,76.3,52.8,26.29,49.0,58.8,10.4,948.0,0,1.0,21.06,6.91
EV105710,2017.0,37809.0,117.0,89.74,0.4933,94.68,62.46,1.0,0.112,5.7,16.3,77.6,40.8,13.29,0.0,64.4,79.2,592.0,0,0.0,10.26,8.98
EV290226,2023.0,7642.0,1.0,99.8,0.457,97.21,51.4,1.0,0.319,1.7,3.0,76.0,65.5,12.08,18.4,47.1,82.2,1446.0,0,2.0,0.2,3.16
EV183778,2017.0,78549.0,32.0,95.89,0.4504,97.17,90.38,1.0,0.171,1.5,3.0,69.9,39.5,7.07,6.1,75.6,57.8,747.0,0,2.0,4.11,8.97
EV107883,2017.0,145536.0,505.0,75.54,0.6061,95.16,48.5,4.0,0.197,20.4,54.8,67.5,57.9,24.03,28.9,64.1,62.4,796.0,0,3.0,24.46,9.09
EV237949,2021.0,95606.0,404.0,81.2,0.5313,95.4,36.38,5.0,0.31,27.7,57.5,76.5,57.8,25.87,16.4,60.2,73.4,897.0,0,4.0,18.8,5.17
EV273286,2020.0,184739.0,701.0,63.31,0.7614,92.45,29.59,17.0,0.723,64.2,109.9,89.8,71.6,18.33,87.7,47.2,0.0,471.0,1,4.0,36.69,5.9
EV199828,2019.0,6307.0,1.0,99.8,0.3318,96.99,83.49,2.0,0.319,4.4,9.4,42.1,59.1,23.48,20.6,56.9,95.4,1463.0,0,5.0,0.2,7.01
EV282261,2016.0,30966.0,119.0,95.19,0.443,97.39,87.71,2.0,0.023,4.9,9.7,75.5,55.2,8.88,23.9,51.2,100.0,1238.0,0,1.0,4.81,10.21
EV198356,2021.0,48218.0,118.0,95.02,0.3922,95.2,90.24,1.0,0.118,17.0,35.2,80.9,71.0,17.42,36.1,50.7,80.8,1019.0,0,2.0,4.98,5.01
EV124847,2015.0,15077.0,69.0,87.97,0.4703,94.76,64.02,1.0,0.167,2.3,4.1,37.6,59.7,27.3,22.0,56.9,67.6,1027.0,0,3.0,12.03,11.25
EV128858,2017.0,120448.0,296.0,88.53,0.4693,98.16,65.04,5.0,0.35,27.2,44.4,59.3,46.4,15.41,6.6,69.0,63.1,1050.0,0,1.0,11.47,8.7
EV100517,2023.0,59383.0,156.0,89.13,0.5259,91.77,49.86,5.0,0.38,35.7,65.6,86.3,55.8,6.84,23.4,63.7,0.0,1197.0,0,5.0,10.87,3.12
EV199012,2021.0,27552.0,133.0,87.96,0.5158,95.97,41.12,4.0,0.208,7.1,11.1,78.9,36.2,15.86,20.2,72.9,83.2,1030.0,0,3.0,12.04,4.87
EV217783,2022.0,75444.0,202.0,86.53,0.4625,96.21,66.45,6.0,0.619,19.9,47.1,87.8,53.1,20.42,57.8,56.9,41.7,1133.0,0,1.0,13.47,4.04
EV247754,2016.0,109713.0,386.0,80.25,0.5063,95.52,54.81,5.0,0.073,11.1,35.0,60.3,58.1,26.06,25.1,51.3,76.7,905.0,0,3.0,19.75,9.86
EV131734,2021.0,88806.0,194.0,88.6,0.4266,94.86,59.29,7.0,0.58,37.2,57.1,93.0,45.8,13.15,30.6,62.4,0.0,1161.0,0,1.0,11.4,5.1
EV249833,2019.0,67028.0,292.0,76.26,0.5116,93.24,44.08,2.0,0.504,19.6,29.8,72.8,70.3,19.63,39.3,57.8,33.9,667.0,0,5.0,23.74,7.21
EV201016,2024.0,40641.0,102.0,92.57,0.452,96.85,111.36,4.0,0.365,28.6,61.1,100.0,56.8,10.67,56.9,67.2,50.2,1253.0,0,0.0,7.43,2.03
EV297804,2023.0,41938.0,45.0,98.75,0.3525,96.39,63.19,9.0,0.415,19.8,53.4,92.7,39.4,13.51,41.4,74.1,19.0,1449.0,0,2.0,1.25,3.16
EV202836,2022.0,78549.0,186.0,88.69,0.5554,96.25,59.72,1.0,0.338,24.9,41.0,79.3,41.5,18.8,42.0,78.4,69.7,1245.0,0,2.0,11.31,4.08
EV213885,2017.0,49656.0,265.0,87.86,0.4902,95.38,40.68,1.0,0.307,11.6,14.2,62.0,60.8,20.63,21.7,53.6,65.7,1099.0,0,2.0,12.14,9.05
EV267630,2024.0,27535.0,186.0,87.61,0.4425,95.41,43.45,5.0,0.191,20.6,41.6,96.9,49.6,13.7,54.3,62.6,61.9,1159.0,0,1.0,12.06,2.49
EV221449,2019.0,60238.0,130.0,94.04,0.4131,93.51,119.2,2.0,0.269,13.1,23.4,71.2,44.4,12.44,33.2,68.6,50.1,1298.0,0,5.0,5.96,6.91
EV285512,2023.0,8104.0,28.0,98.05,0.3832,99.48,91.86,2.0,0.104,2.7,5.4,92.0,50.3,8.8,11.9,57.2,99.0,756.0,0,2.0,1.95,3.03
EV151715,2023.0,7845.0,40.0,99.8,0.3513,98.34,42.49,2.0,0.074,1.7,3.0,88.2,55.5,7.95,0.0,63.9,86.4,1191.0,0,2.0,0.2,3.22
EV175570,2015.0,6646.0,38.0,93.58,0.3638,96.21,71.29,1.0,0.631,3.9,47.1,72.8,62.0,14.95,52.7,51.0,43.5,1041.0,0,0.0,6.42,11.06
EV124318,2022.0,69062.0,244.0,84.09,0.4611,95.44,37.24,10.0,0.343,37.7,56.0,85.8,56.8,10.53,51.1,62.3,66.4,1071.0,0,4.0,15.91,3.86
EV243786,2017.0,154856.0,338.0,83.22,0.5468,94.98,62.1,6.0,0.077,20.4,59.3,64.9,57.1,15.7,17.6,63.1,69.7,1015.0,0,3.0,16.78,8.97
EV199963,2020.0,174829.0,386.0,72.22,0.5446,94.98,61.03,8.0,0.603,20.4,100.3,81.7,68.7,14.23,32.8,49.3,44.1,579.0,0,4.0,27.78,6.02
EV150581,2016.0,90306.0,248.0,72.55,0.6517,91.43,59.99,1.0,0.73,9.8,27.0,59.8,49.1,17.41,47.1,62.3,1.4,1030.0,0,3.0,27.45,9.93
EV246388,2021.0,66354.0,180.0,92.93,0.4747,96.8,46.79,7.0,0.227,18.2,46.8,83.0,40.7,12.25,22.0,65.2,94.8,1165.0,0,0.0,7.07,5.24
EV289896,2019.0,186421.0,403.0,77.35,0.6474,94.98,65.49,9.0,0.4,50.2,92.8,70.4,54.5,22.78,25.4,59.9,20.6,895.0,0,2.0,22.65,7.17
EV276964,2019.0,49588.0,84.0,91.45,0.3994,94.78,79.5,1.0,0.527,6.4,21.6,76.8,58.7,10.52,24.2,50.9,37.6,1043.0,0,1.0,,6.92
EV130672,2018.0,130536.0,307.0,80.61,0.5508,91.25,68.63,2.0,0.228,20.1,50.9,49.1,56.8,31.53,56.7,42.7,72.0,942.0,0,4.0,19.39,8.19
EV102345,2019.0,156098.0,491.0,69.42,0.5854,90.98,45.87,6.0,0.248,43.2,71.8,63.2,72.8,35.84,70.5,41.5,18.5,468.0,1,,30.58,7.32
EV161907,2024.0,5347.0,4.0,99.8,0.3695,96.34,42.79,1.0,0.295,20.4,22.9,93.3,55.4,12.83,31.7,62.5,55.4,1503.0,0,2.0,0.2,2.08
EV169150,2023.0,42903.0,105.0,94.93,0.3641,94.98,76.31,4.0,0.135,29.4,52.5,88.3,62.3,9.99,34.1,58.1,57.1,1041.0,0,1.0,5.07,2.98
EV266861,2021.0,35847.0,76.0,93.17,0.4309,95.77,64.02,1.0,0.129,16.6,27.8,71.7,50.2,20.94,31.6,66.2,75.1,1314.0,0,2.0,6.83,5.15
EV250218,2015.0,388932.0,860.0,56.07,0.5063,91.37,52.4,13.0,0.437,55.5,47.1,57.1,76.5,40.15,45.3,43.5,0.0,162.0,1,,43.93,
EV269434,2018.0,2551.0,102.0,86.69,0.5405,93.9,55.75,1.0,0.18,1.4,3.0,57.9,65.0,24.05,33.2,49.7,72.9,972.0,0,,13.31,8.16
EV135711,2020.0,57978.0,187.0,91.89,0.4433,91.9,44.68,5.0,0.384,20.4,33.1,54.4,51.3,19.47,25.7,57.6,57.2,1212.0,0,3.0,8.11,6.08
EV164141,2018.0,76423.0,243.0,89.3,0.4638,96.36,76.04,1.0,0.091,10.0,28.6,69.0,50.2,16.66,5.7,69.3,90.6,1099.0,0,3.0,10.7,7.81
EV194086,2015.0,30407.0,42.0,95.5,0.3948,96.0,75.59,3.0,0.467,6.8,9.3,61.2,54.6,21.23,46.6,56.9,49.5,1406.0,0,3.0,4.5,10.9
EV165836,2023.0,43019.0,101.0,90.99,0.4459,96.97,68.26,7.0,0.251,20.1,51.4,95.9,64.5,19.25,33.2,53.8,71.3,978.0,0,2.0,9.01,3.15
EV162550,2020.0,48474.0,214.0,89.32,0.45,95.73,50.72,6.0,0.157,8.0,23.7,73.3,43.8,14.94,8.8,61.4,69.6,1149.0,0,4.0,10.68,5.72
EV110669,2018.0,91792.0,385.0,71.11,0.5542,94.98,46.62,5.0,0.596,19.2,39.4,56.7,66.6,34.5,69.0,56.9,0.0,1030.0,1,2.0,,7.9
EV110554,2016.0,35389.0,101.0,91.82,0.4524,96.0,53.66,1.0,0.515,4.0,13.7,70.1,55.4,9.27,54.5,60.1,41.5,1277.0,0,1.0,8.18,9.98
EV168315,2020.0,123824.0,322.0,73.57,0.5088,96.81,65.94,3.0,0.049,23.7,77.3,76.5,69.0,22.98,34.9,48.3,87.4,644.0,0,2.0,26.43,5.84
EV120575,2020.0,39653.0,95.0,93.02,0.4653,97.16,84.6,1.0,0.31,12.2,27.4,84.5,56.8,17.91,36.4,61.7,89.3,1333.0,0,3.0,6.98,6.08
EV180173,2018.0,133971.0,218.0,86.56,0.4305,94.81,86.74,2.0,0.155,23.2,56.3,52.8,71.2,26.03,10.8,49.7,64.9,1030.0,0,2.0,13.44,8.21
EV271527,2017.0,168006.0,419.0,66.85,0.5146,91.99,63.3,7.0,0.416,28.4,60.7,65.9,71.1,33.23,32.3,49.3,20.6,513.0,1,4.0,33.15,8.79
EV173461,2020.0,92697.0,160.0,90.95,0.4742,95.67,78.69,5.0,0.117,19.2,52.9,85.4,46.4,9.68,35.0,65.4,86.5,1201.0,0,1.0,9.05,6.02
EV168795,2015.0,142959.0,301.0,77.82,0.4477,93.25,73.47,1.0,0.225,20.4,46.7,53.3,60.7,31.6,60.4,53.8,62.9,715.0,0,3.0,22.18,11.15
EV226767,2016.0,359300.0,2079.0,43.4,0.8733,89.1,14.89,4.0,0.622,52.2,121.5,53.8,69.1,46.99,13.1,52.5,0.0,0.0,1,2.0,56.6,9.88
EV258119,2016.0,37762.0,79.0,99.44,0.3669,97.44,91.73,4.0,0.486,7.0,15.3,63.1,46.3,8.8,36.4,58.5,61.4,1409.0,0,5.0,0.56,10.0
EV199399,2017.0,97867.0,172.0,92.41,0.393,93.18,82.8,4.0,0.218,27.5,35.5,74.3,66.5,16.11,41.1,51.6,60.4,974.0,0,1.0,7.59,8.84
EV207669,2017.0,17433.0,39.0,99.8,0.3897,94.98,95.29,2.0,0.098,1.2,3.0,72.8,47.1,16.2,42.1,65.7,93.9,1453.0,0,3.0,0.2,
EV147938,2019.0,106662.0,272.0,87.61,0.5408,93.31,80.12,1.0,0.278,23.8,50.5,65.4,50.0,27.1,49.1,65.8,56.9,1034.0,0,3.0,15.5,7.0
EV243967,2023.0,78549.0,76.0,87.61,0.4386,94.98,77.4,6.0,0.57,20.4,40.6,94.7,43.1,8.72,30.0,66.0,49.1,1353.0,0,1.0,6.28,2.96
EV131544,2021.0,41583.0,189.0,88.67,0.4322,96.71,39.64,5.0,0.114,13.7,21.5,79.4,63.8,11.44,19.8,53.8,76.4,1030.0,0,2.0,11.33,4.91
EV259910,2017.0,73949.0,271.0,83.5,0.4387,93.96,72.28,2.0,0.388,12.0,29.6,56.5,62.1,21.63,44.4,50.6,47.5,832.0,0,2.0,16.5,8.91
EV259431,2024.0,78549.0,105.0,97.7,0.3366,97.23,91.71,8.0,0.283,39.1,93.7,92.7,48.8,18.85,36.7,65.8,63.4,1353.0,0,2.0,2.3,1.94
EV234984,2019.0,237326.0,917.0,54.19,0.8687,86.79,27.75,16.0,0.323,71.4,114.3,46.3,88.7,54.65,33.2,35.6,0.0,329.0,1,10.0,45.81,6.87
EV183714,2017.0,319373.0,916.0,59.44,0.702,90.09,41.01,13.0,0.45,48.4,123.1,81.0,63.5,31.65,56.3,46.1,0.0,352.0,1,7.0,40.56,8.98
EV139482,2024.0,12180.0,12.0,99.8,0.3618,97.7,77.89,1.0,0.319,18.7,24.6,87.2,46.9,12.56,38.8,62.4,87.5,1483.0,0,2.0,0.2,2.08
EV114250,2015.0,218707.0,996.0,62.81,0.6736,93.06,28.88,8.0,0.246,34.2,65.9,45.2,56.8,31.99,42.5,56.9,74.4,308.0,1,1.0,37.19,10.87
EV160853,2020.0,72984.0,233.0,85.34,0.4657,95.34,67.33,3.0,0.685,16.5,45.0,71.7,54.9,16.3,33.2,55.9,0.0,1121.0,0,4.0,14.66,5.89
EV287715,2022.0,6102.0,29.0,99.8,0.3678,94.66,99.99,1.0,0.185,2.8,8.5,90.9,45.7,10.54,5.2,62.3,78.0,1450.0,0,0.0,0.2,4.0
EV168353,2022.0,46194.0,92.0,92.51,0.4179,98.37,62.33,4.0,0.234,11.1,34.0,86.8,61.3,17.0,17.3,54.5,95.7,996.0,0,1.0,7.49,3.9
EV129315,2020.0,91975.0,414.0,77.77,0.5712,91.43,36.33,8.0,0.298,15.6,47.2,91.8,53.4,14.11,21.1,59.1,51.9,817.0,0,3.0,,5.79
EV262700,2016.0,356412.0,214.0,47.04,0.7074,88.47,28.13,15.0,0.43,51.6,116.4,62.0,81.3,45.01,25.8,37.7,3.4,56.0,1,7.0,52.96,10.01
EV237371,2024.0,34286.0,118.0,91.46,0.3689,94.69,64.02,8.0,0.208,28.0,59.0,95.2,65.1,13.97,27.8,51.5,54.7,996.0,0,1.0,8.54,1.93
EV157340,2020.0,53567.0,127.0,88.66,0.4582,95.69,46.31,6.0,0.235,30.0,63.3,90.0,77.1,12.36,43.5,40.1,81.9,956.0,0,1.0,11.34,2.09
EV237817,2024.0,15579.0,60.0,95.98,0.4164,97.06,64.86,5.0,0.448,14.0,37.4,75.8,47.6,11.86,33.2,61.0,65.4,1335.0,0,1.0,4.02,2.08
EV285639,2016.0,500.0,38.0,99.8,0.4039,98.01,64.02,1.0,0.337,3.4,5.5,77.1,45.8,11.86,24.1,56.9,73.7,1478.0,0,1.0,0.2,10.09
EV163556,2023.0,70204.0,168.0,92.75,0.4014,94.98,78.57,7.0,0.256,20.4,63.6,88.0,46.6,13.22,27.3,61.4,78.9,1271.0,0,1.0,7.25,3.19
EV279005,2019.0,13081.0,43.0,99.8,0.3832,98.31,87.63,1.0,0.146,1.0,3.0,72.8,50.9,18.1,28.5,66.7,98.3,1495.0,0,4.0,0.2,7.15
EV276675,2018.0,222855.0,656.0,69.27,0.6069,93.34,52.83,9.0,0.629,49.6,96.0,75.7,67.8,26.42,70.0,54.2,18.1,1030.0,1,,30.73,8.01
EV262810,2015.0,108939.0,158.0,90.01,0.4221,94.81,86.6,2.0,0.201,14.5,34.7,45.8,68.1,16.11,50.0,47.2,56.0,940.0,0,5.0,9.99,10.82
EV100868,2021.0,16322.0,79.0,87.61,0.5063,95.62,73.04,1.0,0.378,4.9,12.8,89.4,51.0,16.11,47.9,56.2,27.8,1321.0,0,1.0,7.32,5.04
EV248591,2022.0,40941.0,109.0,92.42,0.4815,97.33,80.6,1.0,0.319,10.1,35.4,84.9,60.5,17.03,49.1,52.4,47.7,1295.0,0,3.0,7.58,3.86
EV156818,2019.0,165183.0,458.0,69.57,0.5487,92.83,60.86,1.0,0.585,28.1,76.7,72.0,66.6,21.34,56.6,52.0,2.3,512.0,0,5.0,30.43,7.17
EV143574,2020.0,425579.0,645.0,66.99,0.6035,91.0,85.26,10.0,0.414,54.6,181.5,56.2,60.9,32.46,43.7,52.8,0.0,1030.0,1,2.0,33.01,8.1
EV166987,2016.0,104597.0,211.0,90.85,0.4667,95.95,78.5,2.0,0.524,15.4,38.1,72.4,57.3,20.33,33.2,56.2,12.7,1179.0,0,2.0,,10.07
EV269437,2024.0,81619.0,385.0,71.82,0.5239,94.53,28.44,20.0,0.58,40.3,105.6,82.3,83.6,23.06,61.7,32.3,0.0,584.0,1,6.0,28.18,2.19
EV121186,2019.0,17039.0,88.0,88.71,0.5058,93.89,35.72,5.0,0.044,1.0,3.0,79.5,40.3,10.77,33.2,65.6,94.5,619.0,0,2.0,11.29,6.9
EV215123,2015.0,80155.0,319.0,85.1,0.5071,94.98,55.67,1.0,0.285,8.8,21.2,54.2,61.7,27.67,33.2,52.6,33.3,1033.0,0,3.0,14.9,11.15
EV117280,2024.0,48101.0,124.0,88.86,0.5294,94.37,61.61,5.0,0.581,24.1,81.7,84.4,48.5,14.82,44.7,59.5,29.1,1264.0,0,1.0,11.14,2.04
EV226796,2017.0,278503.0,1170.0,43.31,1.0337,85.02,21.63,15.0,0.319,42.7,96.3,40.2,56.8,38.88,100.0,36.9,0.0,212.0,1,2.0,56.69,9.41
EV151488,2019.0,192098.0,936.0,49.47,0.6999,88.03,21.64,15.0,0.818,38.8,85.9,72.0,81.5,33.46,52.5,40.7,0.0,128.0,1,2.0,50.53,7.11
EV139811,2017.0,69233.0,189.0,87.61,0.4506,92.61,65.9,1.0,0.302,7.3,23.5,58.1,41.1,16.11,34.6,63.8,38.5,1205.0,0,4.0,6.95,8.93
EV165143,2017.0,158907.0,372.0,75.47,0.5932,93.63,63.58,8.0,0.376,16.6,57.1,57.2,53.3,25.38,36.2,56.9,52.1,883.0,0,1.0,24.53,8.96
EV226859,2015.0,87976.0,269.0,84.06,0.4719,93.2,55.55,1.0,0.107,10.3,25.2,46.9,72.7,31.78,16.4,46.3,27.2,798.0,0,3.0,15.94,10.8
EV224437,2019.0,10491.0,55.0,98.53,0.4267,98.41,54.1,1.0,0.156,5.5,8.8,68.2,37.4,0.74,27.7,72.3,97.5,1483.0,0,2.0,1.47,7.22
EV277107,2020.0,25498.0,53.0,99.8,0.3972,96.58,86.54,1.0,0.085,13.0,16.7,70.4,41.5,12.14,19.0,71.6,52.3,1427.0,0,1.0,0.2,6.92
EV171903,2024.0,5368.0,17.0,99.8,0.4192,96.44,54.2,3.0,0.308,8.1,16.7,91.2,49.1,7.85,20.7,65.2,65.2,1524.0,0,,0.2,1.74
EV211814,2020.0,56122.0,164.0,89.26,0.3791,95.51,58.14,5.0,0.266,25.1,33.2,78.3,61.4,17.41,50.9,61.5,63.9,888.0,0,3.0,10.74,7.23
EV229915,2022.0,5965.0,1.0,99.8,0.3423,96.39,76.51,1.0,0.159,11.1,15.0,86.5,56.8,8.11,37.6,50.0,79.9,1215.0,0,1.0,0.2,3.73
EV266527,2024.0,41018.0,214.0,92.18,0.4939,97.26,80.73,11.0,0.582,37.8,84.4,89.7,56.8,24.49,42.0,51.1,23.3,1308.0,0,2.0,7.82,1.82
EV125603,2018.0,12491.0,1.0,99.37,0.396,93.73,67.18,1.0,0.319,3.2,4.6,70.1,47.6,8.74,33.3,66.5,58.6,830.0,0,2.0,0.63,7.97
EV233084,2021.0,124214.0,313.0,87.61,0.6089,94.06,57.28,5.0,0.418,35.7,82.3,68.7,90.5,33.74,48.4,35.5,52.1,638.0,1,6.0,27.8,
EV297801,2020.0,56656.0,148.0,90.17,0.4919,94.84,65.51,2.0,0.47,12.6,32.2,77.4,52.7,18.11,37.0,63.0,55.3,1204.0,0,2.0,9.83,5.92
EV120274,2018.0,17177.0,43.0,99.8,0.4367,96.23,70.45,1.0,0.335,3.6,10.7,81.8,54.2,20.26,45.7,59.7,47.2,1466.0,0,4.0,0.2,7.89
EV204332,2020.0,175467.0,371.0,75.28,0.5574,92.72,65.61,8.0,0.305,20.4,101.8,74.4,77.1,25.42,50.5,45.3,52.8,621.0,0,3.0,24.72,5.95
EV260669,2021.0,67070.0,117.0,87.98,0.5698,94.57,64.02,6.0,0.332,32.6,39.4,76.7,65.7,18.86,65.1,52.6,57.1,1196.0,0,1.0,12.02,5.03
EV157935,2016.0,78549.0,342.0,77.71,0.5476,95.33,91.0,1.0,0.733,17.5,58.3,48.7,54.1,31.57,70.7,58.1,6.5,933.0,0,3.0,22.29,10.05
EV271177,2024.0,56333.0,236.0,79.57,0.5557,95.34,33.57,10.0,0.593,23.6,52.5,98.6,54.1,18.52,58.0,62.2,7.8,1053.0,0,3.0,20.43,2.15
EV194457,2017.0,76884.0,337.0,83.11,0.493,95.02,53.93,5.0,0.145,22.8,31.6,67.9,43.6,20.09,8.5,67.9,79.7,913.0,0,1.0,16.89,8.89
EV114791,2019.0,32251.0,9.0,95.76,0.3786,96.35,75.65,1.0,0.712,5.5,17.4,58.1,65.2,20.18,54.9,47.4,28.6,1424.0,0,0.0,4.24,6.85
EV108410,2019.0,124979.0,239.0,87.6,0.4699,96.7,88.69,1.0,0.249,22.2,63.3,71.9,47.8,18.55,5.9,58.3,75.6,1120.0,0,0.0,12.4,6.81
EV180068,2020.0,16193.0,71.0,87.61,0.4803,97.79,75.51,4.0,0.45,4.0,12.4,66.7,52.2,13.73,35.6,65.1,71.5,663.0,0,3.0,9.06,6.07
EV143668,2017.0,78549.0,13.0,99.8,0.3097,97.05,58.95,1.0,0.239,1.4,3.7,64.2,60.0,18.76,29.6,50.6,91.4,1211.0,0,4.0,0.2,9.08
EV152113,2023.0,879.0,1.0,99.8,0.3269,98.98,98.42,1.0,0.187,2.2,3.0,81.2,58.5,10.25,16.7,55.9,79.7,1242.0,0,2.0,0.2,3.13
EV159954,2021.0,101799.0,233.0,82.33,0.4897,94.53,62.21,8.0,0.537,31.2,71.4,80.7,64.9,19.38,57.6,49.2,0.0,823.0,0,2.0,17.67,5.12
EV247630,2019.0,78549.0,141.0,95.98,0.4364,96.42,38.48,1.0,0.013,11.1,14.5,64.9,52.0,8.17,0.0,56.2,88.0,1270.0,0,1.0,4.02,7.03
EV153315,2020.0,69052.0,214.0,89.0,0.5025,96.37,55.0,1.0,0.242,15.4,40.3,57.6,55.4,29.14,25.2,56.6,93.0,1142.0,0,6.0,11.0,5.98
EV155459,2015.0,153272.0,297.0,80.96,0.5348,93.96,87.07,3.0,0.15,26.5,49.0,56.0,81.2,16.9,27.8,39.9,74.5,704.0,0,1.0,19.04,11.03
EV248567,2022.0,4552.0,1.0,99.8,0.3587,95.96,43.6,1.0,0.182,6.7,9.2,73.8,43.2,20.61,27.1,64.3,82.7,1493.0,0,0.0,0.2,4.23
EV232517,2024.0,24646.0,42.0,98.46,0.3208,97.68,115.79,1.0,0.174,17.6,35.5,92.0,57.7,18.33,41.3,52.9,69.3,1443.0,0,2.0,1.54,1.66
EV269363,2023.0,42695.0,219.0,83.25,0.3651,96.47,43.4,5.0,0.528,20.8,32.5,85.5,61.3,20.54,18.4,54.6,55.2,831.0,0,2.0,16.75,3.06
EV203921,2020.0,47695.0,95.0,87.61,0.4514,94.85,93.65,8.0,0.576,29.8,49.2,84.4,56.8,14.43,57.4,59.2,13.6,1336.0,0,1.0,4.21,3.08
EV139457,2015.0,169846.0,385.0,81.2,0.5649,92.54,83.09,5.0,0.196,21.8,49.5,45.2,51.8,19.7,64.0,56.4,59.4,902.0,0,1.0,18.8,
EV291901,2016.0,207426.0,451.0,74.98,0.5544,94.98,65.5,8.0,0.327,23.9,72.7,55.3,69.8,28.49,33.2,43.9,0.0,586.0,1,1.0,25.02,10.35
EV177519,2017.0,317688.0,660.0,65.5,0.7034,94.98,59.32,4.0,0.59,82.2,47.1,51.7,63.3,32.28,33.2,53.2,1.1,494.0,1,1.0,,9.14
EV214427,2019.0,154119.0,272.0,77.67,0.4762,95.62,76.08,3.0,0.528,23.4,68.6,56.8,67.4,29.11,40.0,45.8,50.4,733.0,0,5.0,22.33,7.21
EV263681,2016.0,274016.0,1805.0,36.42,1.0831,94.98,10.94,15.0,0.507,34.4,86.2,53.9,84.3,45.9,74.6,42.2,0.0,0.0,1,3.0,63.58,10.15
EV269079,2015.0,198712.0,482.0,75.15,0.5771,94.98,75.21,3.0,0.274,30.1,63.2,55.5,63.4,28.17,26.2,55.5,32.5,705.0,0,4.0,24.85,11.04
EV274802,2024.0,500.0,27.0,99.0,0.5063,97.91,98.27,3.0,0.319,7.4,16.7,92.5,45.9,5.96,42.3,58.8,44.9,1416.0,0,0.0,1.0,1.93
EV207670,2024.0,62073.0,144.0,92.24,0.4137,94.92,85.19,9.0,0.319,26.6,80.7,84.5,63.3,10.34,39.6,51.1,65.0,946.0,0,3.0,7.76,2.19
EV164108,2016.0,138162.0,311.0,83.81,0.5063,95.8,64.02,6.0,0.381,17.3,42.5,72.8,62.1,14.82,44.5,55.0,72.9,990.0,0,1.0,16.19,10.28
EV110642,2016.0,32502.0,80.0,94.66,0.5109,96.0,84.42,1.0,0.36,6.2,9.2,62.2,45.1,4.99,22.0,62.4,49.7,664.0,0,3.0,5.34,10.21
EV201680,2022.0,66692.0,304.0,82.01,0.6356,94.23,44.27,10.0,0.202,33.6,55.0,83.6,52.9,23.38,57.6,59.1,61.0,953.0,0,4.0,17.99,4.1
EV295043,2020.0,99152.0,329.0,83.84,0.5009,94.45,57.62,8.0,0.062,20.5,51.7,74.2,53.8,21.67,13.1,63.1,84.2,988.0,0,1.0,16.16,5.82
EV208101,2015.0,19301.0,93.0,85.64,0.5713,97.24,67.97,1.0,0.223,2.6,6.4,72.8,56.9,31.59,20.5,53.5,83.8,598.0,0,4.0,14.36,10.99
EV249526,2020.0,178754.0,552.0,69.23,0.7025,92.7,44.1,5.0,0.247,41.1,55.9,40.8,83.7,42.77,23.2,56.9,40.5,699.0,1,3.0,30.77,11.1
EV228954,2020.0,88082.0,95.0,99.21,0.4168,97.87,93.13,3.0,0.09,19.0,45.8,83.4,37.1,5.56,44.0,70.0,90.1,1372.0,0,1.0,0.79,5.96
EV167758,2023.0,135411.0,240.0,64.27,0.751,91.36,76.31,6.0,0.988,44.0,136.3,90.8,66.4,19.53,61.7,44.6,0.0,362.0,1,5.0,35.73,3.37
EV168716,2016.0,204626.0,630.0,47.07,0.975,94.98,28.45,13.0,0.427,22.8,67.9,51.7,72.6,38.22,58.1,44.1,0.8,70.0,1,3.0,,9.9
EV107765,2022.0,43762.0,104.0,94.0,0.4306,95.57,66.68,2.0,0.161,35.8,44.5,86.8,44.8,9.67,14.6,65.7,70.6,1309.0,0,,,3.55
EV149945,2023.0,500.0,1.0,99.8,0.3836,97.59,55.64,1.0,0.069,1.1,3.0,95.0,50.1,3.72,12.4,62.9,83.9,1464.0,0,1.0,0.2,2.86
EV295466,2019.0,72481.0,256.0,86.86,0.481,96.49,55.23,2.0,0.433,12.5,34.4,68.2,46.7,15.58,0.0,53.3,66.8,1066.0,0,3.0,13.14,7.14
EV166839,2023.0,17747.0,32.0,96.8,0.4316,96.43,60.49,1.0,0.109,1.8,5.8,100.0,38.8,6.62,19.6,62.5,54.3,744.0,0,0.0,3.2,3.03
EV132446,2018.0,226944.0,492.0,66.46,0.5942,92.75,62.22,6.0,0.787,38.1,96.2,64.0,74.3,25.6,68.5,39.5,6.5,457.0,1,4.0,33.54,8.02
EV130422,2017.0,288157.0,1586.0,44.25,0.8941,88.21,16.21,20.0,0.444,80.8,105.5,60.9,85.3,43.62,60.7,36.2,0.0,0.0,1,5.0,55.75,8.75
EV273956,2020.0,50206.0,194.0,72.18,0.6925,92.55,34.62,6.0,0.676,19.2,35.1,80.0,52.9,22.17,38.0,57.8,4.6,426.0,0,4.0,27.82,4.16
EV112164,2023.0,70314.0,224.0,82.02,0.5754,94.29,61.6,7.0,0.447,34.0,89.4,85.0,52.7,15.0,49.0,56.9,13.7,1056.0,0,,17.98,2.95
EV209126,2019.0,104779.0,353.0,72.83,0.5643,94.66,42.47,3.0,0.54,20.1,48.9,61.0,74.6,22.22,41.9,37.2,65.3,641.0,0,4.0,27.17,6.96
EV112634,2024.0,46627.0,146.0,89.01,0.4209,94.98,45.58,12.0,0.421,34.1,89.5,100.0,64.6,4.36,7.5,52.2,23.1,943.0,0,3.0,10.99,1.9
EV250916,2017.0,500.0,6.0,99.8,0.3192,96.85,41.07,1.0,0.144,1.3,3.0,72.8,61.9,3.85,11.5,52.4,73.5,1179.0,0,1.0,0.2,8.82
EV150941,2019.0,115654.0,402.0,87.61,0.5711,93.03,57.63,5.0,0.288,15.4,47.1,76.0,60.6,26.09,26.0,55.7,28.5,902.0,0,3.0,20.24,6.95
EV163996,2022.0,48224.0,191.0,87.61,0.5307,95.61,38.76,7.0,0.139,28.5,36.6,78.5,54.2,20.71,30.6,67.9,98.2,1079.0,0,3.0,16.79,4.08
EV152773,2017.0,179981.0,427.0,71.88,0.7023,95.0,82.7,4.0,0.319,27.6,66.1,65.1,67.2,26.0,70.4,45.2,69.2,807.0,1,5.0,28.12,9.17
EV137578,2019.0,279520.0,1178.0,54.95,0.7536,90.82,28.18,16.0,0.573,46.4,129.0,69.7,73.7,29.43,53.8,44.5,0.0,144.0,1,3.0,45.05,7.07
EV165619,2015.0,417149.0,1741.0,74.47,0.8772,93.43,35.7,17.0,0.695,67.9,122.7,52.2,39.7,28.02,70.4,64.7,5.8,1697.0,1,2.0,25.53,11.26
EV252269,2016.0,113833.0,583.0,71.59,0.6618,94.37,35.42,4.0,0.453,21.9,47.1,62.7,62.4,29.01,10.5,46.3,4.9,633.0,1,5.0,28.41,9.51
EV269472,2020.0,176269.0,488.0,70.96,0.6483,93.85,47.99,13.0,0.542,38.8,114.3,71.8,69.3,26.77,36.6,52.8,8.4,674.0,1,2.0,29.04,4.92
EV184949,2021.0,137546.0,248.0,77.11,0.6167,92.97,94.59,1.0,0.229,36.5,87.5,79.3,50.0,10.74,32.5,66.5,44.4,450.0,0,1.0,,4.91
EV222003,2016.0,73348.0,187.0,86.74,0.5262,96.84,81.24,3.0,0.258,6.6,22.2,62.6,59.2,17.63,45.1,64.7,75.3,1134.0,0,3.0,13.26,9.91
EV209714,2022.0,20657.0,65.0,94.95,0.4719,97.11,74.03,1.0,0.465,8.1,18.3,87.9,48.7,7.89,28.9,65.8,51.1,1351.0,0,1.0,5.05,3.87
EV257486,2022.0,45590.0,202.0,84.27,0.4633,95.5,49.74,1.0,0.402,14.1,43.3,96.4,63.5,19.54,50.2,60.2,70.8,805.0,0,2.0,15.73,3.96
EV156840,2016.0,227960.0,384.0,82.32,0.5219,92.77,99.92,8.0,0.319,27.8,76.9,56.9,53.7,15.62,39.4,65.8,47.1,887.0,0,3.0,17.68,10.13
EV162724,2023.0,57953.0,83.0,97.28,0.4356,95.86,95.46,6.0,0.37,18.1,43.4,86.8,47.8,10.76,34.7,61.2,9.0,1348.0,0,1.0,2.72,3.08
EV193840,2021.0,500.0,1.0,97.37,0.5321,98.02,89.9,1.0,0.358,1.7,3.0,76.1,62.4,21.61,47.9,51.0,56.3,788.0,0,3.0,2.63,4.72
EV202508,2020.0,77926.0,251.0,89.24,0.5063,97.72,69.63,4.0,0.174,20.3,42.6,77.0,45.6,11.51,31.7,58.0,72.9,1030.0,0,1.0,10.76,6.04
EV283298,2022.0,28821.0,56.0,99.75,0.3935,98.07,91.73,2.0,0.173,19.7,32.7,89.6,56.3,7.65,16.2,56.2,54.2,1383.0,0,3.0,0.25,4.06
EV289285,2019.0,43080.0,222.0,86.65,0.4822,94.68,64.27,4.0,0.401,8.7,27.4,72.8,54.2,29.29,33.2,60.2,43.3,1099.0,0,2.0,13.35,7.07
EV119093,2024.0,55723.0,163.0,91.93,0.4447,97.1,63.37,7.0,0.386,30.0,88.3,91.2,45.8,13.88,44.0,70.9,42.8,1195.0,0,4.0,8.07,1.88
EV281261,2019.0,89836.0,177.0,83.22,0.4511,96.39,67.61,9.0,0.319,18.5,47.1,64.6,65.6,23.32,37.3,45.4,26.0,829.0,0,1.0,16.78,7.02
EV245089,2024.0,10109.0,18.0,99.8,0.3295,95.86,109.37,1.0,0.119,31.6,42.3,88.1,46.2,4.21,12.7,62.0,78.1,1030.0,0,4.0,0.2,1.92
EV231631,2021.0,65588.0,176.0,87.03,0.5164,91.32,69.96,3.0,0.361,13.0,42.3,75.1,52.0,23.5,55.9,59.6,36.0,1132.0,0,2.0,12.97,4.9
EV299539,2022.0,97476.0,340.0,85.99,0.5559,96.26,50.33,7.0,0.261,25.7,79.5,83.9,59.0,21.85,33.2,55.4,65.3,971.0,0,1.0,14.01,4.0
EV286329,2021.0,125645.0,257.0,81.44,0.5217,93.02,72.7,8.0,0.477,39.9,85.3,72.0,60.2,16.71,49.5,50.0,34.0,1019.0,0,1.0,18.56,5.04
EV247788,2018.0,128666.0,280.0,87.61,0.513,94.7,78.06,6.0,0.447,29.9,59.4,67.1,44.3,16.94,33.5,60.1,52.8,1045.0,0,2.0,13.35,7.88
EV140823,2017.0,134422.0,292.0,79.26,0.4576,93.32,70.46,4.0,0.429,15.5,52.4,59.4,66.9,22.49,40.9,56.9,66.6,713.0,0,4.0,20.74,8.98
EV195456,2022.0,142106.0,776.0,60.04,0.6296,91.29,23.27,21.0,0.431,45.9,123.9,79.8,79.8,38.83,23.7,39.6,0.0,255.0,1,4.0,39.96,4.15
EV106970,2016.0,100023.0,236.0,73.74,0.6207,91.68,58.74,2.0,0.493,18.1,47.1,61.2,58.3,32.05,42.2,59.6,21.4,425.0,0,3.0,26.26,10.07
EV134415,2015.0,307772.0,633.0,69.52,0.6884,92.13,63.64,8.0,0.401,46.3,92.5,57.2,63.3,35.8,40.1,47.3,10.8,599.0,1,7.0,30.48,10.82
EV247000,2021.0,79189.0,176.0,93.78,0.434,97.32,91.58,1.0,0.056,28.9,57.0,79.0,47.3,13.69,4.6,64.9,48.9,1252.0,0,3.0,6.22,5.05
EV134572,2021.0,500.0,214.0,99.8,0.3312,98.17,70.5,3.0,0.387,1.1,3.0,75.3,44.4,5.78,42.4,64.4,27.6,1506.0,0,2.0,0.2,4.96
EV157509,2021.0,75533.0,107.0,93.77,0.4223,94.41,85.27,7.0,0.165,34.1,49.3,93.7,57.2,8.93,28.7,58.7,62.7,1051.0,0,3.0,6.23,4.87
EV163887,2018.0,185841.0,750.0,68.69,0.6733,94.98,34.71,11.0,0.278,37.2,80.0,66.8,60.7,33.48,13.5,52.8,0.0,535.0,1,6.0,31.31,7.78
EV232063,2016.0,320388.0,1101.0,56.91,2.47415,91.84,32.23,10.0,0.344,46.9,108.6,56.2,69.1,39.41,22.3,46.1,0.0,222.0,1,5.0,43.09,10.12
EV133976,2018.0,64648.0,212.0,86.1,0.5306,94.96,86.5,1.0,0.446,17.9,32.7,66.6,61.8,18.8,32.3,46.5,56.1,1030.0,0,3.0,13.9,8.44
EV117558,2017.0,41638.0,110.0,94.23,0.3442,96.22,47.8,1.0,0.057,4.8,16.2,66.1,59.0,16.26,21.5,50.2,87.5,1054.0,0,1.0,5.77,8.82
EV224178,2018.0,7391.0,49.0,99.33,0.4346,95.91,65.78,4.0,0.088,1.2,3.0,70.2,56.0,8.16,9.4,56.9,82.8,1404.0,0,0.0,0.67,7.91
EV190659,2017.0,61901.0,243.0,88.3,0.4797,95.79,74.59,4.0,0.121,11.8,27.7,68.2,46.7,19.31,53.2,62.5,98.9,1128.0,0,0.0,11.7,9.29
EV113318,2023.0,500.0,19.0,99.8,0.4234,94.13,75.05,2.0,0.168,1.0,3.1,87.3,37.1,3.11,14.1,70.1,61.8,1506.0,0,1.0,,2.96
EV226258,2020.0,24220.0,50.0,87.73,0.5535,94.29,84.99,2.0,0.125,3.4,9.1,72.8,52.9,20.14,38.3,63.4,67.3,1310.0,0,1.0,12.27,6.03
EV284448,2020.0,21588.0,61.0,95.36,0.3559,96.27,67.46,1.0,0.216,5.2,7.5,72.4,66.9,7.26,49.3,52.8,64.2,1064.0,0,6.0,,6.14
EV196720,2020.0,347445.0,812.0,58.16,0.7735,90.48,52.21,11.0,0.908,62.1,128.6,61.3,79.2,35.06,73.7,33.9,0.0,405.0,1,4.0,41.84,9.06
EV155503,2022.0,58202.0,88.0,87.6,0.5052,98.77,102.93,3.0,0.66,19.4,64.0,84.3,43.3,22.47,43.8,69.6,29.0,633.0,0,1.0,12.4,3.7
EV118005,2015.0,150383.0,299.0,85.04,0.5194,95.55,90.54,2.0,0.074,16.1,42.2,58.1,61.9,13.98,40.2,55.9,83.0,1100.0,0,10.0,14.96,10.85
EV168747,2018.0,6293.0,107.0,96.23,0.4823,99.5,80.04,1.0,0.552,1.1,3.0,77.5,58.3,11.15,56.3,52.3,22.9,1353.0,0,5.0,3.77,8.07
EV120464,2020.0,29568.0,106.0,90.94,0.5015,96.47,77.63,1.0,0.574,3.0,7.6,49.1,55.6,28.96,71.5,52.0,42.1,1255.0,0,3.0,,11.03
EV190835,2021.0,78549.0,178.0,81.13,0.5456,94.24,42.27,4.0,0.238,9.1,26.6,86.5,49.3,18.52,38.3,63.2,47.3,517.0,0,3.0,18.87,5.21
EV122259,2016.0,138691.0,313.0,85.56,0.5227,93.27,63.51,7.0,0.319,20.4,42.5,62.3,52.9,22.31,15.9,60.8,64.3,999.0,0,5.0,14.44,10.17
EV280134,2020.0,44135.0,159.0,88.02,0.4062,95.69,46.76,3.0,0.411,5.0,14.4,72.8,68.0,18.33,41.8,49.4,77.1,928.0,0,3.0,11.98,9.04
EV287559,2016.0,184867.0,442.0,72.88,0.6106,92.54,66.37,8.0,0.929,51.8,65.5,74.7,57.9,26.46,72.2,54.1,0.0,814.0,1,4.0,27.12,9.75
EV229383,2019.0,65202.0,140.0,92.52,0.4273,98.94,85.36,3.0,0.161,14.2,34.5,69.2,55.1,13.84,18.9,65.9,91.1,1263.0,0,2.0,7.48,7.1
EV247917,2017.0,143468.0,266.0,74.55,0.6556,95.22,75.65,3.0,0.18,18.4,54.1,53.9,53.2,23.24,0.5,59.2,69.3,418.0,0,0.0,25.45,8.91
EV111059,2018.0,171044.0,489.0,72.72,0.5444,94.41,54.35,4.0,0.074,19.0,66.3,59.3,72.1,18.33,11.9,40.0,85.8,564.0,0,3.0,27.28,8.37
EV230826,2021.0,74468.0,111.0,94.46,0.4101,97.8,75.84,5.0,0.221,31.0,52.4,86.0,49.8,6.05,10.9,64.6,52.1,1304.0,0,0.0,5.54,5.12
EV224639,2022.0,69767.0,211.0,83.09,0.4387,94.12,46.98,6.0,0.432,20.9,57.1,88.1,65.0,7.8,33.1,44.6,55.3,821.0,0,5.0,16.91,3.96
EV142027,2017.0,70679.0,281.0,80.0,0.5198,92.52,34.62,3.0,0.366,9.4,22.7,63.4,66.9,21.48,62.4,42.5,33.0,739.0,0,3.0,20.0,9.14
EV293606,2024.0,21482.0,138.0,89.6,0.5063,94.98,39.18,4.0,0.622,24.3,49.0,95.0,63.5,6.39,45.2,52.0,9.5,910.0,0,1.0,10.4,2.16
EV199797,2021.0,500.0,76.0,99.03,0.3725,98.52,112.31,1.0,0.483,3.3,7.4,87.9,55.4,3.04,12.8,60.5,64.3,1429.0,0,1.0,0.97,4.93
EV195135,2023.0,31258.0,39.0,99.63,0.4291,97.92,76.58,1.0,0.062,20.4,26.2,77.1,60.4,14.38,29.1,53.9,69.8,1438.0,0,1.0,0.37,2.91
EV120793,2021.0,35692.0,167.0,91.27,0.4797,94.86,60.83,2.0,0.154,7.7,23.6,84.1,53.0,15.44,23.7,63.4,84.6,1229.0,0,2.0,8.73,4.98
EV128311,2020.0,78549.0,3.0,99.8,0.342,97.87,77.99,1.0,0.004,11.3,20.4,79.2,44.5,22.01,4.0,62.9,100.0,1538.0,0,1.0,0.2,6.23
EV146859,2022.0,78549.0,227.0,90.77,0.4853,94.12,64.02,5.0,0.288,20.4,68.5,87.2,39.3,18.36,9.1,75.3,55.0,1159.0,0,1.0,9.23,3.9
EV132901,2019.0,72485.0,237.0,84.46,0.5123,95.65,58.64,2.0,0.418,11.6,47.1,80.1,49.2,18.33,43.2,67.2,53.1,1080.0,0,5.0,15.54,6.91
EV166880,2015.0,127087.0,448.0,76.25,0.6064,94.2,38.3,7.0,0.47,16.2,36.5,42.7,46.0,36.32,63.5,56.9,15.6,848.0,1,1.0,23.75,11.16
EV270870,2016.0,198883.0,522.0,74.94,0.5714,93.85,58.43,7.0,0.175,20.4,47.1,43.3,54.4,29.62,14.3,61.8,68.7,672.0,0,3.0,25.06,9.89
EV113035,2021.0,53160.0,126.0,95.86,0.4631,94.98,63.27,7.0,0.137,22.8,37.7,83.4,44.1,5.24,17.9,62.5,76.9,1295.0,0,2.0,4.14,5.03
EV283289,2018.0,141480.0,241.0,88.03,0.392,94.73,107.74,5.0,0.267,44.8,56.1,57.1,66.4,30.46,50.5,52.5,64.8,1030.0,0,4.0,11.97,7.93
EV114975,2020.0,17210.0,38.0,99.41,0.4282,97.25,82.01,4.0,0.23,7.8,9.8,82.4,39.5,2.56,8.3,72.0,79.8,764.0,0,2.0,0.59,5.79
EV263215,2022.0,127890.0,358.0,80.94,0.5545,92.54,63.34,10.0,0.792,60.8,109.3,78.6,53.9,27.77,51.9,60.0,0.0,904.0,1,7.0,19.06,3.79
EV279995,2024.0,33204.0,93.0,87.61,0.3606,95.41,91.56,6.0,0.293,18.1,48.6,93.5,48.7,12.98,13.4,58.5,47.2,1375.0,0,0.0,1.11,2.13
EV155554,2021.0,50547.0,132.0,89.56,0.4534,96.08,101.1,1.0,0.319,15.7,35.2,69.6,71.9,18.37,41.8,50.3,32.7,970.0,0,2.0,10.44,5.07
EV147199,2024.0,5777.0,27.0,99.06,0.3173,96.27,83.94,1.0,0.282,20.4,8.5,93.9,69.1,1.21,52.2,45.4,76.7,1151.0,0,3.0,0.94,1.81
EV242709,2018.0,78549.0,1313.0,49.56,0.7847,90.33,19.55,12.0,0.417,35.3,105.0,67.2,65.3,38.88,40.2,47.6,38.4,100.0,1,4.0,50.44,8.07
EV228373,2015.0,118997.0,177.0,87.61,0.6055,91.81,91.68,4.0,0.593,14.4,33.5,53.3,57.5,22.87,27.1,59.7,32.3,454.0,0,2.0,22.21,11.14
EV287741,2020.0,137956.0,330.0,79.44,0.4986,95.01,74.52,5.0,0.19,14.8,42.7,51.3,76.9,28.73,27.5,47.1,57.3,663.0,0,4.0,20.56,10.79
EV292694,2018.0,60156.0,183.0,88.56,0.3773,96.14,57.4,1.0,0.572,11.9,24.6,58.3,70.9,15.85,36.1,39.3,37.7,932.0,0,3.0,11.44,7.95
EV230480,2023.0,69640.0,69.0,98.65,0.2972,96.71,95.56,3.0,0.124,32.0,71.8,91.7,72.2,10.05,20.4,47.2,76.5,1121.0,0,0.0,1.35,3.17
EV107869,2016.0,101842.0,334.0,78.06,0.6198,93.23,43.84,9.0,0.377,14.2,36.1,57.4,60.6,25.65,37.1,57.0,59.6,886.0,0,1.0,21.94,9.99
EV225155,2018.0,845.0,54.0,92.25,0.4386,93.69,41.28,1.0,0.467,1.0,3.0,69.9,64.1,13.5,58.7,55.0,60.8,1322.0,0,2.0,7.75,8.1
EV250162,2018.0,168810.0,386.0,83.46,0.5217,96.01,78.38,4.0,0.051,23.8,76.2,70.6,53.2,19.93,20.5,56.1,100.0,896.0,0,4.0,16.54,7.82
EV262277,2022.0,47831.0,197.0,88.24,0.4558,96.9,56.88,4.0,0.228,19.2,36.4,86.8,53.6,16.47,6.8,62.1,92.8,1127.0,0,4.0,11.76,3.9
EV289513,2017.0,85429.0,224.0,72.78,0.6732,93.71,67.43,1.0,0.116,20.4,30.3,49.2,64.7,35.3,29.9,60.1,52.7,428.0,0,2.0,,8.89
EV252334,2015.0,141550.0,281.0,87.01,0.4766,95.94,76.2,5.0,0.26,14.0,40.9,56.5,60.5,14.85,45.2,50.5,71.8,1070.0,0,,12.99,11.15
EV246351,2021.0,69014.0,158.0,77.45,0.6007,93.98,50.41,3.0,0.256,15.1,44.0,87.1,49.6,15.51,37.0,55.5,39.7,477.0,0,2.0,22.55,5.23
EV149643,2020.0,132378.0,289.0,87.98,0.4621,95.76,101.06,4.0,0.46,21.9,75.0,80.5,51.5,9.25,37.2,63.3,36.3,1074.0,0,3.0,12.02,6.05
EV285019,2018.0,156083.0,466.0,66.59,0.5651,90.76,41.74,6.0,0.612,21.6,67.8,58.1,68.1,35.54,33.2,42.8,19.1,481.0,1,2.0,33.41,7.89
EV122175,2024.0,63956.0,185.0,90.92,0.5063,94.54,96.21,8.0,0.258,35.9,92.0,86.0,54.6,13.45,35.9,59.2,42.5,1171.0,0,5.0,9.08,2.01
EV169130,2016.0,69023.0,332.0,84.86,0.4991,94.29,37.67,3.0,0.037,20.8,25.7,63.6,50.4,15.03,7.9,64.4,100.0,959.0,0,0.0,15.14,9.87
EV132688,2016.0,242550.0,767.0,66.83,0.6401,92.72,46.88,12.0,0.347,50.5,47.1,67.9,56.9,29.75,32.0,55.2,49.6,495.0,1,3.0,33.17,10.13
EV163434,2016.0,179651.0,539.0,52.64,0.8601,91.84,37.55,7.0,0.245,41.1,57.7,55.8,58.3,37.64,15.7,57.8,46.9,160.0,1,5.0,47.36,9.95
EV118889,2021.0,81590.0,224.0,71.42,0.7342,91.23,54.94,7.0,0.389,22.2,54.9,71.4,68.8,27.16,70.2,50.2,44.6,396.0,0,1.0,28.58,4.89
EV249847,2018.0,97773.0,237.0,85.52,0.4271,96.61,77.33,2.0,0.374,13.9,44.2,72.3,63.5,13.59,18.5,64.2,86.2,838.0,0,1.0,14.48,7.97
EV168598,2019.0,90219.0,260.0,88.19,0.4897,96.38,55.31,5.0,0.194,14.8,46.2,52.8,47.6,28.62,22.7,63.5,54.8,1063.0,0,4.0,11.81,7.01
EV273853,2022.0,78549.0,1.0,99.8,0.3617,98.05,84.89,4.0,0.332,1.0,3.0,90.5,66.9,10.93,7.4,47.1,42.8,1199.0,0,3.0,0.2,4.07
EV193440,2019.0,2413.0,30.0,95.81,0.4285,96.94,72.54,1.0,0.269,1.0,3.0,72.5,48.1,14.06,52.5,64.5,53.5,1423.0,0,6.0,4.19,6.62
EV219385,2018.0,65376.0,131.0,94.36,0.419,92.87,76.19,4.0,0.306,6.7,47.1,69.7,54.6,9.35,12.0,61.5,28.8,1009.0,0,2.0,5.64,8.17
EV257067,2022.0,27975.0,65.0,91.36,0.4921,94.08,69.69,4.0,0.199,19.9,29.0,78.8,54.4,16.45,50.5,52.9,34.1,1330.0,0,0.0,8.64,3.87
EV149155,2020.0,17461.0,42.0,99.8,0.4054,98.43,119.58,1.0,0.381,11.8,16.3,94.5,56.8,15.74,31.9,63.9,75.6,1445.0,0,4.0,0.2,1.81
EV267524,2015.0,170117.0,362.0,76.66,0.5974,91.85,61.52,4.0,0.542,16.4,55.1,53.5,60.9,31.09,36.4,52.6,14.3,834.0,1,4.0,23.34,10.89
EV278316,2024.0,12964.0,1.0,99.8,0.366,95.42,78.62,2.0,0.141,3.0,9.0,89.1,52.2,8.06,33.2,56.9,89.3,1437.0,0,1.0,0.2,2.13
EV239772,2017.0,186017.0,408.0,73.11,0.5882,94.08,61.48,6.0,0.319,28.2,71.3,73.3,74.6,22.66,33.7,37.7,60.2,571.0,0,6.0,26.89,8.97
EV179824,2016.0,34770.0,60.0,98.25,0.4191,99.26,77.37,2.0,0.055,6.4,14.0,64.7,50.0,16.13,20.7,62.4,72.1,1515.0,0,4.0,1.75,10.01
EV153426,2021.0,59294.0,101.0,90.88,0.4422,97.04,60.55,4.0,0.264,28.6,39.5,82.7,46.5,16.0,22.2,59.1,76.4,1268.0,0,5.0,9.12,4.86
EV205156,2019.0,17333.0,91.0,91.85,0.4434,97.03,64.67,2.0,0.674,3.4,8.0,79.6,58.6,6.65,51.5,54.3,17.8,1311.0,0,3.0,8.15,7.01
EV213626,2024.0,72629.0,209.0,75.86,0.7388,86.93,54.46,11.0,0.622,89.2,112.8,82.4,70.8,22.05,100.0,45.0,0.0,971.0,1,1.0,24.14,1.9
EV188488,2015.0,380970.0,1628.0,46.37,0.9078,90.99,21.99,15.0,0.395,33.7,112.5,56.1,72.1,33.85,30.0,33.3,52.3,0.0,1,3.0,53.63,10.87
EV251572,2024.0,25913.0,79.0,99.19,0.3569,96.44,91.02,7.0,0.128,24.6,47.1,99.2,35.9,5.76,4.2,70.9,81.1,1401.0,0,3.0,0.81,2.27
EV219015,2015.0,404266.0,1074.0,54.88,0.7628,91.8,44.62,14.0,0.547,50.3,120.4,47.6,69.4,42.32,22.9,51.7,5.6,207.0,1,4.0,45.12,11.0
EV198174,2019.0,150196.0,386.0,62.49,0.7389,88.92,46.15,9.0,0.639,29.3,73.9,67.3,90.1,33.36,100.0,32.5,0.0,517.0,1,3.0,37.51,6.91
EV234960,2018.0,59918.0,236.0,87.55,0.4322,94.98,54.51,3.0,0.025,13.5,21.7,60.9,67.3,26.02,9.8,54.7,83.2,866.0,0,2.0,12.45,7.82
EV298858,2018.0,66397.0,289.0,81.96,0.5487,93.56,39.32,4.0,0.213,13.9,25.6,48.5,46.3,17.77,15.9,67.3,49.9,978.0,0,0.0,18.04,7.93
EV226733,2024.0,11401.0,83.0,99.01,0.4194,97.75,67.47,7.0,0.395,20.4,40.6,97.4,49.5,18.33,46.5,62.9,42.3,1391.0,0,3.0,,1.71
EV292878,2021.0,2482.0,1.0,87.61,0.3314,96.29,72.4,2.0,0.068,1.7,47.1,82.9,55.4,15.08,27.9,54.9,95.3,1199.0,0,2.0,0.2,4.95
EV107255,2016.0,281927.0,880.0,61.23,0.6812,91.1,39.98,9.0,0.423,29.7,89.6,73.2,69.6,20.63,47.0,46.6,13.4,410.0,1,2.0,38.77,9.95
EV125782,2019.0,4210.0,62.0,96.61,0.3432,96.88,104.78,1.0,0.377,3.5,8.1,72.8,60.3,15.99,4.0,57.4,67.5,1073.0,0,1.0,3.39,7.22
EV169121,2017.0,78549.0,67.0,98.84,0.4106,96.82,50.76,1.0,0.216,1.4,3.0,66.2,47.8,15.58,16.7,66.3,83.0,1437.0,0,4.0,1.16,8.69
EV166666,2015.0,71225.0,288.0,80.6,0.5218,94.97,33.67,3.0,0.4,7.5,15.9,44.2,61.1,13.64,20.3,45.7,32.9,716.0,0,2.0,19.4,11.18
EV237183,2017.0,58121.0,143.0,93.61,0.4085,95.48,95.69,1.0,0.419,5.8,18.7,57.8,46.4,15.96,38.9,65.3,33.6,1299.0,0,,6.39,8.94
EV205406,2020.0,78736.0,296.0,82.14,0.5474,92.01,41.36,5.0,0.319,20.4,45.8,74.1,62.9,22.54,70.2,49.5,26.0,976.0,0,1.0,17.86,5.76
EV122679,2021.0,15781.0,83.0,98.59,0.3805,97.89,66.13,1.0,0.288,6.7,11.9,87.2,52.1,3.79,44.1,61.4,76.3,1399.0,0,,1.41,
EV285760,2023.0,27782.0,148.0,83.08,0.5898,95.02,37.06,4.0,0.043,24.6,52.4,92.1,56.8,22.84,5.2,58.6,43.5,532.0,0,1.0,16.92,2.83
EV215033,2024.0,20236.0,19.0,97.78,0.397,99.5,101.9,1.0,0.396,7.3,22.0,96.4,49.3,15.61,28.1,65.9,65.4,1487.0,0,4.0,2.22,2.23
EV218406,2016.0,109640.0,464.0,81.79,0.564,94.09,36.5,8.0,0.261,14.7,34.4,61.1,63.3,26.93,33.3,45.5,71.1,845.0,0,0.0,18.21,10.23
EV168500,2017.0,9024.0,1.0,99.8,0.3728,97.99,89.0,1.0,0.405,20.4,3.0,73.2,77.7,11.01,5.2,38.2,57.7,1185.0,0,4.0,0.2,9.01
EV228842,2015.0,172707.0,524.0,74.53,0.6626,92.9,51.29,6.0,0.404,23.0,51.5,54.7,60.8,17.67,27.6,48.7,40.5,729.0,0,5.0,25.47,10.88
EV181068,2016.0,118396.0,383.0,83.22,0.4862,93.77,64.02,3.0,0.151,24.5,37.6,57.1,64.8,21.66,17.4,56.4,52.1,936.0,0,4.0,16.78,10.31
EV179971,2024.0,27262.0,43.0,92.74,0.4198,96.97,49.03,6.0,0.354,18.9,49.0,81.9,69.4,13.52,47.1,49.0,33.9,1047.0,0,0.0,7.26,2.08
EV219284,2016.0,12949.0,214.0,96.24,0.2912,97.14,37.12,3.0,0.323,1.1,3.0,51.3,61.7,19.23,59.0,50.7,72.6,1182.0,0,4.0,3.76,9.77
EV146999,2022.0,26435.0,146.0,92.41,0.419,96.43,71.91,4.0,0.256,17.2,47.1,76.8,44.9,18.33,12.4,69.0,78.5,1283.0,0,1.0,7.59,3.79
EV204131,2017.0,127573.0,524.0,62.29,0.6081,92.74,32.39,3.0,0.157,24.8,51.5,47.3,80.0,39.05,18.1,37.6,85.9,393.0,1,5.0,37.71,8.92
EV110219,2018.0,99697.0,261.0,83.67,0.5289,96.48,60.17,1.0,0.534,16.2,35.6,62.0,55.1,32.04,29.3,56.6,37.7,1047.0,0,3.0,16.33,8.09
EV118726,2023.0,78549.0,41.0,87.61,0.4309,98.02,85.05,1.0,0.109,1.0,3.0,100.0,52.8,9.99,13.4,56.9,95.3,1422.0,0,0.0,0.67,2.84
EV117848,2018.0,80256.0,238.0,86.58,0.5138,94.31,64.02,6.0,0.198,17.7,35.1,63.7,58.1,23.24,24.9,60.5,86.7,1078.0,0,2.0,13.42,8.06
EV200915,2018.0,136359.0,277.0,80.9,0.4831,95.73,66.15,3.0,0.382,27.9,47.1,69.6,59.9,13.91,37.1,50.9,48.3,707.0,0,3.0,19.1,8.35
EV139132,2017.0,54191.0,116.0,91.62,0.3715,92.42,62.89,3.0,0.431,13.4,21.9,77.5,60.4,16.57,36.1,51.4,61.1,971.0,0,1.0,8.38,8.93
EV156355,2017.0,13386.0,41.0,98.67,0.3989,96.4,63.77,1.0,0.119,2.5,4.3,66.3,47.1,15.15,30.5,56.9,71.5,1445.0,0,3.0,1.33,9.14
EV173811,2023.0,2067.0,11.0,99.8,0.3961,98.23,87.59,5.0,0.056,10.6,19.6,85.9,35.5,18.33,4.8,78.2,100.0,795.0,0,0.0,0.2,2.73
EV257410,2018.0,255847.0,617.0,70.27,0.5924,92.69,59.03,1.0,0.797,74.9,109.5,55.4,60.1,37.42,44.0,58.9,0.0,561.0,1,4.0,29.73,8.02
EV235120,2016.0,59003.0,173.0,96.29,0.3796,97.67,54.68,1.0,0.281,7.3,16.9,66.0,52.1,13.57,19.8,58.0,60.7,1265.0,0,2.0,3.71,9.85
EV214570,2016.0,78549.0,55.0,97.19,0.3788,96.38,63.19,1.0,0.204,6.5,12.1,56.6,64.3,13.67,20.8,54.9,88.9,1121.0,0,1.0,2.81,10.01
EV181484,2021.0,54214.0,56.0,90.8,0.5914,95.16,104.2,4.0,0.16,16.6,43.7,87.5,42.1,21.93,36.5,68.5,99.1,653.0,0,,9.2,4.82
EV281859,2024.0,30823.0,132.0,93.13,0.4988,93.77,64.61,9.0,0.319,39.6,72.8,100.0,51.5,8.99,41.3,65.2,21.8,1255.0,0,2.0,6.87,2.02
EV260042,2015.0,94992.0,252.0,86.21,0.5136,94.98,61.32,4.0,0.221,9.0,27.4,55.3,59.2,30.57,35.4,49.4,77.8,1047.0,0,4.0,13.79,10.92
EV130031,2021.0,105025.0,446.0,73.73,0.6447,93.87,36.99,8.0,0.606,27.0,69.1,67.7,61.6,30.19,63.6,57.3,0.0,790.0,0,1.0,26.27,5.03
EV173634,2017.0,2255.0,36.0,89.44,0.5061,92.54,72.85,3.0,0.116,1.5,3.0,55.8,78.4,21.92,69.7,46.3,77.2,996.0,0,4.0,10.56,8.85
EV214260,2018.0,139952.0,454.0,78.72,0.5665,94.22,49.57,6.0,0.337,25.2,57.0,71.2,50.7,28.44,13.9,58.7,56.3,806.0,0,5.0,21.28,8.38
EV168999,2015.0,99338.0,287.0,86.28,0.4831,96.68,54.66,5.0,0.167,11.5,28.3,57.8,56.1,21.43,33.4,59.1,99.7,1071.0,0,1.0,13.72,10.98
EV186056,2019.0,288621.0,833.0,61.72,0.6824,94.98,49.68,12.0,0.618,69.8,141.8,73.3,56.8,30.49,55.9,42.4,0.0,443.0,1,1.0,38.28,6.77
EV209607,2023.0,56813.0,62.0,97.64,0.4212,94.98,86.22,5.0,0.37,18.6,57.8,93.6,48.8,13.29,18.5,64.6,52.1,1418.0,0,0.0,2.36,3.01
EV252571,2017.0,500.0,20.0,99.8,0.3105,97.46,78.86,1.0,0.049,1.5,3.0,66.1,59.8,13.12,33.2,52.5,91.5,1202.0,0,2.0,0.2,8.99
EV106010,2022.0,110599.0,249.0,70.76,0.7114,92.29,63.4,6.0,0.177,51.0,98.5,85.8,53.1,25.34,48.1,60.8,24.8,388.0,0,2.0,29.24,3.92
EV159011,2016.0,116886.0,214.0,79.08,0.6582,93.6,62.25,3.0,0.556,21.5,34.4,49.9,52.5,29.7,78.7,62.9,0.0,999.0,0,4.0,20.92,9.89
EV157915,2019.0,240770.0,791.0,66.21,0.6918,92.05,37.79,12.0,0.452,48.5,113.7,62.4,57.1,18.33,57.1,56.1,33.0,507.0,1,4.0,33.79,7.1
EV283009,2016.0,317684.0,694.0,59.46,0.5765,90.53,52.66,7.0,0.447,44.5,105.3,65.9,69.2,27.37,40.3,47.7,7.8,263.0,1,4.0,40.54,9.88
EV118972,2022.0,67183.0,196.0,88.71,0.4429,94.32,64.02,5.0,0.255,17.9,49.8,91.6,63.4,16.19,35.8,52.6,50.3,886.0,0,2.0,11.29,3.96
EV238212,2020.0,16035.0,34.0,90.71,0.535,93.16,64.02,2.0,0.477,1.0,3.0,67.3,50.6,10.01,42.9,59.4,59.8,667.0,0,1.0,9.29,6.03
EV153544,2024.0,28178.0,214.0,92.89,0.4334,93.86,82.0,3.0,0.468,30.6,52.3,85.2,44.1,16.09,30.8,70.9,17.0,1293.0,0,3.0,7.11,2.1
EV129957,2021.0,28730.0,93.0,90.74,0.4498,93.29,58.98,2.0,0.453,4.7,8.7,81.8,49.9,17.2,52.4,61.2,41.4,1259.0,0,3.0,9.26,4.61
EV213947,2024.0,87678.0,261.0,86.24,0.4985,94.33,57.95,9.0,0.634,36.9,100.5,78.1,49.3,17.19,43.7,59.7,0.0,1038.0,0,2.0,13.76,2.45
EV281326,2017.0,171781.0,426.0,87.61,0.6544,91.69,66.23,6.0,0.238,43.1,69.9,55.8,71.2,23.59,62.8,42.7,47.0,803.0,0,2.0,22.42,9.01
EV138480,2017.0,294468.0,629.0,44.63,0.8799,87.89,40.87,8.0,0.46,41.1,110.8,50.7,68.4,41.29,43.9,50.1,18.2,69.0,1,2.0,55.37,9.03
EV198549,2023.0,29480.0,150.0,93.71,0.5063,96.07,74.26,1.0,0.159,11.0,30.1,97.8,43.0,15.61,31.7,59.7,93.1,1277.0,0,,6.29,2.76
EV142627,2022.0,82547.0,246.0,88.32,0.4815,95.09,74.28,5.0,0.436,37.6,57.2,81.0,50.9,12.72,64.8,63.7,37.9,1098.0,0,,11.68,3.85
EV261210,2024.0,36967.0,214.0,87.61,0.396,97.38,81.6,2.0,0.28,24.1,45.7,93.5,46.3,4.85,21.9,71.3,68.1,1422.0,0,6.0,0.39,1.97
EV217850,2020.0,78549.0,42.0,98.95,0.5063,98.05,61.83,3.0,0.319,4.1,7.1,60.8,49.0,27.0,0.9,66.2,73.3,1487.0,0,,1.05,5.88
EV106787,2020.0,60529.0,217.0,82.31,0.5558,95.46,72.45,4.0,0.415,16.6,29.9,56.0,61.7,24.56,24.5,61.7,54.4,1078.0,0,0.0,17.69,5.92
EV268012,2017.0,49372.0,128.0,94.96,0.4052,96.23,82.33,2.0,0.291,8.4,22.4,63.2,53.5,11.82,9.5,64.6,78.1,1305.0,0,3.0,5.04,8.89
EV202510,2015.0,22588.0,60.0,94.67,0.4379,96.82,87.3,1.0,0.507,1.0,3.0,38.4,53.5,30.53,30.7,58.6,58.0,1371.0,0,1.0,5.33,11.08
EV193474,2022.0,4588.0,1.0,99.8,0.4141,97.19,96.29,4.0,0.237,5.1,16.4,94.0,49.3,9.51,16.4,66.8,52.2,1453.0,0,5.0,0.2,4.02
EV252834,2021.0,500.0,1.0,90.67,0.5092,94.18,80.52,1.0,0.126,4.6,5.5,70.2,58.3,15.31,56.6,55.6,87.4,1376.0,0,0.0,9.33,5.41
EV201105,2017.0,39344.0,48.0,98.81,0.2966,96.16,93.23,1.0,0.063,4.6,13.7,63.0,49.3,5.23,25.5,67.5,83.0,1171.0,0,1.0,1.19,9.1
EV105606,2021.0,164235.0,422.0,76.08,0.5828,93.1,61.32,10.0,0.688,31.3,105.1,70.5,70.8,28.14,58.0,40.1,0.0,819.0,0,1.0,23.92,4.97
EV219040,2023.0,50997.0,203.0,86.98,0.4958,96.67,70.42,7.0,0.491,22.2,68.6,92.5,47.6,10.81,43.3,65.9,45.1,1147.0,0,1.0,13.02,2.98
EV292295,2019.0,55874.0,119.0,92.73,0.3804,95.8,87.29,1.0,0.064,16.6,31.2,83.1,59.8,14.85,19.4,56.9,90.8,1011.0,0,1.0,7.27,6.73
EV293515,2015.0,289479.0,1400.0,87.61,0.8461,86.82,19.13,17.0,0.408,33.0,86.6,54.9,65.3,175.728,33.2,44.5,5.5,37.0,1,4.0,52.99,10.77
EV153389,2019.0,169968.0,346.0,83.8,0.537,94.08,71.45,10.0,0.483,39.0,84.0,60.9,48.4,30.03,12.4,56.9,26.2,971.0,0,3.0,16.2,7.15
EV284246,2021.0,40840.0,80.0,99.8,0.3687,96.56,90.7,1.0,0.219,4.6,13.2,72.8,54.4,9.45,24.3,58.2,86.0,1389.0,0,3.0,0.2,5.13
EV124466,2015.0,218983.0,828.0,67.62,0.6476,94.98,35.61,11.0,0.349,52.1,66.3,50.3,66.9,31.0,35.2,52.4,46.8,466.0,1,5.0,32.38,10.79
EV268639,2020.0,68112.0,199.0,91.34,0.3977,96.39,56.27,1.0,0.066,21.2,45.7,77.0,66.1,16.23,31.9,48.0,89.5,908.0,0,6.0,8.66,6.08
EV265261,2019.0,95144.0,231.0,85.68,0.3939,93.63,77.4,3.0,0.305,18.9,44.2,84.8,68.8,17.04,30.8,41.9,38.4,853.0,0,4.0,14.32,6.99
EV235321,2020.0,68654.0,189.0,92.28,0.4633,98.64,70.6,3.0,0.266,27.3,40.7,86.0,49.2,10.58,33.2,59.2,97.6,1030.0,0,,7.72,5.8
EV122941,2017.0,242140.0,598.0,65.77,0.6121,93.6,64.2,3.0,0.845,43.7,89.8,58.5,69.8,30.53,77.7,37.5,10.0,571.0,1,2.0,34.23,8.93
EV217939,2024.0,14798.0,42.0,99.17,0.3977,96.26,41.65,6.0,0.322,10.5,19.8,100.0,49.6,12.92,38.5,56.6,25.9,1364.0,0,3.0,0.83,1.86
EV133280,2022.0,69324.0,122.0,98.28,0.417,95.09,64.02,2.0,0.209,28.0,56.9,93.4,53.2,10.68,20.9,57.4,73.3,1329.0,0,4.0,1.72,4.05
EV242120,2017.0,76342.0,270.0,87.61,0.507,95.3,54.33,3.0,0.212,14.2,47.1,55.3,52.3,29.81,42.1,57.4,60.8,1028.0,0,3.0,15.02,9.22
EV259879,2016.0,402183.0,691.0,65.92,0.709,91.43,75.49,10.0,0.564,44.3,132.4,59.3,71.1,18.33,47.3,43.4,27.7,501.0,1,1.0,34.08,9.89
EV197043,2017.0,125074.0,572.0,71.13,0.6285,93.93,31.5,3.0,0.158,13.5,43.0,72.8,67.8,26.22,22.6,46.8,53.7,614.0,0,,28.87,8.93
EV175037,2020.0,76495.0,253.0,89.31,0.4802,95.92,56.07,3.0,0.528,14.6,44.0,72.6,54.4,12.5,14.9,58.0,30.3,1123.0,0,,10.69,5.9
EV184730,2018.0,5625.0,1.0,99.8,0.3592,97.47,62.69,1.0,0.234,1.2,3.0,61.8,53.0,12.6,33.2,65.8,87.6,1597.0,0,2.0,0.2,7.9
EV254102,2020.0,194135.0,387.0,63.65,0.7233,91.29,57.68,5.0,0.501,78.4,98.8,65.6,78.9,16.9,79.4,39.0,0.0,572.0,1,2.0,36.35,6.1
EV207121,2019.0,224990.0,507.0,75.36,0.5758,95.93,57.94,11.0,0.483,42.0,106.7,82.7,50.8,22.27,36.8,60.2,51.3,775.0,0,2.0,24.64,7.15
EV101680,2024.0,15404.0,1.0,99.8,0.371,96.92,95.82,4.0,0.066,11.6,19.5,79.5,48.8,22.79,43.6,63.4,88.5,1519.0,0,3.0,0.2,
EV190208,2018.0,158461.0,472.0,79.34,0.4882,93.21,50.17,6.0,0.33,18.9,62.5,70.5,58.5,27.35,41.4,54.2,49.5,819.0,0,3.0,20.66,7.95
EV280871,2022.0,52060.0,199.0,84.9,0.4726,94.98,66.19,3.0,0.535,17.5,40.0,76.3,43.2,27.87,38.6,65.7,36.7,1102.0,0,1.0,15.1,3.91
EV117650,2021.0,48778.0,53.0,96.81,0.3379,96.3,97.12,5.0,0.417,9.6,33.0,80.8,65.3,13.57,38.9,55.6,64.6,1114.0,0,3.0,3.19,4.96
EV102556,2019.0,91522.0,271.0,84.07,0.4721,95.06,63.68,1.0,0.212,14.1,47.1,80.8,70.6,18.65,7.2,58.7,60.1,782.0,0,6.0,15.93,7.04
EV218170,2015.0,85621.0,239.0,88.37,0.3707,96.24,53.16,5.0,0.254,7.9,26.1,37.2,63.7,24.83,18.2,51.9,89.8,863.0,0,1.0,11.63,11.08
EV142620,2015.0,129152.0,427.0,79.86,0.5088,94.74,53.97,1.0,0.085,23.0,39.5,42.8,52.8,17.9,6.4,63.5,84.7,833.0,0,2.0,20.14,11.02
EV235479,2021.0,112002.0,214.0,84.46,0.4999,94.0,85.46,8.0,0.525,33.0,69.4,87.4,67.5,11.71,21.0,53.3,0.0,860.0,0,3.0,15.54,4.9
EV174079,2023.0,74763.0,183.0,87.53,0.4319,96.18,71.79,7.0,0.602,25.3,83.4,91.2,69.1,6.26,63.6,44.4,14.8,1188.0,0,5.0,12.47,2.87
EV145212,2016.0,22162.0,66.0,99.19,0.3644,99.16,93.74,2.0,0.168,1.0,3.0,45.8,42.0,17.89,30.6,74.5,86.1,1030.0,0,3.0,0.81,9.89
EV254310,2020.0,102472.0,191.0,90.84,0.4724,94.85,81.7,4.0,0.449,49.8,77.1,74.9,44.7,10.53,43.0,62.3,42.6,1228.0,0,1.0,9.16,4.87
EV232627,2022.0,96783.0,292.0,87.61,0.5018,91.81,43.75,11.0,0.319,26.2,81.6,78.9,58.7,20.49,28.5,51.3,0.0,674.0,0,4.0,22.44,4.22
EV275376,2017.0,222614.0,570.0,69.92,0.574,93.24,66.24,4.0,0.354,29.6,75.5,54.3,63.1,35.08,48.2,48.3,31.3,647.0,1,1.0,30.08,9.01
EV146247,2019.0,43752.0,140.0,79.1,0.625,94.58,52.52,2.0,0.319,8.1,16.3,83.6,51.8,13.53,20.9,54.7,45.6,509.0,0,3.0,20.9,7.05
EV129336,2017.0,86625.0,226.0,83.53,0.4959,95.34,63.7,3.0,0.25,10.8,33.9,55.8,70.9,22.45,46.3,53.3,73.9,773.0,0,2.0,16.47,8.79
EV220355,2018.0,168672.0,492.0,69.83,0.6508,92.42,48.48,8.0,0.538,22.7,72.0,68.8,58.7,20.28,84.4,50.6,40.1,754.0,1,2.0,30.17,7.72
EV239500,2024.0,30896.0,154.0,92.09,0.4597,98.11,36.6,4.0,0.211,12.1,39.5,82.9,52.2,14.6,21.2,56.9,71.7,1213.0,0,4.0,7.91,2.28
EV258618,2019.0,96385.0,247.0,83.16,0.536,95.11,64.36,2.0,0.286,13.3,46.6,68.9,52.8,19.08,19.1,61.6,64.6,1019.0,0,2.0,16.84,7.29
EV141260,2023.0,20206.0,119.0,95.35,0.3236,97.45,37.04,4.0,0.065,13.8,29.8,88.9,55.2,12.17,0.0,55.2,100.0,1037.0,0,4.0,4.65,
EV265589,2021.0,17991.0,145.0,94.43,0.4475,94.52,79.67,1.0,0.315,6.0,11.1,80.7,35.4,5.51,7.2,71.9,37.6,1301.0,0,3.0,,4.95
EV103663,2020.0,5257.0,1.0,99.8,0.4004,97.26,42.99,1.0,0.583,1.0,47.1,82.4,48.3,6.92,26.9,58.4,26.9,1507.0,0,2.0,0.2,5.94
EV196522,2016.0,69294.0,180.0,88.7,0.3928,95.66,81.73,1.0,0.282,10.8,21.4,72.8,64.5,15.87,33.2,48.7,69.8,865.0,0,3.0,11.3,9.78
EV125370,2023.0,35209.0,65.0,91.7,0.5063,95.25,87.23,3.0,0.275,23.8,46.4,85.9,43.5,10.43,48.0,67.5,31.8,672.0,0,2.0,8.3,3.1
EV131912,2024.0,19358.0,86.0,87.61,0.3313,95.34,48.09,3.0,0.361,16.7,39.3,92.8,57.3,17.24,39.5,60.5,78.9,1382.0,0,6.0,4.5,2.19
EV220771,2015.0,216358.0,471.0,71.98,0.5921,93.05,58.84,5.0,0.319,34.5,68.6,50.9,57.8,29.41,59.0,60.6,0.0,746.0,1,3.0,28.02,10.72
EV137679,2015.0,302022.0,637.0,58.84,0.6007,91.94,61.65,4.0,0.769,31.9,91.8,50.7,82.6,40.67,70.2,35.8,0.0,1030.0,1,2.0,41.16,10.87
EV110126,2016.0,90618.0,340.0,85.66,0.5059,95.15,56.33,3.0,0.283,18.6,30.6,60.5,52.2,21.55,9.2,60.7,44.5,975.0,0,2.0,14.34,10.06
EV277655,2018.0,71795.0,152.0,92.58,0.4672,95.81,70.51,2.0,0.428,20.4,36.1,72.4,49.4,15.22,27.5,54.5,59.3,1247.0,0,1.0,7.42,7.91
EV195983,2015.0,182096.0,406.0,79.32,0.55,93.7,65.3,4.0,0.303,16.4,54.2,51.2,55.2,23.4,18.3,53.6,71.8,884.0,0,0.0,20.68,
EV142508,2017.0,164506.0,518.0,87.61,0.5212,93.92,48.59,5.0,0.255,44.5,47.1,64.2,70.9,21.13,29.5,47.2,58.7,484.0,0,3.0,30.89,9.1
EV238273,2024.0,31465.0,107.0,96.94,0.4146,96.84,72.33,5.0,0.312,9.5,24.2,84.7,40.9,12.89,14.0,66.5,47.4,1331.0,0,3.0,3.06,1.71
EV207935,2019.0,15258.0,67.0,98.16,0.4044,95.86,64.02,1.0,0.319,2.1,3.0,66.8,39.8,11.28,21.5,70.3,64.3,1400.0,0,2.0,1.84,
EV224395,2022.0,78198.0,74.0,96.97,0.4428,95.6,90.51,4.0,0.409,19.3,58.6,86.1,52.6,6.61,43.5,52.2,49.1,1424.0,0,5.0,,3.97
EV202646,2016.0,69727.0,222.0,92.8,0.447,96.14,58.86,1.0,0.147,7.7,26.3,61.6,46.2,7.04,20.3,61.9,61.5,1196.0,0,1.0,7.2,10.33
EV262213,2024.0,15428.0,71.0,98.22,0.5063,95.17,64.18,1.0,0.482,18.2,30.0,100.0,49.3,13.25,33.2,63.5,51.3,1436.0,0,2.0,,1.75
EV259266,2023.0,78072.0,298.0,84.99,0.5176,94.98,53.32,11.0,0.535,28.3,98.4,76.8,55.1,18.69,48.4,50.2,27.6,1100.0,0,2.0,15.01,2.79
EV123332,2017.0,223430.0,214.0,72.27,0.623,93.51,62.44,4.0,0.682,28.7,84.2,62.2,62.3,13.08,24.1,51.0,6.5,729.0,1,3.0,27.73,8.92
EV294636,2023.0,78549.0,169.0,89.24,0.5063,93.61,89.35,3.0,0.548,43.6,54.0,90.5,55.3,9.66,33.2,56.9,28.7,1030.0,0,0.0,10.76,2.83
EV158548,2023.0,90173.0,288.0,86.33,0.5803,95.5,62.48,7.0,0.223,27.1,88.7,88.7,55.9,17.96,9.2,57.6,30.8,1000.0,0,1.0,13.67,3.0
EV209382,2022.0,116378.0,356.0,77.45,0.6331,96.6,51.98,9.0,0.653,34.4,100.6,76.3,62.5,24.39,33.2,39.7,52.1,906.0,1,5.0,22.55,
EV107361,2020.0,217637.0,675.0,61.18,0.6566,90.6,36.41,16.0,0.66,50.0,115.7,80.5,66.9,29.77,38.4,52.8,0.0,478.0,1,7.0,38.82,6.11
EV231395,2022.0,86916.0,259.0,84.82,0.537,94.82,60.86,4.0,0.55,24.2,57.7,78.2,51.2,15.32,69.4,60.2,30.2,1053.0,0,1.0,15.18,3.95
EV247548,2016.0,72473.0,293.0,77.14,0.465,94.86,41.35,1.0,0.525,16.2,22.3,57.0,65.7,14.37,24.1,48.1,43.0,690.0,0,1.0,22.86,10.18
EV265323,2018.0,181185.0,539.0,77.33,0.539,95.08,52.52,4.0,0.226,35.1,73.6,57.0,64.4,25.33,15.0,53.2,55.4,742.0,0,1.0,22.67,8.22
EV135918,2017.0,78549.0,353.0,78.3,0.5203,92.39,47.16,4.0,0.157,12.2,40.7,63.9,75.6,27.94,34.0,43.1,77.3,663.0,0,4.0,21.7,9.06
EV277178,2015.0,50851.0,214.0,90.53,0.3789,95.82,53.99,1.0,0.139,4.8,12.6,47.8,63.1,19.99,17.0,53.5,66.0,953.0,0,5.0,9.47,11.22
EV132020,2024.0,78549.0,106.0,92.64,0.4393,95.73,58.49,6.0,0.306,45.5,62.7,91.7,49.1,10.56,76.1,66.4,62.5,1304.0,0,1.0,7.36,2.02
EV260923,2021.0,37964.0,118.0,88.49,0.4324,96.46,64.02,2.0,0.271,9.1,22.5,80.2,53.0,11.7,0.0,66.3,76.8,1190.0,0,2.0,11.51,4.88
EV235455,2019.0,60344.0,171.0,93.91,0.4489,95.32,59.04,1.0,0.069,6.8,23.1,68.1,56.8,16.52,16.3,54.3,81.5,1209.0,0,1.0,6.09,
EV272304,2024.0,78549.0,17.0,99.8,0.5063,95.47,83.97,1.0,0.211,1.0,3.0,90.4,42.1,5.56,32.4,64.6,68.3,1030.0,0,3.0,0.2,2.06
EV125483,2017.0,1919.0,22.0,97.47,0.3329,94.98,65.27,1.0,0.321,1.0,3.0,62.6,65.9,11.82,29.0,45.4,43.4,1129.0,0,2.0,2.53,9.04
EV125882,2017.0,78549.0,357.0,75.78,0.4943,91.94,49.78,5.0,0.211,21.6,39.6,64.4,60.2,21.5,58.3,56.2,67.5,659.0,0,2.0,24.22,8.83
EV155803,2022.0,18485.0,33.0,96.84,0.4109,95.1,85.79,1.0,0.584,3.6,9.1,82.0,44.0,11.22,24.4,55.2,4.1,1372.0,0,2.0,3.16,3.96
EV175965,2023.0,59396.0,181.0,87.08,0.3746,95.49,66.09,6.0,0.391,37.2,62.1,82.6,64.6,18.33,42.4,43.1,25.6,883.0,0,1.0,12.92,
EV197557,2022.0,90214.0,350.0,79.32,0.5807,93.16,50.88,10.0,0.667,30.0,74.5,86.1,56.8,14.59,32.6,61.8,27.5,933.0,0,1.0,20.68,3.95
EV161582,2022.0,85901.0,239.0,84.85,0.4848,95.96,55.15,9.0,0.521,43.5,73.5,85.0,46.6,18.01,52.2,65.0,35.3,1050.0,0,2.0,15.15,4.12
EV236949,2018.0,78549.0,217.0,89.19,0.4662,93.41,93.3,5.0,0.486,24.0,51.5,43.8,61.0,18.33,50.2,49.1,15.2,1140.0,0,4.0,10.81,8.13
EV276788,2020.0,78549.0,457.0,72.64,0.6532,92.77,36.86,6.0,0.259,21.4,57.6,69.8,66.2,19.69,44.2,53.7,44.7,765.0,0,2.0,27.36,6.08
EV175707,2016.0,48980.0,107.0,87.61,0.3532,95.01,95.58,5.0,0.356,4.6,13.3,50.2,53.5,24.23,1.6,59.8,62.6,1373.0,0,2.0,2.39,9.88
EV179079,2016.0,41786.0,132.0,92.06,0.3268,96.63,75.61,3.0,0.306,4.4,15.3,52.1,56.8,7.56,19.7,54.3,64.6,1005.0,0,0.0,7.94,9.89
EV210813,2024.0,11435.0,1.0,99.8,0.3904,97.73,72.98,1.0,0.257,14.6,19.6,90.7,52.0,8.11,16.6,57.3,71.8,1463.0,0,4.0,0.2,1.91
EV125246,2019.0,2844.0,1.0,96.86,0.4708,96.62,69.54,1.0,0.393,6.6,10.2,72.6,32.7,17.5,30.3,75.1,49.4,757.0,0,2.0,,7.07
EV209833,2015.0,78549.0,246.0,64.83,0.8863,90.7,49.59,1.0,0.086,8.9,28.0,47.9,70.1,27.5,56.7,48.4,35.2,381.0,1,4.0,35.17,11.22
EV127532,2020.0,97689.0,441.0,77.26,0.6763,94.74,64.02,6.0,0.085,19.9,50.6,65.7,56.8,26.88,32.4,58.1,66.9,806.0,0,4.0,22.74,5.84
EV164782,2016.0,292089.0,553.0,71.7,0.6308,93.72,73.96,9.0,0.49,45.2,97.3,49.3,57.8,38.49,33.2,62.2,14.9,693.0,1,3.0,28.3,10.03
EV184029,2019.0,500.0,1.0,99.8,0.4199,97.19,71.06,3.0,0.338,1.0,3.0,72.8,33.4,2.5,35.3,71.9,60.1,792.0,0,0.0,0.2,6.94
EV225018,2016.0,79655.0,295.0,84.78,0.4735,96.58,44.86,4.0,0.365,14.5,26.0,44.9,57.9,26.39,33.2,59.4,70.1,1034.0,0,2.0,15.22,10.06
EV148872,2018.0,126094.0,434.0,75.83,0.5196,92.47,47.1,8.0,0.319,20.0,55.0,69.3,61.7,25.04,60.1,52.7,25.6,821.0,0,4.0,24.17,8.03
EV185237,2015.0,322789.0,732.0,40.32,0.9647,88.67,35.67,6.0,0.279,52.5,94.9,45.0,68.7,44.36,52.4,55.3,52.1,29.0,1,2.0,59.68,11.08
EV190857,2019.0,124169.0,417.0,80.43,0.5351,94.91,64.02,8.0,0.119,19.1,61.1,74.5,61.8,19.53,5.8,50.9,63.1,822.0,0,3.0,19.57,7.1
EV120429,2024.0,44054.0,211.0,88.76,0.4773,95.83,64.02,10.0,0.246,27.0,58.7,89.8,67.0,25.83,66.2,49.5,85.7,865.0,0,4.0,11.24,1.95
EV208645,2021.0,54363.0,214.0,95.86,0.4261,96.56,70.73,7.0,0.198,15.3,34.4,70.0,40.4,10.19,47.7,70.6,78.1,1311.0,0,1.0,4.14,4.96
EV225518,2024.0,44528.0,93.0,87.01,0.5803,96.25,77.35,5.0,0.596,28.8,67.3,83.5,42.6,18.78,41.2,68.7,45.6,629.0,0,3.0,12.99,2.09
EV201754,2023.0,4254.0,38.0,93.03,0.4835,96.13,89.51,1.0,0.198,1.0,3.0,84.6,46.3,15.87,39.8,64.4,81.5,1385.0,0,2.0,6.97,3.14
EV178247,2022.0,51260.0,119.0,96.25,0.435,94.62,123.45,1.0,0.334,32.0,58.1,72.8,42.3,8.84,13.7,67.3,42.8,1294.0,0,1.0,3.75,4.0
EV290058,2022.0,36924.0,127.0,92.52,0.4427,94.93,63.19,4.0,0.259,12.7,35.6,81.2,46.3,12.23,27.9,59.5,55.5,1276.0,0,1.0,7.48,4.02
EV148289,2017.0,176820.0,564.0,71.69,0.5527,95.4,48.27,2.0,0.089,26.1,72.6,68.3,68.8,25.39,0.0,50.4,88.6,456.0,0,7.0,,8.86
EV107211,2015.0,149810.0,204.0,88.27,0.4761,92.25,107.39,2.0,0.506,23.2,48.1,37.4,52.6,23.84,26.0,60.5,32.3,1122.0,0,2.0,11.73,10.98
EV268833,2023.0,25801.0,89.0,94.63,0.3973,97.54,48.33,5.0,0.612,10.7,24.2,88.1,48.6,14.32,56.9,58.9,18.9,1349.0,0,1.0,5.37,2.76
EV268864,2016.0,16516.0,124.0,88.45,0.4705,94.4,38.35,2.0,0.214,1.0,3.0,67.7,49.4,13.29,22.1,56.9,65.6,1252.0,0,2.0,11.55,9.96
EV291753,2020.0,22285.0,176.0,77.81,0.7042,91.32,34.39,4.0,0.319,20.4,18.3,73.6,68.9,25.2,99.4,44.4,30.5,1056.0,1,0.0,22.19,
EV174200,2015.0,45459.0,138.0,91.09,0.4916,96.53,63.58,3.0,0.244,5.2,17.0,72.8,62.0,20.22,47.2,56.9,68.1,1221.0,0,6.0,8.91,10.97
EV206307,2020.0,74842.0,161.0,91.46,0.5063,94.98,87.21,4.0,0.603,22.0,41.5,70.6,53.3,24.89,43.3,52.5,19.0,1245.0,0,3.0,8.54,6.22
EV208213,2020.0,24571.0,85.0,90.51,0.5422,95.39,55.73,4.0,0.077,8.5,13.9,85.7,54.9,14.4,36.9,56.3,98.9,638.0,0,1.0,9.49,6.04
EV156195,2021.0,63630.0,332.0,79.44,0.4725,93.26,34.54,7.0,0.156,27.8,35.3,81.1,69.3,20.86,21.0,47.0,26.7,702.0,0,3.0,20.56,5.11
EV170235,2021.0,118595.0,251.0,83.97,0.5373,93.32,75.9,10.0,0.506,27.7,71.4,77.1,57.2,17.57,30.2,58.6,15.1,998.0,0,6.0,16.03,5.05
EV199736,2024.0,78549.0,75.0,99.8,0.3556,97.36,62.39,6.0,0.112,7.2,13.5,84.1,43.2,7.81,37.1,67.9,70.2,1445.0,0,2.0,0.2,1.91
EV128920,2018.0,103485.0,207.0,91.22,0.4488,96.89,75.31,2.0,0.43,13.4,41.9,83.1,49.2,10.54,14.8,65.1,48.9,1158.0,0,1.0,8.78,7.65
EV143101,2018.0,124368.0,311.0,77.81,0.5185,95.7,56.71,4.0,0.235,18.4,54.0,60.6,68.8,32.96,68.7,40.4,68.1,708.0,0,1.0,22.19,7.99
EV131843,2019.0,174934.0,394.0,76.97,0.5784,94.94,72.0,3.0,0.5,27.9,87.3,80.4,52.1,24.41,18.9,58.3,33.1,801.0,0,3.0,23.03,6.86
EV116977,2018.0,197515.0,662.0,47.09,0.9188,87.73,26.78,9.0,0.723,27.1,83.7,71.1,82.5,27.53,54.6,39.1,0.0,49.0,1,4.0,52.91,8.06
EV147456,2020.0,96952.0,313.0,76.35,0.5722,90.7,50.79,6.0,0.041,27.6,49.9,78.3,77.6,17.05,53.7,37.5,60.5,675.0,0,5.0,23.65,6.08
EV169074,2015.0,124868.0,376.0,81.13,0.5906,94.8,49.89,2.0,0.259,18.9,38.8,49.6,64.1,30.76,9.1,49.5,57.5,894.0,0,4.0,18.87,11.11
EV120681,2017.0,5013.0,49.0,99.8,0.4223,97.15,72.61,2.0,0.152,3.7,5.5,67.9,45.3,12.87,16.4,60.8,49.9,1422.0,0,2.0,0.2,9.01
EV271931,2022.0,54632.0,214.0,80.76,0.5453,96.02,60.81,4.0,0.579,39.9,47.1,85.5,51.1,16.21,32.2,63.3,26.4,1030.0,0,3.0,19.24,4.1
EV163665,2016.0,43305.0,81.0,99.22,0.3678,97.99,102.21,1.0,0.111,6.0,15.4,56.7,42.9,16.56,27.1,77.0,64.9,1415.0,0,0.0,0.78,9.83
EV151947,2015.0,192237.0,475.0,75.32,0.6148,94.22,59.22,3.0,0.241,41.9,58.4,62.8,50.2,25.96,43.9,61.2,37.1,759.0,0,3.0,24.68,11.05
EV191310,2020.0,110784.0,189.0,86.99,0.5109,93.9,69.16,2.0,0.22,30.3,57.5,77.0,52.7,23.3,42.8,56.1,71.4,1179.0,0,2.0,13.01,6.02
EV247938,2018.0,141618.0,323.0,79.55,0.4673,94.89,63.27,6.0,0.217,24.0,66.7,72.6,67.3,19.74,39.4,52.2,78.8,681.0,0,3.0,20.45,7.84
EV281115,2022.0,55187.0,195.0,83.89,0.4503,93.04,47.94,6.0,0.517,46.8,60.6,74.4,73.0,10.02,30.5,43.0,36.8,805.0,0,3.0,16.11,3.9
EV118515,2017.0,162995.0,618.0,72.05,0.6296,91.99,39.74,4.0,0.518,25.0,56.7,73.6,56.6,19.95,38.1,59.1,15.1,627.0,1,7.0,27.95,8.86
EV260408,2015.0,181108.0,568.0,67.89,0.5838,94.36,44.18,7.0,0.188,16.3,54.2,50.0,71.2,31.74,15.5,41.8,45.8,449.0,1,9.0,32.11,11.02
EV165696,2020.0,52610.0,10.0,97.64,0.376,97.35,84.56,1.0,0.4,14.6,34.4,62.7,42.3,16.53,17.2,66.1,49.8,1461.0,0,2.0,2.36,6.16
EV130003,2022.0,57766.0,99.0,92.56,0.3685,95.73,84.36,1.0,0.286,18.9,47.1,82.7,56.8,8.46,14.5,55.1,52.1,1049.0,0,3.0,7.44,3.84
EV184081,2018.0,296870.0,819.0,61.52,0.6422,90.71,44.22,7.0,0.448,39.2,124.9,62.7,57.4,18.33,34.0,54.2,6.9,415.0,1,2.0,38.48,8.08
EV126506,2020.0,90759.0,233.0,91.34,0.4578,95.74,83.72,3.0,0.319,18.2,55.2,89.5,50.4,7.01,38.2,68.5,40.0,1208.0,0,2.0,8.66,6.0
EV260411,2019.0,23930.0,59.0,96.85,0.4356,96.89,56.46,1.0,0.172,9.2,13.0,74.8,44.3,9.14,17.5,71.3,66.0,1398.0,0,0.0,3.15,7.2
EV188015,2018.0,84372.0,57.0,98.27,0.4432,94.9,117.87,4.0,0.154,11.0,32.7,64.4,51.7,20.42,6.2,60.9,74.2,1402.0,0,2.0,1.73,8.16
EV162074,2021.0,27010.0,54.0,99.63,0.3667,95.97,76.87,3.0,0.379,12.6,26.4,89.7,44.2,12.18,50.5,62.6,57.5,1432.0,0,1.0,0.37,5.12
EV225429,2020.0,139842.0,734.0,48.96,0.8831,90.49,18.8,8.0,0.116,20.6,44.1,60.2,67.8,36.18,0.0,48.5,35.7,32.0,1,3.0,51.04,10.03
EV140455,2021.0,9924.0,76.0,95.46,0.5063,96.14,96.21,2.0,0.56,4.2,8.6,75.9,59.4,18.13,43.2,54.5,25.3,1090.0,0,1.0,4.54,4.84
EV173827,2016.0,79320.0,161.0,91.19,0.5063,95.13,79.4,2.0,0.286,10.7,31.4,54.1,51.6,18.33,26.5,58.0,50.7,1258.0,0,5.0,8.81,10.04
EV218442,2020.0,45007.0,101.0,89.13,0.4154,95.94,69.27,1.0,0.319,7.2,21.3,67.9,67.0,21.95,31.0,54.9,33.7,986.0,0,3.0,10.87,6.2
EV247531,2022.0,18702.0,76.0,94.89,0.4604,96.02,57.37,4.0,0.476,7.2,23.9,95.2,47.5,10.52,33.1,65.4,41.9,1333.0,0,2.0,5.11,3.97
EV167727,2016.0,129288.0,243.0,80.2,0.6317,92.62,92.86,1.0,0.05,20.3,45.5,53.3,68.2,20.57,30.1,50.3,50.8,1010.0,0,,19.8,9.92
EV133920,2022.0,31781.0,54.0,95.84,0.3732,94.39,71.02,4.0,0.661,11.8,34.5,79.6,67.3,21.4,66.1,42.0,29.7,1087.0,0,2.0,4.16,4.19
EV295986,2022.0,48962.0,46.0,95.93,0.39,96.08,121.03,2.0,0.742,25.1,46.6,91.3,47.5,17.55,40.3,57.9,17.2,1392.0,0,1.0,,3.92
EV160045,2023.0,78549.0,140.0,94.73,0.3949,96.32,64.36,2.0,0.484,7.4,25.8,80.9,39.2,16.73,17.3,75.2,54.2,1276.0,0,1.0,5.27,2.92
EV283133,2021.0,49525.0,44.0,99.8,0.3945,98.06,77.99,2.0,0.144,11.0,27.7,82.7,51.6,14.32,0.0,57.8,100.0,1419.0,0,1.0,0.2,5.13
EV295569,2022.0,66244.0,249.0,87.92,0.5281,96.12,53.85,5.0,0.175,16.2,56.3,85.7,47.9,16.0,18.5,69.6,95.7,1143.0,0,2.0,12.08,3.98
EV192567,2019.0,132522.0,241.0,82.31,0.5371,94.98,70.82,6.0,0.583,30.7,63.5,63.5,56.8,26.54,38.5,56.9,32.4,1078.0,0,1.0,17.69,6.97
EV299375,2015.0,138435.0,509.0,81.47,0.5196,92.56,48.97,3.0,0.319,27.0,39.5,55.9,65.8,22.47,33.4,48.3,52.1,819.0,0,3.0,18.53,11.1
EV231262,2020.0,60555.0,146.0,92.17,0.4266,98.06,95.74,1.0,0.11,18.5,31.2,68.1,57.1,21.88,39.1,54.5,82.2,1261.0,0,4.0,7.83,6.25
EV209537,2021.0,2143.0,1.0,99.71,0.3578,95.83,90.99,4.0,0.415,3.3,10.1,77.4,50.1,14.86,0.0,61.8,48.1,1559.0,0,4.0,0.29,5.26
EV276409,2022.0,49688.0,119.0,86.99,0.4868,94.98,68.56,6.0,0.478,18.8,39.9,79.4,61.2,9.73,40.0,56.7,48.7,903.0,0,0.0,13.01,3.76
EV293205,2017.0,305594.0,540.0,68.98,0.6795,93.09,74.37,4.0,0.656,33.4,112.2,69.7,54.7,28.28,63.9,55.2,0.0,602.0,1,2.0,31.02,8.82
EV264122,2015.0,500.0,59.0,95.35,0.441,96.19,78.29,4.0,0.057,2.1,3.0,43.2,61.3,29.13,40.3,52.0,67.4,1387.0,0,1.0,4.65,
EV150623,2021.0,40054.0,166.0,87.81,0.4098,95.64,66.69,1.0,0.221,14.9,23.3,69.9,72.9,29.17,40.9,48.2,87.1,932.0,0,3.0,12.19,5.09
EV195091,2020.0,239237.0,913.0,34.45,0.9799,86.67,17.8,11.0,0.697,29.8,85.2,65.6,67.0,34.12,52.3,44.0,0.0,0.0,1,6.0,65.55,9.0
EV121902,2021.0,38299.0,53.0,99.8,0.3669,99.01,119.54,1.0,0.582,6.4,19.2,78.5,46.1,18.59,35.3,68.1,54.9,1448.0,0,3.0,,5.1
EV224654,2020.0,128650.0,308.0,92.17,0.4483,98.31,74.07,6.0,0.271,44.9,71.4,81.2,55.7,12.19,33.2,66.1,79.6,1137.0,0,3.0,7.83,5.95
EV219947,2022.0,70097.0,152.0,91.43,0.4321,96.1,68.82,3.0,0.428,26.9,59.4,87.9,51.0,16.37,38.6,59.0,75.7,1262.0,0,3.0,8.57,4.1
EV172728,2024.0,15841.0,1.0,97.66,0.4429,98.78,51.17,4.0,0.492,33.5,43.1,88.2,60.1,9.8,55.7,52.1,12.0,1470.0,0,,2.34,1.72
EV132387,2019.0,48814.0,148.0,93.54,0.4484,97.58,88.66,1.0,0.343,8.4,21.4,69.7,53.1,12.41,27.4,62.4,52.1,1259.0,0,3.0,6.46,7.19
EV164275,2023.0,71015.0,263.0,85.98,0.4899,94.98,60.58,10.0,0.264,39.5,85.5,96.8,55.1,16.85,40.9,53.8,51.1,1097.0,0,,14.02,2.92
EV169423,2021.0,1283.0,55.0,98.72,0.4517,96.66,33.97,1.0,0.166,1.2,3.0,81.3,52.0,15.67,7.4,51.9,93.0,1476.0,0,3.0,,5.17
EV271478,2017.0,55627.0,166.0,89.45,0.4846,95.47,57.02,1.0,0.215,6.4,21.9,62.1,50.9,27.99,18.8,57.1,86.3,1204.0,0,2.0,10.55,8.75
EV283340,2017.0,146010.0,234.0,88.01,0.4925,95.27,100.33,4.0,0.242,21.3,49.8,64.0,54.0,19.06,14.5,54.7,66.1,1152.0,0,3.0,11.99,9.1
EV213252,2024.0,17046.0,62.0,96.5,0.4443,95.28,73.03,3.0,0.349,8.9,26.8,94.4,53.1,7.85,41.2,61.7,60.9,1353.0,0,4.0,3.5,1.99
EV298857,2021.0,84956.0,328.0,80.41,0.5103,94.43,43.86,6.0,0.461,44.8,58.9,83.1,60.6,8.33,48.3,60.8,35.1,911.0,0,1.0,19.59,5.1
EV191153,2016.0,199475.0,515.0,70.66,0.6882,93.9,55.81,7.0,0.642,29.6,71.4,62.4,69.9,24.86,45.1,50.3,20.1,672.0,0,1.0,29.34,9.86
EV257085,2022.0,2158.0,1.0,99.74,0.4095,96.65,70.15,4.0,0.137,1.0,3.0,84.5,42.7,13.41,0.0,63.9,52.2,1489.0,0,2.0,0.26,4.01
EV101516,2016.0,149706.0,254.0,82.06,0.4619,96.16,64.02,7.0,0.312,23.5,45.0,61.2,67.5,18.33,4.3,46.6,70.7,767.0,0,6.0,17.94,10.08
EV205269,2020.0,2430.0,8.0,99.76,0.4291,96.82,89.53,1.0,0.319,1.0,3.0,52.4,47.9,23.35,65.0,61.0,41.6,1533.0,0,0.0,0.24,5.72
EV278986,2017.0,91829.0,229.0,90.16,0.4246,95.97,70.91,4.0,0.346,20.3,37.4,65.7,44.0,9.72,21.3,62.1,57.5,1148.0,0,1.0,9.84,8.75
EV282449,2024.0,78549.0,214.0,95.67,0.3555,94.98,48.19,3.0,0.246,20.4,36.7,91.6,60.3,12.84,0.0,59.8,71.2,1053.0,0,3.0,4.33,1.96
EV292534,2021.0,45973.0,138.0,93.46,0.4104,95.89,60.99,8.0,0.16,12.2,39.0,90.1,51.6,8.66,7.2,64.7,61.9,1296.0,0,2.0,6.54,4.82
EV201227,2020.0,77353.0,202.0,85.58,0.4531,93.85,88.76,3.0,0.364,27.1,33.4,68.9,67.3,21.62,62.1,47.9,58.2,820.0,0,5.0,14.42,7.03
EV195564,2017.0,252696.0,744.0,60.24,0.7589,87.62,43.75,7.0,0.594,44.2,95.1,55.7,84.7,43.2,78.4,56.9,0.0,434.0,1,5.0,39.76,8.98
EV258826,2021.0,63251.0,147.0,93.68,0.5063,96.84,63.66,1.0,0.217,12.3,37.6,72.9,52.4,23.34,46.8,60.5,46.0,1284.0,0,,6.32,4.8
EV204219,2016.0,116873.0,303.0,81.22,0.5416,92.73,55.48,4.0,0.499,16.2,37.2,63.5,56.8,15.68,57.5,57.8,15.7,975.0,0,3.0,18.78,9.8
EV241579,2018.0,222545.0,555.0,72.75,0.5972,93.31,62.37,7.0,0.369,74.7,97.1,65.2,57.8,20.2,41.4,56.4,1.4,678.0,1,2.0,27.25,7.72
EV174674,2019.0,3706.0,1.0,90.84,0.445,93.58,66.58,2.0,0.319,1.0,47.1,53.3,73.6,24.79,33.2,47.2,4.3,1089.0,1,2.0,9.16,6.68
EV291785,2021.0,7148.0,125.0,91.94,0.5194,96.84,45.36,1.0,0.482,17.2,21.3,84.8,50.5,17.61,53.0,58.4,29.7,1214.0,0,2.0,8.06,4.59
EV172184,2019.0,16643.0,153.0,90.91,0.4287,97.65,66.53,2.0,0.255,3.2,10.5,62.6,58.6,27.23,13.4,56.5,48.9,1197.0,0,4.0,9.09,7.11
EV266673,2024.0,11306.0,30.0,99.8,0.3396,95.71,77.32,1.0,0.284,1.8,5.4,86.2,60.8,3.47,37.4,58.2,60.9,1141.0,0,3.0,0.2,2.3
EV182245,2023.0,78549.0,174.0,88.07,0.4127,95.23,43.17,9.0,0.516,23.8,41.6,91.1,68.2,6.2,36.4,54.4,32.6,925.0,0,1.0,11.93,3.18
EV174618,2020.0,64628.0,178.0,90.44,0.4836,94.08,62.21,1.0,0.209,26.4,38.7,72.8,50.9,18.33,33.6,52.3,77.7,1230.0,0,1.0,9.56,5.94
EV126788,2021.0,30265.0,43.0,99.8,0.3297,97.71,65.14,4.0,0.221,7.7,23.3,73.7,55.5,12.04,39.3,63.3,79.7,1167.0,0,2.0,0.2,4.72
EV258052,2015.0,24458.0,113.0,92.55,0.4538,96.14,70.73,2.0,0.496,3.2,10.3,63.9,50.1,18.49,41.2,68.5,28.0,1337.0,0,1.0,7.45,11.09
EV149275,2024.0,9659.0,28.0,99.8,0.4222,96.11,90.63,3.0,0.066,7.6,22.7,86.6,57.8,9.13,16.4,51.0,91.5,1428.0,0,3.0,0.2,2.12
EV105558,2020.0,232603.0,890.0,56.02,0.8718,89.26,29.14,7.0,0.581,40.2,74.1,55.4,79.3,39.22,83.9,39.0,13.6,350.0,1,1.0,43.98,9.99
EV115197,2016.0,274946.0,601.0,62.89,0.5857,90.55,53.05,10.0,0.639,47.1,47.1,62.5,79.1,29.22,41.2,41.8,0.0,402.0,1,4.0,37.11,10.03
EV267045,2024.0,39821.0,178.0,86.41,0.4759,95.78,45.59,10.0,0.391,39.0,73.5,100.0,53.2,11.62,16.6,59.8,47.7,1116.0,0,3.0,13.59,1.97
EV293776,2020.0,88992.0,390.0,82.87,0.4969,93.49,31.97,7.0,0.206,23.5,44.6,72.1,51.4,26.76,23.6,68.2,52.1,926.0,0,5.0,17.13,5.85
EV252735,2015.0,150266.0,518.0,76.58,0.5341,94.53,43.4,4.0,0.395,13.1,41.3,53.3,48.3,12.13,38.5,54.1,48.2,786.0,0,2.0,23.42,11.09
EV141540,2018.0,140860.0,557.0,66.0,0.6206,93.09,64.02,6.0,0.34,20.6,57.5,63.9,71.9,24.93,35.6,50.7,36.0,473.0,0,5.0,34.0,7.58
EV226490,2020.0,235916.0,705.0,63.19,0.7845,94.98,43.31,6.0,0.485,27.5,85.1,64.9,75.3,25.98,85.5,46.2,0.0,419.0,1,2.0,36.81,8.91
EV249903,2015.0,380429.0,1290.0,37.91,1.0178,86.05,22.51,16.0,0.479,31.6,109.8,72.1,70.7,36.88,19.9,45.2,1.2,0.0,1,,62.09,11.22
EV203339,2020.0,44981.0,130.0,92.29,0.3896,96.46,64.02,4.0,0.189,8.8,24.6,81.5,49.5,2.49,0.0,61.5,74.6,1244.0,0,2.0,7.71,6.04
EV131442,2020.0,91558.0,196.0,87.09,0.4233,96.13,81.77,6.0,0.372,40.5,54.2,78.5,63.8,10.71,10.3,49.1,69.6,898.0,0,3.0,12.91,5.95
EV153350,2015.0,5146.0,1.0,99.8,0.4129,96.03,105.6,1.0,0.203,1.9,5.2,68.4,55.1,18.33,44.3,62.9,63.4,1178.0,0,4.0,0.2,11.11
EV286209,2019.0,44476.0,337.0,81.49,0.5119,92.71,25.34,6.0,0.117,9.7,22.0,76.2,47.0,24.51,44.8,63.4,67.5,934.0,0,,18.51,6.64
EV164560,2019.0,12085.0,20.0,99.8,0.4219,97.85,86.15,3.0,0.146,6.6,47.1,75.7,48.6,6.37,4.1,68.5,80.4,766.0,0,0.0,0.2,7.06
EV110882,2018.0,122861.0,355.0,64.68,0.8323,90.84,40.29,11.0,0.252,32.9,50.2,74.9,79.8,32.47,53.7,35.2,14.0,294.0,1,2.0,35.32,7.83
EV160294,2016.0,101878.0,468.0,78.2,0.5306,93.95,36.05,5.0,0.41,21.3,32.2,66.3,56.1,20.27,26.3,56.3,32.9,803.0,0,2.0,21.8,9.84
EV119164,2019.0,169856.0,214.0,75.23,0.6405,92.62,51.58,8.0,0.335,35.3,86.7,81.5,60.8,16.53,33.2,56.4,52.1,779.0,0,2.0,24.77,6.77
EV162780,2017.0,84425.0,166.0,93.47,0.467,95.58,67.66,1.0,0.063,22.8,27.5,63.2,46.9,20.13,24.7,58.1,59.3,1260.0,0,4.0,6.53,8.9
EV125855,2020.0,70566.0,113.0,90.93,0.4433,95.18,102.53,3.0,0.143,22.2,47.1,83.1,56.8,9.62,47.7,59.4,53.0,968.0,0,1.0,9.07,6.24
EV248317,2020.0,76103.0,227.0,84.42,0.4823,95.76,52.46,5.0,0.168,17.0,38.9,72.8,56.5,12.4,30.0,62.0,92.3,1030.0,0,1.0,15.58,6.11
EV120179,2016.0,78549.0,344.0,80.72,0.5191,92.06,92.21,4.0,0.438,20.8,63.2,68.6,53.8,14.12,23.4,53.0,30.0,937.0,0,2.0,19.28,9.94
EV109643,2022.0,93553.0,150.0,87.53,0.4275,97.97,108.71,6.0,0.237,49.4,78.0,75.7,65.1,17.09,49.4,52.0,60.9,889.0,0,1.0,12.47,4.06
EV279786,2023.0,82034.0,138.0,88.48,0.4295,95.97,85.18,3.0,0.234,33.4,73.6,100.0,64.0,17.38,34.9,52.4,81.0,954.0,0,1.0,11.52,3.11
EV114317,2021.0,42109.0,78.0,97.23,0.4564,94.98,64.02,5.0,0.288,14.3,47.1,77.2,47.6,13.85,33.2,67.6,79.3,1384.0,0,2.0,2.77,4.91
EV245033,2019.0,3409.0,57.0,99.8,0.3503,97.48,73.37,2.0,0.249,1.0,3.0,63.6,55.5,16.74,14.7,64.5,86.4,1138.0,0,2.0,0.2,7.16
EV103455,2019.0,81856.0,195.0,93.26,0.4119,97.04,59.57,3.0,0.212,15.0,38.7,80.9,50.2,12.35,15.2,58.3,79.1,1186.0,0,3.0,6.74,7.16
EV200618,2022.0,55306.0,99.0,91.5,0.3658,96.03,70.33,4.0,0.396,15.4,47.2,78.4,63.9,9.35,0.9,54.6,65.7,1000.0,0,7.0,8.5,3.99
EV246594,2020.0,116583.0,404.0,74.73,0.5602,94.1,47.0,6.0,0.705,56.0,68.8,72.8,60.2,19.52,56.4,54.8,17.6,828.0,1,3.0,25.27,5.8
EV238294,2019.0,231317.0,543.0,72.21,0.6343,92.06,67.46,5.0,0.431,38.7,110.9,67.7,60.0,22.22,62.4,55.6,0.0,1030.0,1,3.0,27.79,7.03
EV180157,2021.0,160054.0,465.0,68.85,0.5922,92.57,43.96,12.0,0.627,45.8,105.4,58.0,82.4,30.3,24.4,39.4,1.7,481.0,0,3.0,31.15,4.96
EV179855,2022.0,78549.0,14.0,99.8,0.34,97.59,93.43,1.0,0.302,1.7,3.0,78.5,60.9,5.6,45.8,54.2,74.0,1158.0,0,0.0,0.2,4.23
EV223266,2015.0,96749.0,122.0,93.53,0.4586,94.16,93.43,3.0,0.11,18.5,28.4,39.6,54.2,21.58,35.5,50.2,70.8,1291.0,0,6.0,6.47,11.13
EV152516,2015.0,242269.0,589.0,68.96,0.609,93.01,55.46,1.0,0.376,31.9,73.6,53.2,64.5,34.04,41.7,56.9,16.3,675.0,1,3.0,31.04,10.87
EV202811,2015.0,436443.0,1355.0,43.42,0.7261,88.11,27.65,15.0,0.676,42.0,133.1,53.5,56.8,34.28,55.5,46.2,0.0,0.0,1,2.0,56.58,
EV295851,2023.0,145382.0,369.0,65.77,0.6283,88.47,57.78,18.0,0.377,57.1,154.0,74.7,91.1,31.83,69.5,31.2,0.0,596.0,1,5.0,,3.23
EV256692,2016.0,191977.0,379.0,59.22,0.8145,92.99,58.44,3.0,0.353,23.0,63.9,62.0,60.7,34.96,52.3,60.8,25.3,243.0,1,5.0,40.78,10.2
EV130397,2015.0,73703.0,269.0,77.37,0.4999,93.89,59.48,5.0,0.469,7.4,23.1,44.3,72.5,32.46,63.8,43.0,44.1,1030.0,0,1.0,22.63,10.79
EV207773,2020.0,101125.0,205.0,82.43,0.5116,94.76,62.24,10.0,0.727,37.0,49.5,71.4,57.7,25.9,57.0,59.3,0.0,1085.0,0,0.0,17.57,5.83
EV148075,2021.0,113469.0,486.0,77.72,0.6443,95.87,36.06,10.0,0.271,25.4,78.3,70.1,53.2,35.55,22.3,61.3,0.0,805.0,0,3.0,22.28,5.11
EV155494,2018.0,54174.0,123.0,92.34,0.4263,94.98,56.29,1.0,0.346,11.1,19.8,67.1,45.0,20.48,46.6,58.7,60.8,1298.0,0,2.0,7.66,8.24
EV258592,2024.0,1621.0,10.0,99.8,0.4072,95.01,109.95,1.0,0.531,21.1,37.2,82.7,49.6,18.09,48.0,65.0,23.0,1514.0,0,2.0,0.2,2.13
EV268760,2020.0,66931.0,133.0,88.61,0.442,95.66,73.08,1.0,0.374,10.2,35.3,86.2,64.7,22.09,4.1,46.3,25.6,1030.0,0,4.0,11.39,5.82
EV131209,2019.0,133440.0,299.0,81.95,0.5393,93.68,72.37,7.0,0.289,32.7,62.1,81.8,55.2,23.17,56.8,57.8,63.7,995.0,0,1.0,18.05,6.9
EV240974,2020.0,47971.0,60.0,99.24,0.4277,97.05,94.73,4.0,0.335,10.9,19.7,72.8,53.4,6.88,32.6,55.7,53.8,1430.0,0,5.0,0.76,6.11
EV140439,2024.0,20709.0,63.0,96.27,0.5063,97.4,99.02,3.0,0.135,18.0,33.7,99.2,61.4,7.61,24.1,52.2,62.8,1052.0,0,1.0,3.73,
EV253586,2020.0,79559.0,272.0,83.22,0.5499,94.3,49.23,5.0,0.614,17.0,46.2,80.7,48.7,23.25,52.2,64.2,0.0,1038.0,0,3.0,16.78,5.9
EV208290,2020.0,18090.0,101.0,97.05,0.3514,96.0,45.69,1.0,0.195,4.7,10.3,67.8,59.1,6.63,16.3,59.2,85.4,1067.0,0,0.0,2.95,6.21
EV133755,2019.0,30398.0,52.0,87.61,0.3516,98.04,89.12,1.0,0.16,4.7,16.2,82.4,43.9,18.33,27.8,64.1,49.3,1394.0,0,0.0,0.64,6.9
EV230965,2017.0,500.0,1.0,99.8,0.3717,95.46,77.27,1.0,0.243,1.4,3.0,66.9,46.6,4.77,7.1,67.4,50.7,1458.0,0,1.0,0.2,
EV239137,2015.0,185359.0,467.0,75.77,0.5865,94.86,62.54,2.0,0.31,28.2,54.8,45.1,56.3,34.99,0.0,61.4,53.7,777.0,0,4.0,24.23,10.85
EV274334,2023.0,34068.0,108.0,94.84,0.4955,96.39,47.3,7.0,0.212,24.2,42.0,83.3,55.9,14.61,47.6,58.2,78.7,1316.0,0,1.0,5.16,3.11
EV221667,2023.0,24937.0,15.0,99.8,0.4006,98.04,64.18,5.0,0.536,20.4,41.8,75.3,64.9,18.33,25.8,51.9,42.7,1167.0,0,3.0,0.2,2.88
EV228649,2019.0,171610.0,421.0,56.05,0.8868,90.37,42.35,5.0,0.545,22.3,75.4,72.8,70.5,33.15,31.0,45.6,0.0,209.0,1,5.0,43.95,6.97
EV133906,2024.0,40840.0,133.0,95.73,0.3837,98.41,65.85,8.0,0.534,37.4,76.3,84.9,52.5,11.14,31.8,59.7,35.3,1295.0,0,3.0,4.27,2.03
EV265653,2020.0,21815.0,42.0,99.8,0.5063,98.05,102.58,2.0,0.319,1.5,3.0,76.6,43.6,5.94,22.9,67.1,59.8,1449.0,0,1.0,0.2,5.81
EV131344,2018.0,138846.0,345.0,79.28,0.5869,93.19,63.36,3.0,0.474,41.3,51.7,55.4,66.8,27.42,36.4,54.2,21.7,895.0,1,6.0,20.72,8.34
EV111877,2024.0,10776.0,83.0,87.61,0.3182,96.93,39.15,6.0,0.255,9.8,25.3,89.0,57.4,5.08,38.6,55.0,74.1,1106.0,0,0.0,2.57,1.95
EV262852,2021.0,35848.0,120.0,92.16,0.4314,95.19,55.13,6.0,0.244,21.4,34.1,83.9,67.2,18.2,22.5,45.5,93.8,1007.0,0,1.0,7.84,4.9
EV136572,2016.0,133807.0,552.0,72.07,0.5682,91.58,41.88,4.0,0.431,32.4,42.0,58.3,64.2,26.95,57.5,54.9,12.6,677.0,1,6.0,27.93,10.41
EV104397,2020.0,98062.0,249.0,86.42,0.5021,98.19,58.22,4.0,0.272,33.3,45.7,91.7,55.3,12.25,41.0,50.7,47.1,1083.0,0,2.0,13.58,6.02
EV141491,2015.0,3499.0,50.0,98.06,0.4143,95.81,93.93,1.0,0.045,1.4,3.0,72.8,42.3,31.34,16.4,69.6,100.0,1386.0,0,3.0,1.94,11.09
EV208884,2023.0,54154.0,140.0,92.48,0.4262,97.27,76.3,2.0,0.32,24.3,55.6,95.2,48.0,4.17,53.2,58.5,82.3,1305.0,0,0.0,7.52,3.12
EV182736,2017.0,500.0,1.0,99.8,0.3596,95.74,93.32,2.0,0.336,1.4,3.0,63.5,61.1,8.52,12.4,61.0,57.3,1213.0,0,1.0,0.2,8.98
EV260415,2024.0,16626.0,54.0,98.21,0.3507,94.98,73.05,3.0,0.289,11.3,47.1,99.8,56.8,12.55,12.9,50.8,55.5,1136.0,0,2.0,1.79,2.26
EV260983,2021.0,34303.0,61.0,99.8,0.3943,97.12,85.52,1.0,0.062,10.3,25.6,81.9,40.1,7.66,8.8,74.6,73.4,1489.0,0,1.0,0.2,4.89
EV272577,2019.0,73469.0,197.0,82.79,0.5573,93.96,57.45,2.0,0.133,14.2,37.9,57.3,56.8,17.62,33.2,59.3,72.9,1056.0,0,3.0,17.21,7.17
EV187369,2022.0,42871.0,224.0,77.39,0.6359,94.86,31.43,6.0,0.316,17.9,40.2,82.6,50.5,17.31,1.3,64.1,60.3,465.0,0,2.0,22.61,4.15
EV195475,2018.0,212528.0,805.0,56.52,0.5956,88.45,29.31,9.0,0.787,35.8,87.7,66.7,93.6,28.7,78.0,29.6,0.0,194.0,1,2.0,43.48,8.05
EV123781,2015.0,173788.0,392.0,74.8,0.4389,92.3,67.74,5.0,0.339,23.4,49.7,46.3,80.1,32.96,40.2,44.6,54.2,601.0,0,1.0,25.2,11.19
EV233279,2017.0,173092.0,681.0,60.41,0.6666,91.02,29.17,8.0,0.392,18.4,58.7,57.0,69.7,36.54,48.3,44.0,0.0,292.0,1,0.0,39.59,8.98
EV272366,2024.0,15849.0,38.0,99.8,0.3879,96.93,83.42,2.0,0.057,20.4,18.2,100.0,52.4,8.93,27.3,63.2,100.0,1535.0,0,4.0,,2.01
EV168348,2022.0,42723.0,278.0,84.43,0.5027,94.49,25.26,8.0,0.317,22.4,45.3,88.8,58.5,22.77,36.6,53.8,61.5,1030.0,0,4.0,15.57,3.83
EV197298,2019.0,22731.0,31.0,99.8,0.4049,96.95,74.9,1.0,0.083,1.3,3.0,76.8,40.5,13.38,0.0,77.1,82.6,1465.0,0,1.0,0.2,6.85
EV188577,2019.0,210185.0,891.0,39.9,0.9885,87.53,19.88,13.0,0.646,30.3,98.9,50.6,68.7,45.64,29.7,51.9,52.1,0.0,1,1.0,60.1,7.08
EV250185,2019.0,166281.0,460.0,74.1,0.5773,91.37,61.95,5.0,0.307,28.4,72.7,73.9,64.3,26.95,24.4,54.7,23.2,524.0,0,2.0,25.9,6.99
EV195744,2022.0,500.0,13.0,97.48,0.4432,96.37,62.07,2.0,0.427,1.0,3.0,93.6,47.5,5.29,77.6,70.0,46.0,1451.0,0,1.0,2.52,4.15
EV184438,2022.0,69229.0,190.0,87.14,0.5323,94.22,95.61,1.0,0.344,19.8,49.4,88.8,59.3,17.55,32.2,48.0,12.5,1111.0,0,6.0,12.86,3.85
EV146356,2021.0,147670.0,334.0,83.31,0.5435,94.01,70.24,7.0,0.287,43.2,104.5,81.1,60.3,20.94,51.4,50.3,56.3,925.0,0,1.0,16.69,4.59
EV139700,2021.0,57838.0,139.0,82.27,0.6197,94.28,69.94,5.0,0.411,21.6,36.3,77.2,50.7,18.02,32.1,57.2,63.3,571.0,0,2.0,17.73,5.07
EV126835,2018.0,193278.0,463.0,72.2,0.6099,94.97,58.93,10.0,0.526,25.2,79.2,73.9,53.5,25.23,36.3,52.4,27.9,757.0,0,2.0,27.8,8.15
EV270572,2017.0,40044.0,121.0,87.61,0.4011,96.54,93.13,1.0,0.106,5.1,47.1,74.2,49.0,11.12,21.2,62.1,100.0,1382.0,0,1.0,0.43,9.13
EV206718,2024.0,41038.0,153.0,91.03,0.3847,97.17,68.74,4.0,0.244,17.7,54.0,100.0,58.4,18.33,13.4,56.0,83.2,889.0,0,1.0,8.97,1.98
EV131858,2017.0,14441.0,13.0,99.8,0.3944,97.29,63.9,1.0,0.105,1.3,3.0,68.9,45.4,17.01,2.2,64.0,100.0,1512.0,0,2.0,0.2,9.05
EV206574,2016.0,255114.0,699.0,42.92,0.9118,89.73,30.38,9.0,0.671,55.0,89.0,45.9,65.0,59.22,39.5,45.7,0.0,23.0,1,0.0,57.08,9.88
EV220608,2017.0,78549.0,718.0,67.67,0.6234,92.15,44.47,8.0,0.767,37.2,99.7,70.6,66.7,24.29,59.9,45.2,20.5,551.0,1,2.0,32.33,9.05
EV130668,2021.0,71438.0,153.0,94.82,0.3982,98.15,72.68,9.0,0.081,25.1,47.8,76.5,68.1,17.99,18.3,47.7,78.7,1014.0,0,3.0,5.18,4.97
EV125773,2024.0,18820.0,13.0,99.8,0.3939,96.69,94.97,2.0,0.019,30.9,40.6,81.5,55.8,24.96,27.5,53.2,52.1,1504.0,0,3.0,0.2,2.05
EV197099,2021.0,67498.0,269.0,87.93,0.5139,94.89,56.38,6.0,0.325,16.5,47.3,67.3,49.1,18.33,40.6,61.5,58.3,1082.0,0,2.0,12.07,5.17
EV183624,2022.0,29350.0,219.0,92.37,0.4794,96.75,28.27,3.0,0.133,7.3,22.2,79.4,52.3,12.82,15.3,53.8,76.6,1135.0,0,5.0,7.63,3.94
EV150492,2020.0,56428.0,217.0,91.47,0.539,94.97,48.23,4.0,0.445,18.3,32.9,76.1,50.2,2.118,42.2,57.1,45.8,1167.0,0,1.0,8.53,6.13
EV276493,2015.0,134521.0,345.0,81.78,0.498,94.98,73.97,6.0,0.067,21.5,47.1,55.5,47.2,18.41,10.7,63.8,57.3,1030.0,0,,18.22,10.77
EV111724,2017.0,271518.0,817.0,64.48,0.6614,92.21,44.22,13.0,0.367,41.3,104.0,61.7,64.0,31.59,34.7,46.7,34.7,1030.0,1,1.0,35.52,9.01
EV269087,2015.0,70317.0,199.0,83.43,0.435,95.48,75.32,1.0,0.249,8.1,47.1,39.3,73.0,34.5,23.2,43.5,75.1,838.0,0,5.0,16.57,11.08
EV108256,2019.0,142994.0,535.0,69.13,0.6541,92.85,37.23,4.0,0.392,27.3,47.1,62.3,75.5,24.88,45.4,44.0,40.2,664.0,0,2.0,30.87,7.06
EV285962,2020.0,112093.0,268.0,81.38,0.4298,91.33,69.11,4.0,0.153,25.3,58.8,76.0,63.2,15.13,19.4,51.9,62.0,773.0,0,5.0,18.62,5.96
EV259104,2015.0,101048.0,329.0,87.48,0.4431,94.28,52.31,3.0,0.18,11.1,30.6,62.9,45.7,11.76,17.4,62.7,50.5,1019.0,0,3.0,12.52,10.88
EV275682,2024.0,500.0,15.0,99.2,0.3651,96.05,83.42,2.0,0.319,1.3,47.1,83.5,66.2,6.8,0.0,52.5,61.2,1163.0,0,3.0,0.8,2.02
EV236667,2018.0,174934.0,471.0,56.72,0.8283,92.29,44.07,8.0,0.822,47.0,69.0,74.5,63.0,42.2,46.5,55.3,0.0,197.0,1,2.0,43.28,8.19
EV120645,2020.0,131477.0,345.0,86.24,0.5113,94.13,63.81,4.0,0.29,25.1,85.4,72.8,56.8,22.28,35.3,59.0,37.9,981.0,0,2.0,13.76,5.0
EV220056,2018.0,152783.0,214.0,87.61,0.5063,96.29,72.9,3.0,0.697,20.4,63.0,76.7,68.1,17.55,63.9,51.4,30.9,752.0,0,4.0,21.21,8.11
EV102159,2018.0,72015.0,226.0,87.11,0.4157,96.96,73.66,1.0,0.157,21.4,31.7,80.4,62.1,19.88,5.1,56.3,77.3,842.0,0,,12.89,
EV111081,2015.0,165273.0,513.0,74.92,0.5678,92.92,45.68,5.0,0.145,21.9,50.1,51.0,60.5,27.8,0.0,53.9,51.0,759.0,0,4.0,25.08,10.92
EV188347,2016.0,38743.0,82.0,97.11,0.3789,97.12,56.75,2.0,0.185,3.9,10.5,66.1,49.6,18.61,0.0,65.2,65.3,1424.0,0,,,9.67
EV191380,2024.0,27742.0,151.0,91.98,0.4575,96.17,73.6,1.0,0.073,14.7,30.1,85.2,58.7,10.58,13.4,51.5,65.1,1248.0,0,3.0,8.02,1.99
EV196492,2020.0,20330.0,100.0,95.79,0.4626,95.75,72.22,1.0,0.576,4.8,9.9,89.7,51.1,11.74,49.3,62.1,16.5,1322.0,0,2.0,4.21,6.12
EV129564,2021.0,168280.0,547.0,72.57,0.7111,92.57,48.67,10.0,0.453,49.7,103.4,84.9,70.4,24.84,92.0,39.5,0.0,665.0,1,2.0,27.43,5.11
EV102051,2015.0,195308.0,526.0,87.61,0.5396,92.62,53.87,6.0,0.311,20.4,61.4,53.0,65.2,34.31,22.5,54.3,30.1,733.0,0,5.0,26.3,10.94
EV155089,2019.0,7342.0,1.0,99.8,0.3891,97.19,64.46,6.0,0.098,4.0,9.6,68.1,50.5,16.79,3.8,65.1,94.3,1505.0,0,4.0,0.2,6.74
EV141448,2021.0,45038.0,95.0,94.59,0.4631,97.66,58.61,3.0,0.727,19.4,28.8,78.3,50.3,11.93,34.3,60.7,9.7,1328.0,0,4.0,5.41,5.18
EV279889,2017.0,217895.0,540.0,66.72,0.6105,90.32,52.75,6.0,0.303,29.0,76.3,60.8,84.1,30.78,53.6,37.8,12.6,398.0,1,3.0,33.28,8.85
EV270757,2017.0,322017.0,1091.0,87.61,0.6716,90.99,28.65,12.0,0.36,38.0,122.4,56.0,56.8,43.09,57.5,39.4,31.9,91.0,1,5.0,49.8,8.87
EV227298,2019.0,13358.0,17.0,99.16,0.3943,97.89,94.34,1.0,0.521,2.4,8.0,73.3,60.5,20.2,79.2,55.3,59.3,1475.0,0,2.0,0.84,6.81
EV140459,2017.0,78549.0,669.0,48.15,0.8881,89.18,37.29,6.0,0.344,61.5,92.0,60.6,55.1,152.46,60.8,58.9,24.2,30.0,1,3.0,51.85,9.04
EV130152,2024.0,40917.0,61.0,88.92,0.5719,91.59,75.29,4.0,0.17,36.4,80.1,76.6,65.1,13.01,46.7,48.9,51.8,1280.0,0,1.0,11.08,2.23
EV102084,2019.0,197028.0,421.0,63.94,0.7748,88.44,54.62,7.0,0.565,39.8,93.2,58.5,73.4,33.23,100.0,44.2,0.0,738.0,1,4.0,36.06,6.7
EV154305,2021.0,82712.0,86.0,87.13,0.4848,97.94,62.25,3.0,0.256,13.6,46.2,86.8,73.3,6.31,56.0,46.1,66.6,968.0,0,1.0,12.87,5.04
EV168430,2016.0,326777.0,813.0,59.35,0.7205,89.79,44.15,10.0,0.524,69.9,105.1,44.0,65.1,44.23,43.6,47.9,8.1,410.0,1,3.0,40.65,10.21
EV270927,2020.0,243668.0,600.0,67.15,0.5598,91.8,51.1,10.0,0.66,88.1,139.1,76.0,77.0,18.33,70.7,49.8,3.1,382.0,1,3.0,32.85,6.07
EV269273,2019.0,118834.0,537.0,72.7,0.5112,94.39,36.41,8.0,0.145,30.3,58.9,68.9,73.5,27.97,51.1,51.7,52.1,430.0,0,2.0,27.3,7.05
EV115935,2023.0,60802.0,280.0,73.5,0.5901,92.36,34.5,12.0,0.563,40.2,78.1,86.8,89.9,17.42,83.9,33.3,0.0,717.0,1,1.0,26.5,2.77
EV279194,2019.0,111480.0,593.0,69.52,0.6321,91.45,27.76,12.0,0.638,33.8,47.1,72.7,64.0,26.62,58.8,50.6,0.0,620.0,0,3.0,30.48,6.91
EV147595,2019.0,168645.0,328.0,76.35,0.5522,94.73,70.76,3.0,0.572,26.3,77.0,65.7,54.2,29.71,42.5,54.2,23.1,909.0,1,2.0,23.65,7.15
EV188964,2020.0,9006.0,214.0,96.31,0.3401,95.8,62.92,1.0,0.42,2.3,3.0,40.6,60.3,26.1,32.0,56.2,61.5,1073.0,0,4.0,3.69,11.05
EV241306,2018.0,153788.0,447.0,75.43,0.5181,93.39,53.02,7.0,0.173,24.0,61.8,53.8,73.0,28.95,15.5,44.3,72.9,592.0,0,4.0,24.57,7.95
EV282324,2018.0,69996.0,127.0,95.81,0.3387,94.98,82.02,3.0,0.272,21.9,28.4,72.6,61.3,14.16,0.3,56.8,69.3,1022.0,0,2.0,4.19,7.97
EV135010,2023.0,23009.0,102.0,94.84,0.3599,96.64,42.29,3.0,0.443,4.3,13.0,96.0,67.5,9.17,36.8,50.0,24.5,1030.0,0,,5.16,3.13
EV263895,2016.0,98534.0,449.0,82.37,0.5684,93.61,33.63,8.0,0.311,10.8,33.0,58.1,55.8,21.25,29.4,65.9,40.4,856.0,0,2.0,17.63,9.9
EV152750,2016.0,57556.0,143.0,91.26,0.4324,94.98,61.0,1.0,0.295,9.0,21.4,70.1,48.7,5.41,52.1,62.0,49.5,1243.0,0,3.0,8.74,10.14
EV105059,2020.0,78549.0,283.0,84.52,0.4759,92.75,64.02,2.0,0.141,15.9,46.3,63.4,63.5,10.88,0.0,57.8,69.3,757.0,0,2.0,15.48,11.15
EV296063,2022.0,81450.0,248.0,83.0,0.4497,95.06,69.28,4.0,0.588,24.5,69.1,87.9,56.8,17.31,20.1,47.0,29.1,776.0,0,1.0,17.0,
EV264558,2020.0,23211.0,84.0,95.16,0.3901,96.18,114.81,1.0,0.289,6.2,8.5,56.2,61.5,22.32,17.2,55.7,69.3,1090.0,0,3.0,4.84,8.99
EV163653,2022.0,2145.0,85.0,89.97,0.4075,95.41,55.17,2.0,0.231,2.4,4.8,87.0,54.3,21.89,31.2,56.5,52.1,1249.0,0,,10.03,4.15
EV210023,2024.0,15460.0,53.0,99.8,0.3986,96.34,51.71,3.0,0.132,10.6,25.4,99.5,52.4,10.09,7.8,56.4,59.4,1467.0,0,2.0,0.2,1.96
EV273602,2021.0,148146.0,425.0,58.01,0.8183,91.34,42.49,10.0,0.472,45.8,109.1,68.1,67.8,35.14,55.6,55.1,0.0,189.0,1,6.0,41.99,5.0
EV286141,2021.0,138871.0,290.0,87.61,0.4296,93.76,69.16,10.0,0.243,33.3,87.1,77.3,73.8,15.45,26.0,50.2,52.1,712.0,0,1.0,18.42,4.9
EV154583,2024.0,40945.0,121.0,96.3,0.3861,97.94,64.02,7.0,0.15,21.3,73.2,85.4,51.4,9.69,14.9,70.5,93.0,1305.0,0,1.0,3.7,2.12
EV252416,2016.0,100177.0,283.0,67.1,0.7157,92.47,53.43,6.0,0.33,15.2,36.2,59.5,53.2,28.8,33.2,52.0,54.7,361.0,0,1.0,32.9,9.87
EV170535,2020.0,34632.0,107.0,85.08,0.5063,94.85,76.24,1.0,0.22,7.1,21.4,77.7,52.4,17.3,0.0,56.9,48.6,592.0,0,4.0,14.92,5.86
EV205708,2017.0,105633.0,273.0,90.05,0.5235,96.75,77.83,1.0,0.079,20.2,38.6,51.0,54.7,26.11,12.1,53.9,79.1,1117.0,0,2.0,9.95,8.97
EV214000,2021.0,44165.0,68.0,99.44,0.4033,95.9,103.27,7.0,0.142,16.1,32.0,71.2,42.1,25.1,4.6,70.5,84.6,1427.0,0,2.0,0.56,
EV141090,2024.0,22154.0,1.0,98.89,0.4401,95.11,77.46,2.0,0.358,22.4,44.5,95.9,58.9,15.32,24.9,51.5,66.4,1432.0,0,3.0,1.11,2.03
EV178064,2015.0,129172.0,404.0,64.0,0.7475,94.98,47.47,1.0,0.262,18.5,38.9,34.1,100.0,45.93,58.7,31.6,49.6,480.0,1,3.0,36.0,11.2
EV158838,2020.0,55473.0,166.0,89.36,0.3679,95.79,64.55,3.0,0.432,7.4,24.5,68.3,55.1,24.27,28.6,56.5,49.0,913.0,0,1.0,10.64,6.96
EV126566,2017.0,99403.0,284.0,83.99,0.542,94.98,78.46,2.0,0.477,15.7,40.0,63.9,53.5,18.33,40.9,51.0,47.3,1040.0,0,2.0,16.01,9.04
EV240702,2022.0,8566.0,19.0,95.29,0.3989,94.85,85.34,1.0,0.239,1.1,3.0,90.5,46.1,6.59,16.7,63.3,88.0,736.0,0,4.0,4.71,3.89
EV207225,2024.0,21614.0,68.0,93.51,0.4964,96.03,46.54,5.0,0.413,7.1,18.8,86.9,47.1,19.08,32.6,61.8,48.6,693.0,0,3.0,6.49,1.86
EV208154,2015.0,216496.0,621.0,69.94,0.6402,92.16,57.98,10.0,0.767,28.0,66.4,53.9,64.1,35.06,43.2,44.2,0.0,657.0,1,0.0,,10.98
EV199186,2020.0,108148.0,231.0,78.22,0.4448,96.6,72.25,2.0,0.433,23.2,62.9,84.6,67.0,21.59,33.2,56.9,45.3,748.0,0,1.0,21.78,5.99
EV212909,2023.0,13071.0,14.0,99.47,0.421,98.75,82.68,1.0,0.334,1.0,3.0,72.8,49.2,4.68,30.0,62.2,66.7,732.0,0,2.0,0.53,3.04
EV215167,2021.0,2987.0,1.0,99.8,0.4104,98.69,95.63,1.0,0.319,1.0,3.0,87.8,41.7,1.76,22.2,66.6,91.0,1500.0,0,3.0,0.2,5.18
EV214571,2021.0,99022.0,261.0,84.25,0.4781,94.23,63.23,8.0,0.273,21.8,58.8,74.9,59.0,17.42,10.3,59.6,55.9,1039.0,0,1.0,15.75,5.33
EV211560,2018.0,96222.0,212.0,79.28,0.6655,92.22,69.04,3.0,0.338,12.1,40.8,60.6,73.6,25.59,85.1,35.5,52.1,999.0,1,6.0,20.72,7.91
EV102461,2021.0,145830.0,306.0,79.51,0.5063,96.19,57.29,10.0,0.319,41.8,95.0,73.1,57.8,17.6,32.8,60.0,40.2,1030.0,0,1.0,,
EV242653,2022.0,34243.0,46.0,93.93,0.395,98.35,107.65,3.0,0.176,8.8,21.4,81.8,60.2,12.95,43.6,50.3,47.0,1066.0,0,3.0,6.07,3.69
EV129152,2019.0,40794.0,87.0,99.69,0.3892,96.57,74.81,2.0,0.29,8.5,15.9,71.9,52.7,12.32,42.8,60.1,63.2,1389.0,0,3.0,0.31,6.94
EV180109,2024.0,24987.0,34.0,98.44,0.4514,96.65,119.34,5.0,0.319,20.7,49.0,86.5,47.2,11.87,11.3,70.9,74.0,1030.0,0,1.0,1.56,1.94
EV147437,2022.0,7153.0,68.0,94.09,0.4642,96.14,58.06,3.0,0.213,1.0,3.0,92.7,54.1,18.33,13.0,55.8,84.4,1330.0,0,5.0,5.91,4.09
EV224490,2015.0,13328.0,49.0,99.8,0.3659,97.07,102.17,1.0,0.248,1.4,3.0,45.2,61.9,18.33,21.5,54.6,70.8,1143.0,0,3.0,0.2,10.94
EV254825,2024.0,13964.0,74.0,94.6,0.4117,95.38,66.81,2.0,0.319,1.0,3.0,90.6,74.9,9.25,55.1,49.0,46.7,1057.0,0,4.0,5.4,1.5
EV173295,2024.0,46853.0,100.0,88.62,0.4632,97.42,54.0,7.0,0.659,45.9,83.1,87.7,50.2,21.2,42.1,62.3,0.0,1230.0,0,0.0,11.38,2.26
EV142674,2016.0,69512.0,166.0,92.77,0.4072,96.27,87.83,4.0,0.203,10.5,23.9,72.8,60.9,23.46,0.3,49.5,80.5,933.0,0,2.0,7.23,9.7
EV198485,2019.0,99240.0,226.0,86.76,0.3824,94.26,74.18,4.0,0.055,17.2,54.4,68.9,71.1,16.32,36.9,60.0,52.1,1030.0,0,2.0,13.24,6.93
EV138468,2022.0,61099.0,187.0,83.84,0.5327,95.22,63.03,2.0,0.425,36.3,48.4,90.3,45.8,16.05,41.7,63.0,70.2,1007.0,0,0.0,16.16,3.97
EV291492,2023.0,68126.0,103.0,91.82,0.5674,94.72,79.43,4.0,0.296,45.4,78.0,74.8,68.3,19.17,33.2,47.3,41.8,1252.0,0,,8.18,3.08
EV272764,2015.0,78549.0,214.0,58.44,0.7244,92.43,45.95,11.0,0.665,46.0,119.5,72.8,62.3,30.16,39.7,55.7,0.0,321.0,1,3.0,,10.97
EV121574,2021.0,78549.0,16.0,96.14,0.4679,97.37,58.78,3.0,0.442,5.4,7.9,79.3,44.5,9.98,21.9,56.5,48.4,760.0,0,0.0,3.86,5.04
EV108235,2024.0,20670.0,119.0,91.49,0.3492,93.78,52.25,2.0,0.249,16.3,44.5,95.1,62.5,7.3,14.6,53.2,40.3,1007.0,0,0.0,8.51,2.12
EV193435,2018.0,17937.0,118.0,95.42,0.4622,98.47,83.69,1.0,0.228,2.5,47.1,66.8,43.1,18.94,16.2,70.4,58.8,1376.0,0,1.0,4.58,8.17
EV255742,2023.0,77563.0,185.0,87.03,0.4889,96.19,83.48,8.0,0.658,37.4,73.5,97.1,53.3,19.36,62.3,59.8,23.0,1129.0,0,1.0,12.97,3.01
EV134838,2015.0,63910.0,89.0,95.63,0.4022,96.13,116.3,1.0,0.299,11.5,17.1,48.3,76.7,27.76,36.5,46.6,25.2,1121.0,0,1.0,4.37,11.0
EV118876,2019.0,107228.0,425.0,67.76,0.7636,89.2,38.35,7.0,0.807,17.0,56.7,83.9,75.6,17.03,88.9,39.0,52.1,733.0,1,3.0,32.24,6.81
EV264889,2021.0,11772.0,2.0,99.79,0.4064,97.35,47.93,3.0,0.111,4.8,6.6,76.4,50.8,14.84,32.6,57.4,96.1,1481.0,0,4.0,0.21,5.08
EV292588,2017.0,117692.0,305.0,81.17,0.4756,95.15,74.59,6.0,0.098,25.7,44.4,53.8,72.0,25.8,7.3,50.0,52.1,751.0,0,3.0,18.83,8.88
EV103630,2015.0,198445.0,646.0,67.05,0.6472,93.69,43.47,7.0,0.687,18.5,57.0,53.9,57.5,19.77,70.8,55.7,20.7,546.0,1,2.0,32.95,
EV161224,2015.0,177743.0,399.0,76.55,0.6008,92.0,77.55,2.0,0.579,39.3,52.1,34.4,57.5,18.33,33.7,56.2,26.7,816.0,1,4.0,23.45,10.81
EV262896,2018.0,72600.0,187.0,87.61,0.4856,95.05,70.02,4.0,0.456,14.1,26.8,63.3,43.7,19.36,60.8,62.1,54.7,1152.0,0,0.0,12.31,7.94
EV103697,2024.0,48430.0,12.0,99.8,0.3802,98.16,114.41,4.0,0.097,24.8,75.3,90.6,46.5,10.83,33.2,68.6,92.4,1423.0,0,1.0,0.2,1.91
EV286431,2020.0,346206.0,992.0,62.13,0.6995,91.47,43.98,11.0,0.473,38.3,112.2,54.3,68.6,35.54,29.0,44.2,0.6,317.0,1,3.0,37.87,10.09
EV249045,2023.0,3617.0,26.0,89.67,0.5875,93.95,44.35,4.0,0.426,1.6,3.0,89.2,69.4,13.24,74.7,45.2,51.7,731.0,0,4.0,10.33,3.08
EV195259,2021.0,500.0,27.0,99.35,0.3431,97.64,49.53,1.0,0.147,2.0,3.0,73.9,58.2,13.16,16.9,58.3,86.6,1190.0,0,4.0,0.65,5.0
EV117031,2015.0,185169.0,713.0,60.58,0.5784,91.96,30.34,4.0,0.185,24.7,57.5,30.9,80.3,39.28,0.0,44.2,57.9,330.0,1,2.0,39.42,10.99
EV234366,2018.0,86332.0,223.0,84.6,0.4928,97.35,64.7,4.0,0.39,22.6,40.1,69.6,68.3,18.13,26.1,42.7,42.1,818.0,0,2.0,15.4,8.07
EV143528,2017.0,10811.0,60.0,99.8,0.448,97.64,75.2,1.0,0.01,2.7,4.9,75.9,53.4,11.55,1.7,67.3,100.0,1381.0,0,2.0,,9.08
EV199915,2016.0,318440.0,1317.0,46.91,0.7085,89.61,22.93,18.0,0.832,54.0,105.7,58.6,80.7,35.48,52.5,37.4,0.0,0.0,1,2.0,53.09,9.92
EV247956,2016.0,157314.0,329.0,82.54,0.5209,95.72,71.37,1.0,0.282,31.5,45.4,63.0,67.4,20.82,51.0,52.5,63.9,975.0,0,4.0,17.46,10.27
EV152860,2020.0,21249.0,71.0,89.66,0.4946,95.22,88.67,1.0,0.278,4.4,5.7,81.5,35.8,8.9,14.4,70.9,34.8,656.0,0,1.0,10.34,5.78
EV190701,2020.0,32132.0,99.0,97.88,0.5063,98.34,69.98,1.0,0.329,7.6,13.8,61.2,45.3,20.59,23.9,56.9,74.7,1382.0,0,5.0,2.12,9.13
EV273961,2016.0,4664.0,1.0,99.8,0.4158,96.34,61.55,1.0,0.319,1.3,3.0,57.7,50.8,14.22,42.1,65.6,52.1,794.0,0,2.0,0.2,10.03
EV150357,2016.0,153797.0,338.0,83.65,0.4873,95.5,73.55,4.0,0.461,15.7,46.6,58.2,56.0,21.7,36.4,54.9,50.1,1030.0,0,3.0,16.35,10.28
EV167205,2021.0,72104.0,339.0,84.41,0.5448,92.93,39.32,9.0,0.206,16.1,49.5,86.3,47.1,18.33,12.4,62.6,65.3,973.0,0,1.0,15.59,4.93
EV154301,2017.0,297363.0,768.0,66.03,0.6654,90.33,51.17,11.0,0.319,38.9,108.9,71.4,53.4,28.22,60.5,58.8,27.2,527.0,1,3.0,33.97,9.22
EV188398,2023.0,26298.0,1.0,99.8,0.4244,94.42,109.25,2.0,0.016,17.8,35.2,82.3,44.4,12.23,0.0,65.1,62.2,1507.0,0,1.0,0.2,
EV140490,2020.0,49986.0,93.0,96.2,0.4307,98.23,65.3,8.0,0.253,20.4,44.2,85.7,47.2,14.96,34.7,64.5,61.0,1030.0,0,2.0,3.8,4.18
EV160249,2020.0,74195.0,317.0,81.22,0.477,95.56,35.13,6.0,0.535,11.1,47.1,65.9,52.9,21.73,36.2,60.1,52.1,932.0,0,3.0,18.78,9.99
EV182121,2021.0,23893.0,94.0,99.8,0.3878,96.6,33.77,1.0,0.16,12.4,15.1,77.7,47.3,19.65,26.6,54.6,73.1,1390.0,0,3.0,0.2,5.13
EV183972,2015.0,51571.0,186.0,91.0,0.4475,94.29,66.69,1.0,0.216,5.1,17.4,53.2,64.9,19.39,12.9,58.5,65.4,924.0,0,4.0,9.0,11.02
EV234060,2015.0,321685.0,858.0,55.93,0.6299,92.31,44.14,6.0,0.319,31.4,93.5,52.9,82.1,36.02,28.8,41.7,31.3,181.0,1,5.0,44.07,10.85
EV155610,2022.0,77453.0,248.0,85.5,0.5312,94.54,40.88,10.0,0.621,17.8,59.6,92.7,56.8,16.91,44.3,60.2,35.0,1095.0,0,1.0,14.5,3.79
EV108261,2018.0,102359.0,323.0,87.99,0.4977,97.81,66.25,4.0,0.145,14.8,46.5,64.1,46.0,22.84,40.1,69.5,84.2,1053.0,0,2.0,12.01,8.0
EV262731,2018.0,213172.0,518.0,54.19,0.8844,92.94,45.12,6.0,0.295,27.9,47.1,68.6,67.8,32.89,56.3,50.1,34.7,142.0,1,5.0,,8.1
EV185726,2015.0,78549.0,398.0,78.86,0.5587,95.97,27.03,3.0,0.112,9.0,23.1,51.4,58.1,21.1,6.8,60.4,84.7,814.0,0,1.0,21.14,11.07
EV172549,2019.0,200119.0,462.0,74.1,0.5769,94.5,68.96,4.0,0.549,29.1,101.5,75.3,57.0,11.75,64.1,58.3,16.9,807.0,0,4.0,25.9,6.89
EV155128,2015.0,207450.0,541.0,68.6,0.524,91.69,54.25,6.0,0.311,39.2,64.9,56.9,68.6,24.01,12.1,54.3,44.7,442.0,0,3.0,31.4,10.98
EV134845,2023.0,57826.0,265.0,80.14,0.4924,92.66,51.21,5.0,0.673,49.5,68.6,81.7,57.2,16.57,45.1,57.8,0.0,943.0,0,1.0,19.86,2.96
EV233266,2023.0,33625.0,27.0,99.8,0.3718,97.09,67.54,1.0,0.113,20.4,24.7,82.0,53.9,5.59,42.3,56.9,84.5,1436.0,0,2.0,0.2,3.07
EV156064,2016.0,154920.0,539.0,68.26,0.7321,92.94,39.04,9.0,0.204,21.0,59.7,70.0,66.8,27.76,37.0,49.8,69.3,633.0,0,4.0,31.74,10.03
EV251521,2022.0,101150.0,244.0,84.61,0.497,94.6,69.53,4.0,0.507,30.5,62.4,72.8,58.7,20.06,61.3,62.6,39.5,1089.0,0,2.0,15.39,4.28
EV107929,2015.0,220937.0,532.0,82.12,0.5423,94.99,63.99,5.0,0.312,35.9,47.1,64.4,56.8,24.13,9.6,55.7,86.7,847.0,0,2.0,17.88,11.08
EV244002,2018.0,252463.0,489.0,67.63,0.6928,90.85,72.98,5.0,0.547,83.1,104.0,70.2,77.1,29.59,58.7,37.4,21.3,734.0,1,1.0,32.37,7.9
EV261348,2017.0,78549.0,290.0,85.2,0.3523,94.16,44.85,4.0,0.04,9.1,28.2,78.5,74.9,17.23,0.0,42.4,82.9,766.0,0,3.0,14.8,8.83
EV240832,2016.0,58230.0,271.0,80.54,0.4572,94.98,34.66,3.0,0.238,13.9,20.7,59.5,71.4,27.01,33.2,50.3,67.2,735.0,0,3.0,19.46,9.95
EV141377,2024.0,500.0,26.0,99.53,0.3377,95.89,118.48,1.0,0.319,3.2,6.6,92.6,64.3,8.27,19.8,47.9,87.8,1147.0,0,2.0,0.47,
EV185659,2020.0,49727.0,99.0,96.17,0.3893,94.4,79.15,6.0,0.576,31.6,78.1,83.1,53.5,6.5,16.2,57.5,6.3,1086.0,0,1.0,3.83,2.21
EV216974,2019.0,69402.0,127.0,90.32,0.4467,94.98,84.04,4.0,0.396,9.6,27.4,77.7,55.4,18.57,20.1,56.4,66.9,1252.0,0,3.0,9.68,7.02
EV119571,2022.0,35048.0,89.0,88.83,0.5063,96.49,54.95,6.0,0.235,20.4,41.1,74.6,60.5,11.06,38.9,52.4,87.0,1030.0,0,5.0,11.17,3.94
EV202929,2019.0,124594.0,341.0,81.86,0.5739,94.47,60.1,9.0,0.321,18.7,57.7,60.6,58.9,34.69,38.8,57.0,39.3,899.0,0,2.0,18.14,7.02
EV269122,2020.0,11904.0,108.0,92.37,0.5063,95.12,42.11,1.0,0.319,1.2,3.0,84.2,56.3,8.75,22.5,59.6,66.8,1007.0,0,,7.63,
EV252148,2021.0,24828.0,3.0,99.8,0.3614,97.48,91.8,2.0,0.319,4.5,15.2,76.3,53.6,14.69,24.1,62.2,81.6,1409.0,0,2.0,0.2,5.0
EV214307,2017.0,195515.0,353.0,84.5,0.524,95.42,80.07,6.0,0.04,42.9,69.8,55.4,55.9,18.33,12.1,59.7,66.0,1001.0,0,3.0,15.5,9.1
EV290816,2023.0,33622.0,143.0,70.72,0.8014,87.73,27.94,4.0,0.631,12.0,39.7,81.8,70.8,25.28,100.0,50.0,0.0,481.0,1,2.0,,2.96
EV295294,2017.0,26979.0,160.0,89.28,0.505,93.82,63.21,2.0,0.319,7.8,10.6,55.3,53.3,29.3,9.9,63.8,60.2,1160.0,0,2.0,10.72,9.04
EV272028,2021.0,78549.0,220.0,89.11,0.4857,95.69,77.89,4.0,0.183,17.4,50.0,73.7,65.5,9.68,12.6,54.8,88.5,848.0,0,2.0,10.89,5.0
EV180384,2021.0,105722.0,235.0,84.2,0.4821,94.29,83.56,2.0,0.494,30.7,79.9,80.4,64.5,18.33,56.9,55.4,48.3,1069.0,0,6.0,15.8,
EV254903,2020.0,43097.0,69.0,98.58,0.3297,94.82,64.85,1.0,0.231,18.2,27.9,77.1,48.9,7.45,41.0,55.8,68.6,1384.0,0,3.0,1.42,5.85
EV104280,2022.0,1936.0,214.0,95.81,0.4369,96.42,88.06,1.0,0.06,1.1,3.0,72.8,48.5,16.55,28.9,63.6,70.6,1324.0,0,4.0,4.19,3.92
EV260488,2018.0,97751.0,232.0,78.82,0.5884,94.64,63.7,4.0,0.14,34.9,45.8,61.6,54.2,32.37,2.8,57.6,72.9,941.0,0,2.0,21.18,7.59
EV193889,2023.0,4226.0,70.0,99.5,0.3236,98.66,96.22,1.0,0.148,1.4,3.0,82.5,59.4,11.9,15.9,55.3,100.0,1104.0,0,2.0,0.5,3.11
EV102582,2024.0,50072.0,150.0,93.14,0.3972,96.78,59.09,5.0,0.204,42.3,75.9,82.2,53.7,12.67,17.7,53.7,67.0,953.0,0,2.0,6.86,2.17
EV176336,2021.0,133990.0,235.0,81.21,0.4414,93.62,79.06,5.0,0.268,37.3,98.6,87.5,72.1,18.0,65.1,40.4,52.1,763.0,0,3.0,18.79,4.98
EV284735,2016.0,8056.0,11.0,99.8,0.3629,98.92,44.8,3.0,0.431,2.0,3.0,49.1,50.9,24.3,54.9,60.5,47.4,1468.0,0,3.0,0.2,10.24
EV187020,2018.0,34090.0,157.0,79.59,0.5063,94.49,36.79,1.0,0.178,13.8,20.6,60.8,56.8,31.75,0.0,58.3,67.5,510.0,0,4.0,20.41,7.99
EV122673,2021.0,20589.0,1.0,99.8,0.3702,98.14,76.77,1.0,0.045,3.3,7.4,76.5,36.4,18.37,15.9,75.7,100.0,1494.0,0,0.0,0.2,5.17
EV204932,2021.0,33258.0,214.0,96.94,0.4301,96.81,83.29,3.0,0.127,7.6,19.8,72.8,47.0,8.28,33.2,70.5,80.2,1408.0,0,1.0,3.06,5.38
EV143143,2018.0,200479.0,803.0,57.84,0.6753,92.47,27.37,4.0,0.28,61.4,82.3,74.1,56.8,18.33,37.1,34.3,54.6,217.0,1,2.0,42.16,8.15
EV143321,2018.0,10852.0,15.0,99.8,0.3544,96.66,71.72,1.0,0.279,1.5,4.0,57.0,41.2,11.35,21.4,66.0,63.6,1546.0,0,0.0,0.2,7.9
EV212146,2024.0,9809.0,64.0,91.94,0.4682,95.01,109.87,1.0,0.241,1.0,3.0,87.5,62.0,15.31,30.7,52.1,72.4,1353.0,0,2.0,8.06,2.08
EV142663,2023.0,41360.0,178.0,78.68,0.6455,94.28,35.38,5.0,0.343,15.7,39.5,72.8,60.6,17.39,17.2,51.0,54.9,473.0,0,1.0,21.32,2.79
EV106071,2015.0,36426.0,187.0,85.37,0.5153,94.66,38.42,4.0,0.386,7.5,16.4,50.0,67.0,24.86,36.7,50.0,37.8,1104.0,0,4.0,,10.96
EV222951,2015.0,174838.0,668.0,60.99,0.604,91.24,31.43,8.0,0.241,18.3,56.3,49.4,86.7,37.33,54.9,33.9,43.5,303.0,1,4.0,39.01,10.87
EV227085,2016.0,211828.0,281.0,88.48,0.4736,96.63,121.62,3.0,0.342,30.5,69.0,65.4,55.3,17.62,28.1,57.2,63.8,1146.0,0,4.0,11.52,9.9
EV104672,2021.0,65775.0,204.0,88.02,0.3157,94.92,67.45,1.0,0.23,10.7,35.6,85.7,64.1,14.64,0.0,56.9,75.8,853.0,0,5.0,11.98,5.14
EV136313,2018.0,66610.0,240.0,86.64,0.5399,92.77,47.47,4.0,0.052,13.1,33.5,56.3,65.9,33.52,58.1,54.2,21.8,1087.0,0,1.0,13.36,7.99
EV268176,2015.0,450000.0,1140.0,49.28,0.7153,89.76,38.86,14.0,0.425,111.8,145.3,40.1,77.7,47.53,36.9,39.3,14.2,1030.0,1,2.0,50.72,11.14
EV206882,2018.0,122325.0,413.0,76.98,0.5613,95.81,52.63,4.0,0.269,42.3,51.3,64.8,59.9,27.01,59.5,57.9,57.5,838.0,0,2.0,23.02,8.03
EV152701,2019.0,50667.0,179.0,84.76,0.6427,90.85,47.26,1.0,0.319,18.1,47.1,61.5,65.9,16.8,73.8,51.7,51.5,1128.0,0,5.0,15.24,
EV209210,2017.0,217756.0,522.0,74.91,0.5988,91.16,68.3,6.0,0.452,24.3,83.0,66.3,74.8,18.01,42.9,44.0,9.5,710.0,0,0.0,25.09,9.11
EV265529,2019.0,210858.0,516.0,52.15,0.9175,90.37,39.23,8.0,0.506,44.7,97.4,71.9,63.4,32.75,41.0,51.2,11.9,177.0,1,4.0,47.85,7.05
EV274012,2023.0,93356.0,265.0,85.32,0.4889,94.98,59.89,7.0,0.677,36.3,105.8,100.0,54.0,3.55,40.1,55.8,0.0,1061.0,0,1.0,14.68,2.82
EV181745,2016.0,9842.0,1.0,99.8,0.3215,97.42,54.94,1.0,0.192,1.9,47.1,61.6,59.7,18.98,2.4,54.0,82.5,1207.0,0,3.0,0.2,10.24
EV207250,2018.0,15035.0,71.0,91.83,0.4281,91.98,43.64,4.0,0.039,4.2,6.4,72.8,75.2,17.67,34.2,47.6,48.1,1032.0,0,3.0,8.17,7.84
EV255197,2020.0,28681.0,214.0,87.35,0.4517,94.98,39.83,1.0,0.014,4.2,7.5,76.0,54.2,10.0,11.0,57.3,99.6,843.0,0,4.0,12.65,5.96
EV128400,2022.0,60903.0,121.0,87.61,0.415,96.01,84.72,4.0,0.28,20.4,48.7,82.9,57.1,28.53,25.9,56.0,52.1,1285.0,0,4.0,8.16,4.14
EV181857,2019.0,89192.0,451.0,75.95,0.5657,93.81,30.19,8.0,0.597,12.2,42.8,66.4,58.9,33.64,42.4,59.9,0.0,828.0,0,,24.05,6.9
EV162268,2015.0,158714.0,260.0,72.06,0.6804,93.52,92.85,4.0,0.239,23.1,44.4,49.5,65.8,33.19,13.5,56.9,61.1,382.0,0,2.0,,11.3
EV111608,2018.0,206632.0,552.0,74.65,0.5543,94.98,64.02,8.0,0.177,30.0,82.8,81.3,56.8,14.22,2.3,55.6,62.9,689.0,0,5.0,25.35,8.27
EV193741,2018.0,87175.0,257.0,73.18,0.5063,93.28,52.26,4.0,0.179,12.0,34.6,75.7,58.4,15.78,12.4,58.5,52.5,408.0,0,1.0,26.82,7.9
EV277241,2024.0,500.0,1.0,99.32,0.3543,94.82,91.07,1.0,0.489,9.8,22.3,92.5,45.6,14.85,43.8,66.0,0.0,1478.0,0,2.0,0.68,1.84
EV255249,2017.0,14985.0,27.0,99.53,0.3662,97.13,58.82,1.0,0.192,1.0,47.1,64.6,56.9,17.27,46.1,62.2,66.0,1471.0,0,0.0,0.47,9.24
EV282164,2017.0,268444.0,1144.0,36.7,0.9383,85.68,17.11,13.0,0.562,28.0,97.2,56.2,100.0,32.04,72.1,26.2,0.0,26.0,1,2.0,63.3,9.06
EV265765,2015.0,81774.0,298.0,85.43,0.5402,93.27,58.76,1.0,0.398,9.2,24.3,56.0,56.6,24.68,69.1,54.9,28.7,1030.0,0,2.0,14.57,10.8
EV206973,2020.0,178253.0,284.0,83.75,0.5256,95.25,102.93,9.0,0.319,32.5,103.9,72.8,40.0,13.33,33.2,69.4,0.0,1032.0,0,1.0,,
EV278852,2018.0,36258.0,201.0,75.97,0.5852,93.49,23.96,4.0,0.582,4.1,13.2,76.1,48.6,26.79,31.4,56.9,22.8,468.0,0,2.0,24.03,8.25
EV155271,2021.0,158398.0,342.0,83.23,0.5162,93.93,64.02,12.0,0.464,35.1,105.0,71.4,56.9,24.11,49.3,58.2,33.7,996.0,0,2.0,16.77,
EV192463,2015.0,78549.0,598.0,70.03,0.5063,90.97,61.37,4.0,0.465,23.0,73.4,56.2,62.0,24.14,43.0,58.6,0.0,623.0,1,2.0,29.97,11.18
EV112509,2023.0,35619.0,98.0,96.96,0.4258,95.12,46.94,5.0,0.454,39.7,47.1,89.5,53.7,11.42,28.6,59.6,30.9,1334.0,0,2.0,3.04,3.01
EV183451,2019.0,17804.0,74.0,97.77,0.4028,97.2,49.27,1.0,0.543,4.4,47.1,71.5,60.1,13.64,38.7,55.0,32.7,1345.0,0,1.0,2.23,6.92
EV299447,2015.0,180189.0,331.0,77.76,0.4757,96.26,81.41,4.0,0.135,35.6,50.9,55.6,58.2,16.2,10.4,51.6,70.7,657.0,0,3.0,22.24,10.96
EV244136,2021.0,92266.0,248.0,81.11,0.4756,93.31,72.99,5.0,0.565,42.4,47.1,77.9,63.1,17.08,51.0,50.4,38.9,803.0,0,3.0,18.89,4.85
EV291369,2020.0,52130.0,168.0,89.79,0.45,94.82,79.2,2.0,0.255,7.6,25.8,87.7,45.9,12.22,20.4,63.4,53.7,1194.0,0,1.0,10.21,6.2
EV160767,2022.0,57627.0,74.0,99.41,0.3944,97.24,92.94,1.0,0.066,28.7,58.8,81.5,57.4,10.27,1.2,62.5,78.4,1365.0,0,1.0,0.59,3.87
EV216077,2016.0,38618.0,53.0,97.04,0.3267,96.79,93.33,1.0,0.171,3.4,11.3,64.3,60.7,20.72,13.1,59.3,86.7,1122.0,0,3.0,2.96,9.86
EV185846,2015.0,168160.0,340.0,70.55,0.6829,93.06,67.09,4.0,0.081,25.7,49.2,55.4,53.1,27.09,20.8,58.9,79.9,323.0,0,0.0,29.45,11.02
EV220767,2015.0,17908.0,26.0,87.61,0.4216,94.98,70.08,1.0,0.139,20.4,3.0,61.1,38.4,12.89,0.0,72.2,64.7,787.0,0,1.0,0.2,10.98
EV127956,2020.0,64313.0,188.0,84.54,0.4265,94.93,64.57,3.0,0.329,12.0,28.9,78.9,69.5,18.55,1.8,49.0,45.5,893.0,0,4.0,15.46,6.05
EV138242,2020.0,73247.0,214.0,79.36,0.5325,98.09,46.1,1.0,0.534,20.0,41.2,87.2,54.3,23.34,64.6,63.1,19.8,1004.0,0,1.0,20.64,6.05
EV112773,2021.0,127733.0,390.0,72.81,0.5157,93.07,46.02,10.0,0.351,33.3,87.1,78.7,75.7,23.1,31.5,43.7,39.2,617.0,0,5.0,27.19,4.92
EV211809,2020.0,63413.0,114.0,92.62,0.4156,96.46,86.22,1.0,0.289,22.6,40.0,72.2,73.0,21.17,43.6,51.0,55.4,1046.0,0,2.0,7.38,6.07
EV125775,2016.0,37579.0,78.0,99.23,0.4207,97.96,90.38,1.0,0.014,3.3,10.7,80.0,53.8,3.6,10.1,58.4,73.2,1381.0,0,1.0,0.77,9.83
EV167888,2016.0,232361.0,844.0,60.67,0.747,90.43,37.06,8.0,0.319,24.6,81.8,60.0,74.1,27.34,71.6,46.9,38.8,1030.0,1,5.0,39.33,9.87
EV149305,2018.0,200074.0,466.0,56.84,0.8256,90.0,50.55,7.0,0.419,25.5,81.3,71.1,62.4,29.49,38.8,49.5,0.5,1030.0,1,4.0,43.16,8.07
EV107138,2018.0,53054.0,171.0,94.91,0.4495,96.36,60.59,1.0,0.095,9.2,22.6,82.1,52.0,11.78,0.0,61.4,60.8,1285.0,0,1.0,5.09,8.01
EV190797,2020.0,80736.0,229.0,85.91,0.5261,95.99,55.7,4.0,0.225,16.3,42.8,70.2,49.4,12.25,35.9,70.2,44.6,1101.0,0,2.0,,5.79
EV256924,2015.0,172071.0,365.0,82.59,0.5063,92.33,76.13,6.0,0.48,40.3,49.7,47.2,55.4,28.79,30.1,54.9,32.8,1002.0,0,0.0,17.41,11.23
EV118521,2015.0,107279.0,214.0,94.74,0.4118,95.26,72.43,1.0,0.217,27.7,34.0,56.4,51.0,13.88,17.3,66.2,12.4,1235.0,0,0.0,5.26,11.16
EV219039,2023.0,500.0,1.0,99.8,0.3514,94.77,73.67,1.0,0.409,1.4,3.0,80.9,61.3,12.41,30.9,56.9,49.6,1171.0,0,1.0,0.2,
EV295317,2020.0,500.0,5.0,87.61,0.5063,96.22,93.47,2.0,0.091,2.2,3.4,81.1,49.7,14.32,0.6,62.1,95.4,1527.0,0,4.0,0.2,6.07
EV266072,2022.0,31471.0,127.0,89.87,0.387,94.36,41.46,2.0,0.198,19.0,33.1,72.8,63.2,8.57,16.2,47.6,36.8,966.0,0,2.0,10.13,3.82
EV275854,2017.0,333637.0,1413.0,47.13,0.8463,92.22,22.25,17.0,0.552,74.1,121.8,58.0,75.3,44.39,71.5,44.2,52.1,5.0,1,4.0,52.87,9.03
EV146586,2017.0,334419.0,776.0,68.77,0.703,92.33,60.85,9.0,0.523,42.9,121.4,53.3,71.4,39.26,26.2,48.0,19.1,479.0,1,5.0,31.23,9.2
EV185601,2021.0,125503.0,335.0,86.59,0.5133,97.95,68.72,4.0,0.365,47.0,83.7,84.2,58.0,21.24,3.9,67.7,27.3,949.0,0,5.0,13.41,5.22
EV151577,2023.0,91505.0,391.0,71.18,0.5573,91.63,36.9,11.0,0.791,53.0,99.4,69.5,69.8,29.82,56.5,56.9,0.0,584.0,1,0.0,28.82,2.7
EV123242,2019.0,8606.0,59.0,99.8,0.4006,94.86,64.02,1.0,0.373,1.4,3.0,82.1,52.8,12.42,34.2,59.1,47.3,1451.0,0,2.0,0.2,6.87
EV204776,2024.0,41262.0,149.0,87.61,0.3874,95.64,43.59,10.0,0.115,51.6,73.7,87.3,59.4,16.7,19.5,55.1,76.3,897.0,0,2.0,9.51,2.09
EV175075,2020.0,80475.0,194.0,86.01,0.4588,94.71,45.9,9.0,0.434,29.5,51.0,68.3,59.4,18.51,51.4,48.6,60.2,1121.0,0,3.0,13.99,6.17
EV195237,2017.0,108088.0,594.0,87.61,0.8783,89.28,24.54,3.0,0.322,19.4,41.4,52.0,83.1,29.81,86.1,33.3,57.6,594.0,1,7.0,37.08,8.93
EV178434,2020.0,86425.0,315.0,81.24,0.5409,94.57,31.03,9.0,0.213,23.9,44.8,68.3,52.5,22.21,31.2,60.2,53.7,977.0,0,2.0,18.76,5.93
EV252034,2022.0,32181.0,171.0,89.94,0.3763,94.08,70.43,2.0,0.438,8.2,28.7,87.6,69.4,17.41,42.4,49.6,28.7,913.0,0,3.0,10.06,3.91
EV193834,2024.0,14776.0,35.0,95.58,0.4371,97.78,76.63,1.0,0.471,15.3,36.5,90.8,52.4,13.83,51.0,57.4,72.4,1399.0,0,2.0,4.42,2.14
EV251562,2022.0,81380.0,296.0,87.61,0.4602,93.53,54.41,9.0,0.279,26.4,70.7,78.2,67.0,24.66,32.9,49.1,75.5,710.0,0,6.0,18.68,3.95
EV233644,2022.0,44712.0,76.0,95.53,0.3755,96.54,107.09,5.0,0.234,12.6,29.9,90.8,48.2,18.33,24.4,59.3,76.4,1115.0,0,1.0,4.47,4.03
EV292066,2023.0,6884.0,52.0,97.0,0.3251,97.49,65.01,3.0,0.313,4.0,10.4,97.8,57.0,6.73,28.1,57.6,59.0,1116.0,0,0.0,3.0,2.91
EV267805,2024.0,27537.0,74.0,94.77,0.4043,95.84,48.44,8.0,0.209,22.4,67.8,92.8,61.6,14.07,25.7,65.1,84.2,1082.0,0,3.0,5.23,2.11
EV261646,2019.0,28183.0,67.0,98.26,0.5063,97.94,73.88,1.0,0.259,6.3,15.8,76.0,51.1,10.66,9.7,60.7,76.0,1357.0,0,3.0,1.74,6.97
EV297297,2019.0,84462.0,324.0,80.38,0.5134,93.07,48.02,6.0,0.01,13.1,41.4,60.1,56.8,21.73,0.0,62.0,97.4,920.0,0,0.0,19.62,6.98
EV115413,2024.0,49810.0,128.0,91.19,0.5286,95.16,61.21,7.0,0.319,50.3,47.1,87.2,54.4,18.33,38.6,63.9,47.5,1231.0,0,1.0,8.81,1.77
EV283045,2017.0,121111.0,248.0,81.65,0.4686,92.04,82.68,6.0,0.576,12.6,40.9,59.2,71.5,22.83,20.2,43.7,12.5,798.0,0,3.0,18.35,9.06
EV153319,2020.0,8739.0,33.0,95.44,0.4444,94.47,82.27,1.0,0.359,3.0,8.5,67.5,79.7,20.39,37.0,38.3,42.9,1143.0,0,2.0,4.56,5.96
EV138253,2020.0,23745.0,63.0,94.07,0.3823,94.98,69.14,1.0,0.326,8.9,10.9,75.0,63.2,9.91,26.8,55.8,61.2,1024.0,0,2.0,5.93,6.08
EV286784,2017.0,284378.0,1182.0,50.46,0.8055,90.95,28.04,11.0,0.323,31.8,47.1,56.4,66.9,40.57,66.3,45.9,28.5,164.0,1,3.0,49.54,9.26
EV273951,2017.0,27283.0,28.0,95.94,0.3395,93.63,68.86,5.0,0.344,7.3,10.0,63.3,68.8,16.51,34.9,51.4,58.2,1148.0,0,3.0,4.06,8.94
EV270244,2020.0,134298.0,306.0,76.88,0.4863,91.51,59.4,7.0,0.319,27.5,47.0,72.8,74.4,40.69,38.0,41.4,15.3,658.0,1,6.0,23.12,9.36
EV198760,2024.0,29026.0,84.0,93.42,0.4504,95.63,75.27,5.0,0.3,16.9,57.5,90.8,57.4,9.67,35.0,53.5,50.0,1310.0,0,4.0,6.58,1.86
EV180252,2022.0,72323.0,160.0,91.73,0.4949,95.08,99.69,1.0,0.197,45.5,62.0,74.7,48.4,16.59,33.2,63.2,67.7,1254.0,0,1.0,8.27,3.75
EV162686,2020.0,45057.0,168.0,87.41,0.4941,96.44,59.74,4.0,0.216,5.1,17.2,74.5,64.9,13.18,51.7,49.8,61.8,1188.0,0,3.0,12.59,6.16
EV129345,2022.0,500.0,11.0,87.49,0.6225,91.42,74.65,3.0,0.116,20.4,4.2,63.5,66.4,20.56,78.8,59.6,74.0,1347.0,0,1.0,12.51,4.36
EV210301,2017.0,422489.0,1050.0,51.69,0.682,91.43,42.3,11.0,0.462,88.5,160.6,72.8,81.7,32.94,38.3,34.1,34.7,64.0,1,4.0,48.31,8.93
EV186099,2017.0,140265.0,573.0,66.91,0.5518,92.29,29.87,8.0,0.25,20.5,51.8,74.7,63.3,19.34,38.7,49.3,57.0,1030.0,0,2.0,33.09,9.01
EV153160,2015.0,120707.0,358.0,77.01,0.6354,93.63,44.04,2.0,0.124,15.3,35.8,58.7,60.6,26.95,33.2,59.6,73.7,881.0,0,0.0,22.99,11.0
EV232557,2015.0,172816.0,363.0,80.48,0.5462,94.98,69.45,7.0,0.387,19.3,53.0,64.9,53.9,15.48,55.5,58.0,54.8,923.0,0,2.0,19.52,11.03
EV185430,2020.0,35946.0,114.0,97.03,0.3911,95.77,70.05,5.0,0.068,10.4,16.3,63.3,50.3,9.67,21.5,57.5,100.0,1336.0,0,1.0,,9.26
EV294007,2020.0,9527.0,33.0,98.89,0.3845,96.61,63.41,1.0,0.342,1.0,3.0,89.0,56.8,18.33,13.0,64.5,57.5,1487.0,0,5.0,1.11,2.91
EV107666,2023.0,22824.0,106.0,96.59,0.4063,98.81,96.8,3.0,0.196,27.7,39.6,89.5,58.5,11.14,35.5,51.1,65.8,1422.0,0,0.0,3.41,3.08
EV154764,2018.0,164968.0,363.0,81.36,0.5389,94.07,74.9,4.0,0.319,29.2,72.2,50.5,57.6,26.34,56.0,61.8,52.9,924.0,0,3.0,,8.09
EV110936,2015.0,245228.0,577.0,71.32,0.6299,92.08,61.92,2.0,0.587,25.9,73.4,60.4,64.6,27.14,45.8,60.0,0.0,1030.0,1,3.0,,11.17
EV288118,2022.0,84168.0,263.0,84.24,0.5282,94.17,45.46,8.0,0.731,21.0,67.7,76.8,69.0,19.55,42.7,45.6,0.0,1033.0,0,1.0,15.76,
EV169974,2020.0,128429.0,556.0,70.41,0.5854,91.84,37.66,5.0,0.295,22.1,65.3,89.2,74.0,29.88,11.3,49.7,29.2,455.0,0,0.0,29.59,6.09
EV265234,2019.0,44533.0,143.0,91.47,0.4215,98.5,74.11,1.0,0.429,16.0,47.1,70.8,52.5,18.33,34.5,50.0,60.7,1212.0,0,3.0,8.53,7.23
EV185491,2016.0,61570.0,134.0,96.04,0.3883,97.06,78.23,1.0,0.089,6.7,19.7,77.2,50.1,6.04,13.4,60.0,76.5,1330.0,0,2.0,3.96,10.04
EV124690,2021.0,236388.0,429.0,53.75,0.8664,88.79,63.67,9.0,0.572,111.1,167.3,77.6,56.3,28.78,64.4,56.9,0.0,216.0,1,5.0,46.25,5.05
EV253366,2020.0,46546.0,174.0,74.04,0.7353,93.21,50.68,8.0,0.422,27.5,77.4,80.0,58.8,31.01,52.9,53.9,9.7,471.0,0,2.0,25.96,2.14
EV275640,2020.0,91449.0,295.0,77.28,0.6211,93.5,51.79,4.0,0.355,36.3,50.3,63.9,66.2,23.05,63.5,54.8,71.5,950.0,0,3.0,22.72,6.0
EV175380,2016.0,67576.0,196.0,89.24,0.4522,95.29,71.34,3.0,0.285,8.3,22.9,45.1,52.8,26.22,20.4,59.9,42.4,1193.0,0,1.0,10.76,9.97
EV252099,2016.0,140311.0,274.0,87.06,0.5232,94.49,65.27,3.0,0.287,20.4,46.2,55.8,56.7,16.66,33.2,56.5,60.9,1085.0,0,0.0,12.94,9.86
EV209527,2022.0,12475.0,1.0,99.8,0.2876,99.17,85.56,3.0,0.255,3.0,8.1,73.8,54.9,8.64,32.7,59.4,100.0,1218.0,0,0.0,0.2,4.25
EV233507,2017.0,73392.0,272.0,75.31,0.6567,93.42,42.8,6.0,0.278,19.5,29.2,65.0,42.8,24.51,30.1,65.4,36.5,424.0,0,3.0,24.69,9.28
EV258293,2019.0,3411.0,76.0,95.24,0.4074,94.4,74.35,1.0,0.534,2.4,7.6,78.7,55.2,12.24,60.3,56.9,38.5,1333.0,0,1.0,4.76,6.97
EV228642,2016.0,174142.0,214.0,55.31,0.7143,94.98,30.71,8.0,0.304,17.2,57.1,56.5,90.9,30.8,64.1,33.5,39.1,346.0,1,2.0,44.69,9.84
EV135420,2019.0,78549.0,742.0,64.24,0.7272,94.98,31.87,4.0,0.476,31.4,47.1,64.7,64.7,23.05,42.3,47.5,0.0,529.0,1,2.0,35.76,7.09
EV275712,2018.0,80593.0,199.0,91.24,0.3928,97.61,82.14,1.0,0.164,10.2,32.3,67.5,46.8,10.73,20.0,65.3,89.1,1223.0,0,,8.76,7.97
EV162147,2021.0,14768.0,1.0,99.8,0.351,96.86,65.1,1.0,0.112,4.3,10.7,85.3,51.1,7.93,0.0,63.4,88.0,1030.0,0,2.0,0.2,5.1
EV297769,2020.0,103356.0,331.0,80.49,0.6009,94.86,52.52,5.0,0.744,49.5,68.5,69.3,56.5,14.81,58.9,55.5,0.0,943.0,0,6.0,,4.88
EV197466,2024.0,42751.0,127.0,89.95,0.3774,96.86,77.31,3.0,0.45,21.3,63.2,99.1,57.0,11.75,33.2,47.7,42.1,961.0,0,0.0,10.05,1.99
EV115894,2020.0,25733.0,119.0,92.36,0.4984,94.48,51.32,3.0,0.343,7.3,17.6,77.3,50.9,7.62,18.2,61.5,51.0,1290.0,0,1.0,7.64,6.02
EV215911,2018.0,68882.0,177.0,88.99,0.3697,96.02,105.01,2.0,0.216,16.2,32.6,65.1,67.5,18.29,26.2,47.9,47.1,934.0,0,1.0,11.01,8.17
EV169753,2021.0,101083.0,249.0,73.57,0.5607,91.66,41.42,3.0,0.45,19.2,57.3,78.5,80.1,17.24,56.9,40.0,38.9,690.0,0,,26.43,5.29
EV250400,2024.0,15450.0,47.0,99.42,0.4458,97.18,69.52,2.0,0.131,6.3,21.7,97.5,42.5,21.18,8.4,69.5,52.1,730.0,0,,0.58,
EV101659,2017.0,63738.0,128.0,93.41,0.4754,94.87,81.08,3.0,0.371,5.9,19.9,64.1,47.4,17.72,48.4,66.7,52.1,1245.0,0,5.0,6.59,8.94
EV201974,2020.0,5469.0,23.0,99.8,0.3687,97.38,89.94,1.0,0.15,1.2,3.0,73.7,42.4,22.23,34.4,69.4,86.4,1477.0,0,2.0,0.2,6.15
EV173752,2019.0,37317.0,34.0,97.91,0.3642,95.59,74.49,3.0,0.208,5.6,18.9,71.6,57.2,14.78,40.1,60.6,82.3,1078.0,0,2.0,2.09,6.86
EV244508,2022.0,90517.0,193.0,77.59,0.5855,91.58,72.54,3.0,0.476,27.8,70.0,77.0,49.3,25.02,42.1,62.9,36.7,452.0,0,6.0,22.41,3.98
EV265721,2023.0,500.0,12.0,99.8,0.3776,99.5,80.99,1.0,0.227,1.6,3.0,83.5,43.0,8.2,0.0,69.0,59.3,1463.0,0,1.0,0.2,3.27
EV250426,2024.0,78549.0,114.0,94.65,0.4075,94.98,65.68,5.0,0.455,25.2,49.0,98.2,47.5,8.52,17.1,58.7,37.3,1340.0,0,,5.35,2.17
EV273711,2022.0,954.0,1.0,94.69,0.4351,96.95,90.55,1.0,0.245,3.1,6.3,83.3,60.4,5.39,53.4,52.8,78.8,1423.0,0,2.0,5.31,4.0
EV289079,2018.0,267715.0,852.0,56.27,0.7596,90.18,64.02,11.0,0.706,64.8,110.3,70.3,67.6,36.83,46.9,51.6,0.0,340.0,1,4.0,43.73,7.87
EV299284,2017.0,98871.0,206.0,85.55,0.5369,92.44,72.34,5.0,0.459,11.1,38.1,56.8,70.2,14.02,41.0,47.3,23.6,1111.0,0,1.0,14.45,9.15
EV105628,2020.0,89283.0,253.0,85.35,0.405,94.51,74.9,5.0,0.187,17.9,44.7,72.8,65.6,22.65,30.1,56.3,80.1,803.0,0,,14.65,5.93
EV165247,2020.0,152154.0,250.0,68.67,0.7504,90.71,81.75,1.0,0.398,36.9,47.1,67.8,58.6,32.71,59.1,55.4,4.4,392.0,1,4.0,31.33,6.14
EV160488,2015.0,56604.0,229.0,88.68,0.454,94.91,38.18,4.0,0.319,9.2,17.0,56.6,56.8,24.69,28.8,45.1,76.8,873.0,0,1.0,11.32,11.05
EV143896,2021.0,53946.0,71.0,96.68,0.4106,98.02,62.65,6.0,0.196,16.4,33.1,81.1,47.3,6.0,30.3,57.6,100.0,1382.0,0,2.0,3.32,5.28
EV104500,2020.0,19033.0,64.0,94.16,0.5022,93.93,80.29,1.0,0.195,20.0,31.3,78.0,44.7,7.84,60.8,65.6,49.8,1316.0,0,2.0,5.84,3.92
EV248002,2015.0,189130.0,631.0,48.5,0.9902,90.13,31.0,6.0,0.47,18.5,56.4,51.4,73.7,44.07,63.5,47.0,0.0,83.0,1,3.0,51.5,11.38
EV209188,2021.0,1467.0,10.0,97.9,0.395,94.98,24.48,1.0,0.2,1.3,3.0,76.2,38.8,2.24,20.4,67.2,85.5,751.0,0,,,5.14
EV282559,2015.0,22227.0,48.0,99.8,0.3721,98.94,81.35,6.0,0.045,1.8,4.9,54.0,40.3,10.32,2.0,67.8,94.6,1407.0,0,2.0,0.2,10.91
EV215004,2016.0,60557.0,163.0,93.85,0.4463,97.93,66.41,3.0,0.29,6.7,17.8,63.0,57.1,15.21,55.7,59.2,87.7,1315.0,0,2.0,,9.97
EV281727,2016.0,157678.0,327.0,87.17,0.5394,96.19,77.07,7.0,0.167,15.4,52.9,59.8,47.5,24.1,35.8,64.1,47.0,1040.0,0,1.0,12.83,10.05
EV157046,2019.0,57464.0,262.0,81.41,0.4564,94.26,31.85,4.0,0.319,19.2,26.1,59.7,66.9,22.77,29.1,54.3,38.2,787.0,0,4.0,18.59,6.81
EV119272,2017.0,88012.0,165.0,87.41,0.4653,95.28,78.22,4.0,0.502,24.2,36.3,61.4,46.3,18.33,63.0,64.7,56.3,1170.0,0,3.0,12.59,9.25
EV238963,2018.0,106183.0,225.0,87.61,0.5153,92.03,82.85,3.0,0.42,14.8,44.2,64.0,53.6,11.74,29.0,59.7,52.1,1112.0,0,1.0,12.38,7.87
EV262835,2024.0,78549.0,105.0,90.16,0.5119,96.07,81.35,1.0,0.527,13.0,44.9,95.6,51.0,14.61,64.8,59.6,14.4,1226.0,0,,9.84,2.21
EV188320,2022.0,108468.0,184.0,89.4,0.4521,92.12,97.47,11.0,0.409,47.3,103.2,87.1,33.2,20.11,36.8,76.8,3.8,1105.0,0,1.0,10.6,3.96
EV209615,2019.0,149506.0,319.0,86.09,0.4584,96.6,107.21,3.0,0.224,28.8,47.1,78.1,54.2,15.21,28.4,57.5,68.6,1034.0,0,4.0,13.91,7.12
EV267956,2019.0,13385.0,28.0,95.88,0.4267,96.62,57.45,2.0,0.476,1.8,4.9,66.9,47.1,16.67,18.0,57.9,46.6,1395.0,0,1.0,4.12,6.73
EV299064,2018.0,141684.0,564.0,87.61,0.6252,92.95,35.96,10.0,0.217,36.9,66.5,53.4,57.8,30.13,24.6,57.6,49.7,692.0,0,2.0,29.48,7.88
EV205845,2017.0,103087.0,493.0,87.61,0.554,94.65,39.2,5.0,0.297,12.4,35.3,62.7,57.9,32.72,12.8,56.9,53.0,778.0,0,4.0,23.13,9.2
EV230597,2020.0,67651.0,272.0,80.03,0.4575,93.91,43.73,9.0,0.121,29.1,43.7,82.8,67.8,19.07,27.0,56.8,79.1,765.0,0,2.0,,5.12
EV192747,2023.0,56432.0,70.0,97.45,0.4052,96.85,86.96,3.0,0.326,23.0,52.4,82.7,56.8,14.74,12.9,52.1,70.2,1401.0,0,2.0,2.55,3.15
EV187250,2015.0,265686.0,715.0,63.66,0.6534,91.48,49.34,7.0,0.569,44.6,47.1,63.4,64.3,28.24,52.7,49.7,0.0,516.0,1,2.0,36.34,10.73
EV130876,2023.0,80401.0,158.0,82.83,0.5217,93.44,75.05,9.0,0.411,46.1,68.0,76.9,46.6,25.7,0.0,60.1,34.3,1030.0,0,1.0,17.17,3.15
EV157767,2020.0,162393.0,205.0,87.92,0.5263,96.01,101.57,3.0,0.431,20.4,80.9,79.3,51.5,17.65,29.7,57.7,58.9,1093.0,0,0.0,12.08,6.04
EV157864,2020.0,81099.0,218.0,90.83,0.4205,97.7,78.26,4.0,0.544,16.6,42.1,77.7,51.2,27.49,31.8,59.8,37.2,1213.0,0,3.0,,6.17
EV191755,2018.0,178905.0,349.0,77.16,0.5745,93.92,83.42,5.0,0.322,28.3,77.5,60.4,59.3,32.19,56.6,52.2,37.6,853.0,1,4.0,22.84,7.92
EV127585,2016.0,68846.0,214.0,88.34,0.5644,94.98,83.15,4.0,0.025,20.4,27.0,69.1,62.0,11.08,48.6,57.3,70.7,1105.0,0,0.0,11.66,9.94
EV230211,2019.0,115100.0,300.0,89.02,0.4552,97.3,56.59,3.0,0.032,18.3,49.1,83.9,46.0,18.7,1.4,67.1,74.4,1083.0,0,2.0,10.98,7.0
EV230607,2017.0,83482.0,235.0,88.85,0.4545,94.98,72.29,1.0,0.504,14.0,47.1,56.3,42.9,2.5635,21.4,68.5,52.9,1110.0,0,3.0,11.15,9.04
EV290906,2024.0,54669.0,158.0,89.48,0.4011,95.09,104.37,4.0,0.213,50.1,62.5,100.0,66.5,12.8,19.6,48.4,47.5,943.0,0,1.0,10.52,2.18
EV155296,2019.0,285229.0,668.0,58.31,0.6766,92.14,53.9,6.0,0.454,46.8,138.5,67.0,80.0,41.78,30.6,35.3,19.6,253.0,1,4.0,41.69,6.8
EV210162,2023.0,21823.0,41.0,98.1,0.3404,96.45,122.7,2.0,0.465,12.2,37.0,98.0,44.9,0.0,35.9,61.3,66.6,1412.0,0,1.0,1.9,2.96
EV261947,2020.0,62883.0,130.0,87.61,0.4084,96.08,76.12,4.0,0.36,27.1,40.4,81.2,60.1,18.08,33.0,45.4,77.5,979.0,0,0.0,9.99,4.69
EV181473,2015.0,153584.0,360.0,75.9,0.6775,95.09,60.87,5.0,0.033,30.2,49.6,44.0,48.7,28.22,64.9,70.5,82.6,1030.0,0,2.0,24.1,11.02
EV265486,2023.0,500.0,1.0,99.8,0.3894,96.9,50.36,1.0,0.256,1.6,3.0,99.0,50.7,6.45,18.6,61.4,96.6,1531.0,0,1.0,0.2,2.9
EV178241,2020.0,175781.0,516.0,74.46,0.6209,92.15,55.58,7.0,0.299,20.4,97.8,75.0,56.0,18.26,11.9,60.0,46.7,743.0,0,5.0,25.54,6.02
EV101901,2015.0,78549.0,242.0,85.81,0.4196,95.71,75.9,6.0,0.126,18.5,26.6,38.6,60.6,24.33,33.2,59.3,80.8,814.0,0,1.0,14.19,11.1
EV170891,2020.0,75487.0,107.0,95.46,0.387,95.71,93.11,3.0,0.267,36.4,47.1,65.2,49.7,21.83,20.6,60.9,53.1,1306.0,0,0.0,4.54,6.16
EV121983,2015.0,189881.0,508.0,71.57,0.65,94.71,63.58,8.0,0.319,26.0,56.6,72.8,56.8,37.45,44.8,43.8,0.0,676.0,1,3.0,28.43,11.21
EV244709,2020.0,100381.0,353.0,67.04,0.7476,90.99,37.52,6.0,0.209,15.9,48.7,76.2,58.2,28.44,0.0,53.1,52.1,294.0,0,2.0,32.96,5.99
EV203504,2015.0,140783.0,449.0,80.59,0.5245,95.83,53.72,7.0,0.302,16.3,43.7,49.5,67.6,25.21,18.6,49.5,80.0,884.0,0,4.0,19.41,10.97
EV222966,2021.0,77766.0,152.0,93.02,0.407,95.54,75.47,3.0,0.279,23.4,55.8,89.7,53.7,18.76,46.0,57.6,59.2,1222.0,0,1.0,6.98,5.1
EV234595,2020.0,46336.0,201.0,82.76,0.5282,94.17,40.72,6.0,0.355,8.7,29.5,72.8,80.3,20.5,53.9,47.6,73.1,795.0,0,7.0,17.24,6.15
EV291226,2020.0,158334.0,473.0,73.5,0.5146,95.38,53.73,10.0,0.077,45.5,91.7,95.1,68.4,18.09,2.5,49.3,100.0,519.0,0,1.0,26.5,5.99
EV279380,2018.0,124124.0,392.0,60.07,0.5063,92.57,37.47,7.0,0.319,16.9,55.8,61.1,67.7,37.24,42.0,54.9,26.4,273.0,1,3.0,39.93,7.79
EV289689,2016.0,82512.0,350.0,78.95,0.4667,96.3,38.65,6.0,0.306,14.9,26.1,72.8,73.2,35.4,16.6,45.9,67.5,695.0,0,3.0,,10.11
EV180870,2017.0,199438.0,492.0,71.87,0.6441,92.02,64.33,5.0,0.173,20.4,70.4,51.3,51.5,18.43,0.4,64.6,28.4,752.0,0,6.0,28.13,8.99
EV195033,2024.0,22010.0,66.0,98.44,0.4417,95.92,77.42,3.0,0.319,10.0,33.7,90.1,47.0,4.8,26.6,68.4,77.3,1485.0,0,0.0,1.56,2.23
EV250882,2018.0,51237.0,93.0,94.64,0.394,95.39,99.08,1.0,0.191,20.4,26.4,65.8,61.4,17.59,5.5,51.3,78.8,1028.0,0,3.0,,8.23
EV178649,2023.0,34319.0,4.0,99.8,0.5063,97.08,84.65,1.0,0.525,11.8,35.9,94.2,58.9,3.04,28.9,58.3,59.1,1189.0,0,1.0,0.2,2.8
EV267060,2018.0,214108.0,592.0,87.61,0.5322,96.54,47.19,11.0,0.304,44.2,83.4,58.1,53.3,18.33,38.9,59.1,43.6,647.0,0,2.0,27.6,8.12
EV218912,2019.0,58487.0,79.0,93.99,0.4559,93.6,74.81,1.0,0.072,11.7,24.3,63.8,59.7,8.94,13.1,50.7,72.5,1292.0,0,2.0,6.01,7.11
EV112002,2023.0,67180.0,107.0,94.2,0.3956,96.99,93.36,4.0,0.253,46.2,77.9,82.3,69.8,18.33,2.4,46.7,78.6,1055.0,0,1.0,5.8,3.1
EV182069,2024.0,4629.0,51.0,99.16,0.395,96.69,79.48,1.0,0.288,1.1,3.0,89.5,51.1,4.02,49.9,59.5,82.2,1407.0,0,3.0,0.84,2.11
EV144836,2019.0,68092.0,243.0,84.1,0.4486,94.74,57.86,5.0,0.228,11.9,33.1,66.0,73.0,16.04,47.5,43.7,73.8,860.0,0,3.0,15.9,6.88
EV135632,2018.0,500.0,1.0,99.8,0.3547,96.67,112.97,1.0,0.385,1.3,3.0,66.6,36.1,3.89,0.0,71.8,73.1,1456.0,0,1.0,0.2,8.03
EV179236,2015.0,312922.0,1808.0,35.88,1.0747,87.1,11.82,23.0,0.43,60.0,91.6,41.4,90.3,40.1,33.2,31.4,0.0,0.0,1,5.0,64.12,11.11
EV107442,2015.0,101595.0,361.0,79.25,0.6355,93.81,50.64,3.0,0.14,9.6,29.4,50.6,68.7,23.0,76.0,47.1,74.7,920.0,0,3.0,20.75,10.89
EV257625,2020.0,12606.0,81.0,93.68,0.3818,93.96,59.54,1.0,0.319,1.0,3.0,85.9,55.2,18.33,44.2,58.9,52.1,1326.0,0,1.0,6.32,6.12
EV144477,2024.0,32916.0,103.0,95.26,0.405,96.1,66.67,3.0,0.121,13.8,36.1,83.8,51.9,18.66,23.8,56.3,51.1,1030.0,0,0.0,4.74,1.98
EV158849,2023.0,62151.0,139.0,87.7,0.3578,95.95,89.0,5.0,0.485,30.2,64.7,78.6,71.7,22.65,33.2,45.0,43.8,905.0,0,4.0,12.3,3.25
EV141457,2018.0,872.0,10.0,99.8,0.4103,96.39,118.54,2.0,0.367,1.1,3.0,72.8,46.8,8.21,58.1,66.8,65.4,1472.0,0,1.0,0.2,8.14
EV135206,2022.0,128421.0,282.0,73.23,0.5686,92.35,68.17,10.0,0.602,50.7,113.0,62.5,68.6,41.71,33.2,45.5,0.0,699.0,1,2.0,26.77,4.03
EV280202,2020.0,54100.0,133.0,93.89,0.4249,93.9,83.2,1.0,0.237,7.9,26.5,61.5,51.6,9.68,46.4,58.2,64.2,1324.0,0,0.0,6.11,6.23
EV104689,2022.0,70052.0,269.0,84.46,0.5323,93.03,43.04,4.0,0.209,20.4,56.5,75.6,54.1,19.74,9.2,59.8,62.5,1057.0,0,1.0,15.54,3.91
EV272013,2020.0,105087.0,293.0,79.92,0.5111,94.98,57.11,4.0,0.279,38.5,55.7,80.9,68.2,16.64,12.7,59.8,67.0,720.0,0,7.0,20.08,6.33
EV260066,2024.0,15664.0,37.0,99.8,0.4242,95.25,80.18,3.0,0.099,4.6,9.0,100.0,47.6,7.64,16.5,66.1,89.6,1446.0,0,3.0,0.2,1.79
EV230614,2023.0,69257.0,209.0,73.23,0.6354,93.63,50.98,6.0,0.662,34.9,60.7,87.6,50.0,20.03,67.3,64.4,5.9,450.0,0,3.0,26.77,3.03
EV284458,2016.0,190739.0,214.0,71.07,0.6411,90.97,52.56,7.0,0.349,21.1,62.2,61.9,66.5,35.54,37.7,47.0,42.8,1030.0,0,3.0,28.93,9.88
EV298030,2024.0,6575.0,58.0,98.94,0.4321,98.84,52.85,4.0,0.196,6.9,14.0,91.7,53.2,14.44,22.2,61.4,96.4,1439.0,0,2.0,1.06,1.97
EV297373,2022.0,60849.0,117.0,99.19,0.3822,96.47,67.41,6.0,0.536,44.3,53.9,86.7,56.7,15.21,18.8,57.7,34.3,1363.0,0,3.0,0.81,4.0
EV261985,2020.0,197463.0,640.0,59.66,0.6372,89.05,35.89,10.0,0.684,53.9,109.5,80.7,75.5,30.13,53.9,46.0,0.0,350.0,1,4.0,40.34,6.1
EV138581,2020.0,28748.0,42.0,99.23,0.3467,97.13,56.25,4.0,0.168,4.6,15.8,78.0,63.1,15.77,21.8,47.8,72.8,1173.0,0,3.0,0.77,5.99
EV297394,2022.0,22646.0,97.0,94.71,0.4083,96.31,59.76,5.0,0.068,10.5,26.1,84.0,61.7,12.68,4.1,55.2,82.8,999.0,0,3.0,5.29,3.83
EV236125,2015.0,137420.0,403.0,82.51,0.5782,94.67,53.15,9.0,0.285,12.0,40.9,63.5,50.5,18.29,1.9,55.6,32.3,922.0,0,2.0,17.49,10.91
EV161195,2020.0,148118.0,286.0,84.13,0.5501,93.56,68.5,8.0,0.536,38.7,94.5,73.8,54.1,16.73,41.6,61.3,3.3,1063.0,0,3.0,15.87,5.86
EV238466,2016.0,78549.0,898.0,61.62,0.5063,92.03,38.15,6.0,0.425,54.0,90.8,42.6,58.5,33.11,74.1,52.6,37.8,435.0,1,2.0,38.38,9.99
EV230325,2024.0,78549.0,109.0,96.0,0.4422,97.08,69.33,4.0,0.418,12.3,39.2,85.3,50.6,9.47,38.6,62.7,36.0,1311.0,0,3.0,,1.99
EV113449,2017.0,201788.0,379.0,78.53,0.5386,93.16,93.89,1.0,0.509,22.4,72.5,76.5,61.1,25.74,17.0,46.8,3.2,914.0,0,1.0,21.47,9.23
EV289843,2017.0,84838.0,269.0,86.81,0.4876,96.87,75.25,4.0,0.162,11.3,37.6,63.2,48.1,14.51,2.2,66.3,100.0,1006.0,0,0.0,13.19,8.72
EV218045,2020.0,1697.0,22.0,99.8,0.3793,97.17,92.03,1.0,0.07,2.3,3.0,79.6,47.2,19.9,0.0,65.6,82.5,1482.0,0,2.0,0.2,4.16
EV164010,2018.0,156004.0,286.0,91.13,0.5104,96.54,117.95,2.0,0.252,44.7,61.3,70.8,48.4,12.58,3.4,58.9,49.7,1044.0,0,2.0,8.87,8.07
EV298556,2019.0,159113.0,557.0,63.61,0.6116,94.85,39.03,3.0,0.402,37.5,76.4,73.0,73.5,20.99,1.2,42.6,60.7,371.0,0,3.0,36.39,6.71
EV244582,2020.0,4762.0,1.0,99.8,0.4473,95.67,49.25,5.0,0.063,15.4,30.9,95.3,49.5,9.74,8.0,61.0,75.1,1489.0,0,1.0,0.2,2.06
EV209204,2022.0,52122.0,161.0,86.48,0.4993,95.2,70.03,6.0,0.427,26.6,37.9,88.7,53.1,13.51,40.3,58.4,49.9,1162.0,0,1.0,13.52,4.3
EV112160,2017.0,78549.0,21.0,99.8,0.2761,96.62,87.33,1.0,0.635,3.5,11.5,72.8,64.0,28.15,44.6,54.7,37.3,1156.0,0,0.0,0.2,8.89
EV185968,2019.0,137458.0,363.0,87.61,0.6048,92.7,52.94,6.0,0.262,24.8,60.5,59.9,59.7,27.06,47.4,58.1,57.3,901.0,1,4.0,20.42,6.81
EV177094,2021.0,22112.0,82.0,87.61,0.5919,94.7,43.09,1.0,0.19,13.2,24.9,90.9,54.6,14.18,36.8,58.4,23.5,599.0,0,0.0,13.89,
EV227239,2022.0,24909.0,78.0,94.67,0.4111,96.95,61.01,1.0,0.29,11.7,47.1,100.0,51.3,10.86,40.0,57.5,76.8,1353.0,0,1.0,5.33,
EV195344,2022.0,79015.0,154.0,87.61,0.62,93.2,71.62,5.0,0.495,24.0,72.7,96.1,56.8,23.85,34.2,57.9,30.4,492.0,0,4.0,22.22,3.7
EV217750,2015.0,500.0,73.0,86.92,0.5646,90.98,70.62,1.0,0.232,1.5,3.0,36.0,74.3,28.91,79.1,37.3,48.8,1190.0,1,5.0,13.08,11.17
EV131602,2022.0,14524.0,28.0,99.8,0.4331,98.36,66.43,1.0,0.278,1.0,3.0,82.4,33.8,6.63,0.0,73.2,74.6,779.0,0,1.0,0.2,3.8
EV285134,2023.0,30158.0,1.0,99.8,0.4418,96.97,102.0,4.0,0.447,16.9,36.8,97.3,49.6,9.15,30.8,59.1,40.0,1499.0,0,1.0,0.2,3.18
EV190205,2020.0,60871.0,168.0,93.31,0.4576,95.89,62.4,10.0,0.187,27.3,70.2,100.0,55.3,15.76,17.2,58.3,63.8,1200.0,0,2.0,6.69,2.17
EV179723,2023.0,44133.0,201.0,90.55,0.4547,95.41,67.8,8.0,0.319,44.2,54.8,95.0,61.1,11.29,25.1,51.4,60.5,1030.0,0,2.0,9.45,2.86
EV162057,2017.0,182807.0,274.0,85.98,0.4753,93.93,104.71,2.0,0.146,51.9,67.0,55.5,47.2,19.02,26.6,67.9,58.6,1039.0,0,5.0,14.02,8.84
EV252928,2015.0,171739.0,548.0,66.36,0.5912,91.9,38.29,5.0,0.609,16.5,53.1,45.9,73.7,37.34,39.4,49.5,0.0,436.0,1,3.0,33.64,11.01
EV129156,2020.0,6318.0,1.0,99.8,0.3628,93.49,106.49,1.0,0.236,1.1,3.0,76.7,57.3,19.71,26.8,59.5,56.6,1196.0,0,2.0,0.2,6.26
EV214739,2021.0,60562.0,305.0,85.53,0.4532,95.13,36.02,4.0,0.29,34.2,50.0,75.9,51.1,15.34,41.2,63.6,59.1,1016.0,0,2.0,14.47,5.03
EV252675,2018.0,72173.0,271.0,80.26,0.4802,94.38,48.1,1.0,0.166,10.8,21.6,72.8,61.4,24.25,54.5,46.5,78.0,745.0,0,2.0,19.74,8.11
EV274288,2016.0,388046.0,668.0,64.95,0.5455,92.53,80.65,6.0,0.411,37.6,125.2,57.6,73.4,31.03,26.8,44.8,14.8,353.0,1,5.0,35.05,10.17
EV274001,2017.0,268072.0,861.0,56.42,0.6946,89.92,35.71,9.0,0.45,46.7,102.8,79.0,79.6,25.85,33.2,43.4,38.1,197.0,1,6.0,,8.68
EV245265,2021.0,129920.0,237.0,85.47,0.4897,96.45,84.28,6.0,0.58,39.1,81.0,87.2,51.0,18.01,53.8,60.3,1.7,1053.0,0,3.0,14.53,5.21
EV120571,2015.0,192620.0,588.0,62.66,0.562,88.99,42.58,7.0,0.115,20.4,56.4,46.3,80.1,47.37,36.2,41.5,59.6,388.0,1,3.0,37.34,11.15
EV178879,2018.0,209618.0,734.0,68.45,0.636,92.06,42.12,8.0,0.552,26.9,86.7,61.6,61.9,37.57,53.5,51.6,0.0,517.0,1,2.0,31.55,
EV269476,2023.0,63082.0,128.0,96.91,0.4463,99.32,105.65,4.0,0.393,26.3,75.0,93.5,51.2,11.1,19.0,58.9,81.4,1335.0,0,,3.09,2.84
EV256184,2024.0,78549.0,119.0,87.8,0.4894,93.92,71.42,7.0,0.346,43.0,89.8,82.5,51.6,15.29,1.0,60.2,63.0,1219.0,0,5.0,12.2,2.02
EV145298,2016.0,142413.0,419.0,71.35,0.5545,92.87,47.56,4.0,0.296,25.2,44.7,78.5,74.0,21.1,13.8,45.9,48.7,542.0,0,6.0,28.65,
EV135249,2020.0,113681.0,299.0,87.27,0.5058,96.74,73.27,4.0,0.035,18.0,60.7,91.1,55.2,15.52,7.0,58.0,75.9,1064.0,0,1.0,12.73,6.24
EV181377,2020.0,119017.0,332.0,78.69,0.6467,92.17,67.81,4.0,0.49,28.0,53.0,78.8,55.5,20.58,56.7,50.4,35.6,940.0,0,1.0,21.31,7.03
EV252736,2021.0,129398.0,368.0,77.06,0.5063,95.66,64.35,9.0,0.372,41.6,90.0,82.1,61.4,14.94,16.7,57.6,51.8,878.0,0,2.0,22.94,5.05
EV131049,2023.0,29367.0,114.0,93.86,0.4204,94.09,56.27,4.0,0.187,31.0,42.7,74.5,56.8,15.11,5.2,63.1,54.4,1283.0,0,2.0,6.14,2.97
EV206937,2021.0,22397.0,27.0,95.22,0.3768,97.45,68.29,1.0,0.128,8.9,22.3,74.6,59.5,19.43,35.8,59.1,87.4,1453.0,0,0.0,,4.96
EV101146,2018.0,111797.0,318.0,87.61,0.5023,93.98,62.33,1.0,0.251,17.6,46.1,73.2,47.0,20.94,33.2,57.8,67.7,1026.0,0,1.0,12.53,8.06
EV183486,2019.0,93472.0,255.0,85.15,0.5448,97.44,66.14,4.0,0.243,17.4,47.2,66.9,58.8,19.29,44.9,55.8,100.0,1014.0,0,3.0,14.85,6.85
EV182533,2016.0,64469.0,210.0,88.45,0.5063,94.98,53.4,1.0,0.233,10.7,20.1,63.9,51.6,19.36,25.0,58.8,73.9,1107.0,0,2.0,11.55,9.8
EV223538,2020.0,99409.0,116.0,90.31,0.3928,95.74,89.31,4.0,0.29,20.0,56.4,56.7,69.8,27.92,41.7,49.2,77.0,960.0,0,4.0,9.69,6.01
EV132492,2018.0,128499.0,393.0,79.62,0.5396,95.36,55.01,6.0,0.161,15.5,49.0,60.0,54.7,33.87,23.1,61.8,68.4,837.0,0,2.0,20.38,7.94
EV188818,2016.0,141393.0,552.0,75.27,0.5288,93.1,37.04,4.0,0.052,23.4,44.0,50.4,58.4,25.81,21.6,58.8,52.7,737.0,0,2.0,24.73,9.79
EV207386,2021.0,70796.0,170.0,89.79,0.4592,95.9,90.69,5.0,0.408,16.6,49.3,88.9,51.0,9.97,31.6,67.6,54.1,1205.0,0,3.0,10.21,4.96
EV220282,2019.0,116680.0,342.0,85.92,0.494,95.96,58.51,5.0,0.059,29.1,56.9,78.4,54.9,8.75,0.0,61.7,95.1,1008.0,0,0.0,14.08,
EV263191,2016.0,78549.0,1.0,99.8,0.3781,97.84,61.75,1.0,0.102,1.1,3.0,60.8,52.8,5.73,22.9,64.7,57.8,1451.0,0,3.0,0.2,10.11
EV263904,2020.0,59131.0,286.0,81.21,0.6228,93.37,39.75,8.0,0.339,10.7,30.6,74.8,59.8,25.05,38.6,52.8,30.1,1030.0,0,2.0,18.79,
EV159913,2018.0,187328.0,461.0,75.37,0.5809,93.57,53.5,6.0,0.403,24.6,84.0,70.5,64.1,24.62,55.0,53.5,43.5,804.0,0,2.0,24.63,7.94
EV117052,2018.0,202070.0,903.0,59.65,0.6937,91.79,27.43,15.0,0.294,30.0,90.0,67.1,63.0,33.43,24.0,55.8,39.2,373.0,1,2.0,40.35,7.68
EV115269,2015.0,203139.0,521.0,71.53,0.5669,94.24,57.38,7.0,0.319,20.0,62.8,50.8,66.8,28.0,26.5,51.4,57.1,499.0,0,3.0,,11.16
EV114248,2015.0,78549.0,1488.0,40.83,0.7836,89.95,16.29,11.0,0.446,64.4,87.3,59.0,85.0,39.94,39.1,40.0,30.3,0.0,1,2.0,59.17,10.82
EV113467,2021.0,66464.0,312.0,83.64,0.5287,97.61,35.09,10.0,0.144,13.4,45.3,84.9,50.3,18.84,0.0,58.1,98.6,1021.0,0,0.0,16.36,5.24
EV266407,2020.0,51803.0,122.0,99.8,0.372,93.23,78.89,6.0,0.041,15.2,32.5,79.5,47.0,9.38,14.3,63.0,66.1,1030.0,0,3.0,0.2,6.08
EV284596,2020.0,500.0,1.0,99.61,0.4698,94.98,80.72,1.0,0.439,1.0,3.0,78.8,35.2,7.92,36.5,72.0,65.1,801.0,0,1.0,0.39,3.0
EV196903,2023.0,81931.0,253.0,84.1,0.4448,94.78,59.02,8.0,0.503,38.0,92.1,85.3,67.9,15.33,41.9,56.9,36.5,795.0,0,2.0,15.9,2.86
EV256929,2022.0,84201.0,240.0,87.61,0.4997,93.57,71.61,8.0,0.349,34.6,70.7,84.1,37.7,8.89,39.9,73.9,46.4,1116.0,0,2.0,13.51,4.02
EV227212,2021.0,28647.0,141.0,90.36,0.3975,95.24,35.76,2.0,0.289,12.0,15.3,89.1,69.3,24.25,37.5,54.0,48.5,976.0,0,1.0,9.64,5.1
EV173248,2022.0,78549.0,54.0,99.8,0.3758,97.16,78.71,5.0,0.111,18.5,31.0,84.3,54.1,11.18,16.7,59.3,68.8,1473.0,0,2.0,,3.98
EV251164,2021.0,9560.0,28.0,93.83,0.4856,94.06,123.72,1.0,0.208,2.9,5.9,64.5,58.2,20.23,23.3,56.5,74.4,1398.0,0,3.0,6.17,4.82
EV243858,2023.0,53599.0,164.0,92.0,0.5063,96.91,52.61,5.0,0.483,29.5,66.3,84.9,48.6,18.33,19.6,56.9,14.2,1221.0,0,3.0,8.0,3.1
EV139695,2020.0,196116.0,462.0,70.42,0.5229,94.14,67.18,2.0,0.526,31.5,74.6,62.8,81.2,26.01,17.4,37.4,39.3,536.0,0,2.0,,8.8
EV197872,2017.0,150119.0,214.0,82.68,0.5314,95.39,60.8,4.0,0.042,20.5,55.0,74.7,57.6,15.87,0.0,51.8,77.5,875.0,0,3.0,17.32,8.9
EV135589,2016.0,6674.0,29.0,99.8,0.4151,94.98,65.42,1.0,0.089,1.0,3.0,50.9,52.5,13.74,28.0,56.9,85.2,754.0,0,2.0,0.2,9.83
EV140389,2018.0,82410.0,259.0,87.61,0.5869,92.87,42.52,3.0,0.427,18.1,32.1,69.6,48.7,19.66,57.8,59.0,10.6,926.0,0,1.0,22.64,8.09
EV106110,2022.0,85287.0,214.0,86.89,0.5063,95.57,62.4,4.0,0.139,44.0,60.7,84.0,65.2,12.64,20.9,47.6,87.6,873.0,0,1.0,13.11,4.22
EV203613,2017.0,87468.0,227.0,86.22,0.5667,95.76,72.82,2.0,0.087,10.7,34.3,71.1,45.4,19.69,45.0,59.0,91.9,1073.0,0,5.0,13.78,8.98
EV164715,2021.0,109948.0,228.0,84.11,0.4798,95.23,76.55,1.0,0.485,20.2,59.7,82.7,59.9,17.41,17.0,50.6,58.5,1090.0,0,6.0,15.89,4.94
EV147837,2018.0,62834.0,163.0,91.1,0.4093,97.1,64.23,5.0,0.34,11.3,28.8,72.0,50.4,24.57,59.2,63.1,74.8,1216.0,0,0.0,8.9,7.89
EV253643,2015.0,36074.0,91.0,87.61,0.4244,95.28,69.46,2.0,0.186,3.4,8.5,72.8,42.6,10.42,22.3,67.3,59.5,1393.0,0,3.0,3.08,10.93
EV239974,2022.0,66039.0,163.0,95.66,0.4346,94.65,97.93,1.0,0.332,20.4,60.6,87.8,44.3,11.78,13.4,63.0,63.8,1250.0,0,2.0,4.34,3.86
EV191736,2022.0,22985.0,32.0,99.64,0.3472,93.91,88.08,1.0,0.101,9.1,17.2,88.9,55.5,8.81,0.0,55.9,95.2,1144.0,0,1.0,0.36,4.03
EV170508,2016.0,74800.0,192.0,77.28,0.6997,94.03,69.01,4.0,0.295,20.4,31.2,50.7,71.7,19.63,24.9,47.3,43.8,465.0,1,6.0,22.72,10.06
EV178694,2022.0,43826.0,137.0,92.99,0.3557,95.63,77.28,5.0,0.219,16.3,32.9,87.1,66.2,8.39,27.2,56.9,74.1,991.0,0,1.0,7.01,4.07
EV158083,2016.0,141781.0,385.0,79.54,0.5173,94.93,58.7,1.0,0.284,16.1,47.1,55.2,56.4,33.62,27.1,53.6,64.5,946.0,0,4.0,20.46,9.62
EV144142,2020.0,154747.0,339.0,74.26,0.4911,93.72,58.48,3.0,0.633,32.3,84.5,79.6,71.7,25.6,60.2,46.2,52.1,645.0,0,2.0,25.74,5.99
EV209979,2016.0,302183.0,214.0,60.63,0.7066,90.82,42.9,10.0,0.531,70.5,99.7,63.3,67.3,32.59,83.9,43.1,0.0,426.0,1,2.0,39.37,10.05
EV156069,2016.0,301773.0,992.0,59.71,0.7391,92.72,37.21,13.0,0.413,36.9,104.9,54.3,76.3,31.74,21.6,38.3,31.9,318.0,1,4.0,40.29,9.85
EV130479,2022.0,127274.0,241.0,87.84,0.4951,97.47,83.28,11.0,0.433,37.5,99.5,72.8,50.6,11.65,40.5,60.6,12.0,1079.0,0,2.0,12.16,3.93
EV111889,2017.0,69994.0,141.0,91.17,0.3632,95.64,114.96,1.0,0.319,6.8,21.0,58.5,56.8,9.2,29.4,56.1,34.9,964.0,0,3.0,8.83,8.8
EV239389,2024.0,20555.0,98.0,87.61,0.4485,93.94,87.73,2.0,0.395,13.4,37.0,84.9,55.4,13.32,55.3,61.4,25.2,1231.0,0,5.0,11.02,
EV184085,2023.0,44612.0,58.0,96.71,0.5063,96.07,84.51,6.0,0.26,12.9,34.0,61.0,51.0,24.09,19.7,64.9,70.2,1363.0,0,0.0,,2.96
EV214741,2016.0,232431.0,725.0,62.37,0.7038,89.5,40.63,9.0,0.782,38.7,76.4,57.8,61.7,34.99,82.6,53.4,0.0,535.0,1,6.0,,9.85
EV243969,2020.0,53791.0,124.0,92.5,0.424,96.2,63.37,5.0,0.112,25.8,63.9,83.6,60.7,12.53,7.7,57.0,83.9,975.0,0,3.0,7.5,2.85
EV152266,2019.0,119860.0,314.0,87.61,0.7221,92.72,52.43,6.0,0.08,33.8,59.4,80.0,45.2,28.78,0.0,74.2,89.4,314.0,0,3.0,30.68,6.8
EV183633,2022.0,70851.0,288.0,68.79,0.7341,93.35,33.26,6.0,0.221,16.0,55.2,78.8,56.7,22.37,50.5,63.0,64.6,344.0,0,4.0,31.21,4.04
EV266437,2017.0,79504.0,218.0,85.1,0.536,92.76,69.81,5.0,0.666,9.2,29.0,59.6,53.5,20.69,54.5,53.8,21.6,1069.0,0,1.0,14.9,9.02
EV282732,2015.0,83101.0,120.0,86.81,0.532,94.3,107.53,1.0,0.321,18.1,26.2,40.8,58.1,33.67,50.6,56.3,37.5,1149.0,1,2.0,13.19,11.03
EV259181,2017.0,127944.0,227.0,85.84,0.4216,94.06,94.46,4.0,0.631,22.9,48.2,68.1,59.2,22.29,56.4,49.8,47.9,1060.0,0,3.0,14.16,9.05
EV279002,2022.0,56631.0,64.0,99.8,0.3285,95.26,108.48,2.0,0.404,39.2,59.8,90.5,56.8,10.13,29.3,50.3,67.9,1161.0,0,,0.2,3.91
EV236569,2024.0,71279.0,121.0,93.0,0.4292,95.77,120.45,5.0,0.218,41.1,90.7,99.5,72.1,17.25,24.9,41.7,34.6,981.0,0,2.0,7.0,2.09
EV135295,2020.0,2571.0,10.0,95.43,0.3325,95.54,79.32,1.0,0.598,2.5,3.0,72.8,63.1,17.01,51.5,47.6,41.4,1164.0,0,2.0,4.57,
EV296185,2019.0,27241.0,75.0,93.73,0.403,94.9,90.4,1.0,0.345,1.9,5.9,81.5,62.0,9.76,33.7,48.1,67.8,1077.0,0,4.0,6.27,6.95
EV106380,2020.0,88227.0,322.0,84.27,0.5331,95.4,53.05,5.0,0.33,25.5,47.1,78.9,51.4,22.17,18.9,52.8,47.1,947.0,0,3.0,15.73,6.05
EV104234,2019.0,220015.0,475.0,73.81,0.637,93.02,71.16,7.0,0.441,58.9,108.0,62.7,62.6,20.28,51.9,41.1,14.6,760.0,1,2.0,26.19,6.89
EV268895,2015.0,345497.0,806.0,58.43,0.7015,92.57,54.85,7.0,0.847,56.9,101.7,57.1,63.6,36.04,73.2,53.1,0.0,420.0,1,8.0,41.57,10.93
EV122182,2021.0,78549.0,142.0,89.1,0.4636,97.02,63.16,2.0,0.304,9.2,31.0,78.1,45.3,9.72,35.8,60.5,74.3,1284.0,0,0.0,10.9,4.95
EV292172,2021.0,84375.0,349.0,79.39,0.4824,95.94,33.26,9.0,0.251,15.5,49.3,79.9,72.8,1.7895,0.0,48.9,62.9,672.0,0,2.0,20.61,4.87
EV261704,2021.0,39984.0,45.0,97.81,0.4477,96.45,92.09,2.0,0.458,9.5,24.2,83.3,41.7,10.17,19.0,66.7,52.1,1435.0,0,2.0,2.19,5.08
EV285164,2015.0,139273.0,214.0,73.01,0.6075,92.0,45.69,6.0,0.455,14.7,39.3,57.3,55.5,30.74,48.8,61.9,52.1,709.0,1,3.0,26.99,11.03
EV187850,2017.0,285539.0,965.0,48.71,1.0231,85.66,30.01,9.0,0.423,53.6,103.5,61.3,85.5,31.12,100.0,30.5,23.9,290.0,1,4.0,51.29,9.11
EV259590,2020.0,500.0,1.0,99.8,0.3472,95.62,81.63,1.0,0.118,1.1,3.0,77.1,57.2,10.16,23.2,59.1,93.4,1193.0,0,3.0,0.2,6.03
EV252620,2020.0,45383.0,106.0,87.17,0.5302,93.35,73.5,7.0,0.711,37.7,90.8,93.3,49.6,12.31,64.3,58.2,5.1,1200.0,0,2.0,12.83,2.08
EV136476,2024.0,6036.0,52.0,99.8,0.4239,96.19,38.18,2.0,0.319,1.1,3.0,92.0,40.2,6.11,38.5,70.4,45.9,1467.0,0,1.0,0.2,2.23
EV152234,2018.0,126488.0,489.0,73.85,0.5181,94.01,45.49,6.0,0.301,16.2,51.9,64.8,72.4,28.58,38.8,46.9,52.1,485.0,0,5.0,26.15,7.89
EV103789,2018.0,26359.0,214.0,93.23,0.4199,92.11,40.07,4.0,0.264,7.1,10.9,64.3,42.6,20.98,45.3,69.9,63.7,1286.0,0,2.0,6.77,7.99
EV105776,2016.0,305723.0,495.0,73.35,0.63,93.35,91.17,2.0,0.599,20.4,102.9,61.8,67.3,30.32,41.5,54.0,0.0,743.0,1,2.0,26.65,10.03
EV148790,2024.0,27052.0,123.0,96.72,0.4413,94.09,101.57,3.0,0.343,18.2,32.2,91.7,50.3,12.45,34.7,62.8,42.4,1301.0,0,1.0,3.28,2.07
EV136845,2019.0,95912.0,403.0,75.5,0.5274,92.97,34.14,7.0,0.453,21.1,46.1,85.9,76.6,16.57,24.7,46.5,28.6,570.0,0,2.0,,7.2
EV290648,2024.0,46301.0,148.0,87.61,0.5987,94.78,65.87,6.0,0.488,38.3,85.9,95.1,58.2,15.15,71.6,61.1,21.5,1202.0,0,4.0,14.79,1.83
EV268704,2016.0,85061.0,250.0,90.34,0.4914,95.4,59.39,6.0,0.362,8.6,26.0,50.0,57.5,24.62,25.6,61.5,54.6,1118.0,0,6.0,9.66,10.02
EV198896,2021.0,61890.0,206.0,90.28,0.5063,95.89,62.08,4.0,0.147,10.4,35.8,84.0,55.7,5.99,15.9,64.3,88.3,1212.0,0,4.0,9.72,4.97
EV149393,2023.0,48072.0,150.0,91.98,0.4364,96.88,68.82,1.0,0.157,16.1,42.8,78.0,44.2,11.34,30.7,67.4,89.4,1221.0,0,3.0,8.02,2.98
EV179879,2016.0,196045.0,477.0,75.93,0.5133,92.44,74.55,2.0,0.688,48.8,69.5,72.8,58.4,24.6,50.8,54.4,8.8,737.0,0,3.0,24.07,9.87
EV232977,2023.0,75544.0,214.0,86.28,0.413,96.5,58.86,1.0,0.559,26.8,71.8,72.8,61.5,18.33,29.2,56.9,2.5,908.0,0,4.0,13.72,3.12
EV274966,2017.0,82774.0,171.0,92.86,0.4644,96.77,72.52,1.0,0.469,11.5,27.3,51.6,48.4,18.23,24.7,72.7,24.8,1205.0,0,2.0,7.14,8.99
EV223226,2020.0,37998.0,107.0,85.58,0.5597,93.64,49.46,1.0,0.319,14.5,26.9,79.7,50.1,15.0,58.0,65.8,28.6,587.0,0,3.0,14.42,5.9
EV264940,2020.0,211052.0,681.0,44.23,0.988,91.59,27.59,9.0,0.115,20.0,69.7,65.0,73.0,33.31,15.7,49.4,30.9,53.0,1,4.0,55.77,9.88
EV109924,2024.0,24542.0,1.0,99.8,0.4162,97.12,116.36,4.0,0.331,16.1,42.6,100.0,63.4,7.11,47.7,53.1,76.0,1162.0,0,3.0,0.2,1.69
EV118935,2015.0,7842.0,37.0,91.39,0.4747,94.19,81.28,1.0,0.364,1.8,3.0,43.6,56.0,25.15,45.1,56.6,29.6,1348.0,0,2.0,8.61,11.42
EV260335,2016.0,145480.0,458.0,78.93,0.5273,92.31,52.31,6.0,0.21,20.3,53.4,63.0,52.4,27.26,12.3,59.6,51.0,798.0,1,4.0,21.07,9.72
EV269952,2016.0,99817.0,369.0,83.1,0.4862,95.65,39.51,4.0,0.273,12.5,36.8,57.5,63.5,21.91,25.3,45.6,53.0,957.0,1,5.0,16.9,9.94
EV199722,2021.0,136521.0,490.0,82.39,0.5869,94.29,50.38,6.0,0.049,52.5,86.4,78.1,54.4,12.04,7.7,60.3,73.0,773.0,0,3.0,17.61,4.93
EV247715,2015.0,97194.0,273.0,81.45,0.442,95.43,66.88,1.0,0.109,20.5,25.8,55.9,73.6,21.39,0.0,43.5,52.1,788.0,0,2.0,18.55,11.25
EV292461,2021.0,103819.0,380.0,78.91,0.5799,93.9,33.73,8.0,0.485,50.8,71.2,89.0,60.9,24.27,38.9,51.0,30.2,902.0,0,4.0,21.09,4.61
EV153159,2015.0,60174.0,92.0,90.89,0.4787,95.13,64.02,1.0,0.162,7.1,17.8,58.3,40.9,19.26,31.9,66.7,68.1,672.0,0,3.0,9.11,10.98
EV129087,2021.0,50262.0,172.0,87.83,0.4202,94.75,72.22,5.0,0.319,21.1,31.4,83.9,67.5,7.06,11.8,41.5,2.3,900.0,0,5.0,12.17,4.99
EV145506,2024.0,2708.0,1.0,98.13,0.3675,94.98,99.71,1.0,0.319,6.4,20.8,92.2,41.2,3.24,47.8,69.3,45.3,1513.0,0,1.0,1.87,2.21
EV109417,2016.0,8308.0,14.0,97.43,0.4228,97.73,92.85,1.0,0.241,2.2,3.0,55.5,59.5,12.83,70.0,54.4,71.1,1478.0,0,2.0,,9.93
EV156704,2018.0,92930.0,271.0,80.75,0.451,95.29,70.85,4.0,0.177,24.5,47.1,60.2,70.4,23.79,37.7,46.9,41.9,724.0,0,2.0,19.25,8.11
EV250384,2024.0,43181.0,140.0,78.94,0.7173,90.75,49.71,10.0,0.417,27.9,89.1,63.0,62.1,22.29,35.4,51.3,0.0,526.0,0,5.0,21.06,1.78
EV175998,2021.0,78549.0,141.0,93.01,0.4373,95.11,68.18,1.0,0.225,15.0,32.2,74.8,58.1,15.41,8.9,47.9,57.0,1266.0,0,1.0,6.99,5.18
EV163381,2022.0,16595.0,2.0,99.8,0.3855,96.65,94.36,1.0,0.173,9.6,21.9,84.0,46.8,9.7,35.8,60.1,57.9,1479.0,0,1.0,0.2,3.73
EV136406,2018.0,182713.0,496.0,80.41,0.5831,94.98,65.83,3.0,0.335,52.7,78.5,61.5,61.3,22.78,17.9,53.1,32.9,792.0,0,2.0,19.59,8.21
EV262443,2017.0,27587.0,76.0,93.09,0.475,95.97,50.54,3.0,0.176,4.5,11.9,62.8,62.0,18.33,51.5,47.9,74.9,1296.0,0,3.0,6.91,9.02
EV218948,2020.0,124937.0,284.0,86.81,0.4621,97.08,72.81,4.0,0.315,44.3,75.8,77.9,53.7,20.42,18.7,54.4,79.7,1025.0,0,4.0,13.19,5.19
EV195847,2024.0,11300.0,17.0,98.35,0.4178,95.7,83.5,1.0,0.417,5.1,11.1,98.8,35.6,9.32,26.5,64.6,50.4,767.0,0,1.0,1.65,2.02
EV216472,2024.0,20737.0,132.0,95.21,0.3878,94.23,111.7,5.0,0.075,12.0,37.4,84.9,43.7,5.2,24.7,68.2,84.1,1300.0,0,2.0,4.79,2.09
EV179821,2023.0,19990.0,50.0,97.59,0.4077,94.47,47.86,4.0,0.109,20.4,7.9,95.1,56.6,10.6,12.8,59.2,69.1,1329.0,0,5.0,2.41,3.09
EV205777,2020.0,266177.0,732.0,87.61,0.6665,91.07,39.47,13.0,0.649,44.0,146.1,78.5,80.1,31.06,49.1,31.9,6.5,266.0,1,5.0,45.4,6.08
EV267940,2024.0,34875.0,148.0,93.81,0.4813,96.93,63.38,6.0,0.28,23.7,37.0,81.3,53.4,18.33,34.8,59.7,58.7,1291.0,0,2.0,6.19,1.95
EV101966,2021.0,73520.0,141.0,92.48,0.4696,95.82,77.35,7.0,0.139,20.4,39.3,68.6,52.4,12.8,33.2,53.3,90.9,1285.0,0,1.0,7.52,5.11
EV103780,2019.0,66494.0,169.0,90.69,0.3681,94.36,64.02,2.0,0.036,16.3,35.6,70.0,74.0,25.48,6.7,45.4,60.4,939.0,0,2.0,9.31,7.06
EV176837,2018.0,104587.0,196.0,84.32,0.4133,96.71,79.13,3.0,0.289,12.7,42.6,66.8,63.9,18.33,31.0,50.5,82.4,849.0,0,2.0,15.68,7.98
EV197887,2021.0,88282.0,207.0,87.15,0.4986,96.9,73.88,5.0,0.223,21.3,72.2,72.8,52.7,29.04,25.1,66.6,86.8,1128.0,0,1.0,12.85,4.99
EV284921,2018.0,126800.0,392.0,77.94,0.4679,94.67,61.69,5.0,0.319,18.2,49.3,68.8,74.4,18.33,31.3,40.4,60.1,617.0,0,,22.06,7.83
EV207068,2018.0,124529.0,262.0,67.88,0.7116,92.67,61.64,8.0,0.531,21.9,48.9,63.2,53.2,35.82,54.4,63.2,28.1,390.0,1,2.0,32.12,7.99
EV130999,2018.0,71786.0,192.0,90.47,0.4749,96.51,85.5,4.0,0.31,21.6,28.0,80.7,49.6,12.4,33.3,59.9,64.0,1192.0,0,3.0,9.53,8.05
EV282549,2018.0,74966.0,251.0,87.93,0.4424,96.7,51.86,4.0,0.229,25.3,32.8,75.3,50.5,9.04,10.9,59.9,82.9,1129.0,0,1.0,12.07,8.1
EV236327,2019.0,146877.0,353.0,82.12,0.5934,97.33,67.47,6.0,0.152,24.7,67.7,71.1,65.9,29.29,36.7,44.4,82.2,946.0,0,3.0,17.88,6.92
EV199206,2017.0,177387.0,492.0,63.18,0.10506,88.73,41.7,6.0,0.111,46.9,65.7,66.0,56.8,28.41,62.6,37.9,67.8,426.0,1,5.0,36.82,8.94
EV287598,2021.0,35690.0,79.0,91.12,0.4877,95.92,96.55,1.0,0.173,6.7,18.5,78.0,56.8,11.32,53.7,53.8,78.3,1278.0,0,3.0,8.88,5.11
EV182904,2020.0,75438.0,76.0,98.92,0.3539,96.48,95.66,1.0,0.128,17.3,36.7,77.1,36.9,11.1,33.5,72.5,83.9,1395.0,0,0.0,1.08,
EV287521,2022.0,78549.0,321.0,83.35,0.4788,94.38,43.5,7.0,0.443,40.0,67.5,75.0,56.8,22.03,18.9,58.6,25.3,954.0,0,1.0,16.65,4.06
EV239632,2018.0,3080.0,26.0,99.8,0.3703,96.08,53.43,1.0,0.256,1.1,3.0,61.0,44.6,16.78,11.5,73.1,82.8,1459.0,0,4.0,0.2,8.12
EV214411,2017.0,45803.0,114.0,92.43,0.4348,96.94,71.49,3.0,0.392,11.1,22.3,68.8,54.9,20.36,29.3,45.8,53.6,1030.0,0,2.0,7.57,9.09
EV155168,2015.0,197628.0,753.0,42.2,0.9878,94.98,21.66,9.0,0.319,40.9,61.5,41.5,66.1,51.61,39.2,42.3,42.2,23.0,1,5.0,57.8,11.11
EV224971,2017.0,114105.0,478.0,77.87,0.584,95.61,37.55,1.0,0.301,13.6,42.1,65.7,61.1,19.81,37.9,55.2,59.5,810.0,0,2.0,22.13,8.94
EV178407,2021.0,78549.0,748.0,53.71,0.9189,86.12,28.34,17.0,0.533,44.5,125.6,66.0,81.7,39.02,96.6,41.7,0.0,392.0,1,2.0,46.29,5.24
EV135945,2021.0,104061.0,142.0,92.18,0.3286,94.11,99.9,2.0,0.178,30.6,71.9,86.2,61.1,13.64,27.8,49.2,58.5,978.0,0,4.0,7.82,4.93
EV240583,2018.0,73298.0,293.0,75.04,0.5384,93.46,44.51,8.0,0.324,10.8,37.6,58.2,63.3,29.23,63.7,57.4,54.7,635.0,0,1.0,24.96,7.92
EV104290,2015.0,116458.0,214.0,89.16,0.4883,94.98,87.16,2.0,0.41,23.7,33.4,70.2,54.2,11.84,36.1,60.9,67.7,1030.0,0,2.0,10.84,11.29
EV247615,2019.0,112763.0,277.0,78.63,0.5491,95.1,60.25,7.0,0.186,27.8,51.6,72.8,74.7,22.72,14.8,41.2,64.5,721.0,0,5.0,21.37,6.75
EV254341,2019.0,78549.0,225.0,72.43,0.6572,94.98,50.66,5.0,0.147,21.8,43.9,72.9,55.3,31.26,27.8,59.9,88.9,413.0,0,2.0,27.57,7.08
EV227434,2019.0,78549.0,1.0,99.8,0.3125,95.73,86.18,1.0,0.328,2.9,8.1,68.0,57.8,13.47,19.8,53.5,64.5,1199.0,0,0.0,0.2,6.78
EV292285,2022.0,6522.0,38.0,98.98,0.3709,97.31,57.87,1.0,0.213,1.6,3.0,78.6,53.7,15.87,9.2,57.5,52.1,1410.0,0,0.0,1.02,4.29
EV245740,2016.0,99747.0,221.0,91.82,0.4423,97.56,70.19,3.0,0.168,11.8,35.1,49.8,47.6,28.74,35.8,59.8,85.8,1150.0,0,3.0,8.18,9.86
EV275964,2021.0,87685.0,243.0,88.25,0.4253,94.98,57.88,7.0,0.319,34.5,60.4,75.4,62.0,22.37,21.4,51.6,63.3,826.0,0,2.0,11.75,4.92
EV285555,2021.0,38998.0,58.0,99.8,0.4436,97.04,78.08,1.0,0.548,10.7,30.9,87.0,42.8,2.4,19.7,63.9,51.1,1400.0,0,3.0,0.2,5.1
EV225924,2016.0,90978.0,195.0,83.02,0.5398,94.03,62.08,3.0,0.715,10.0,31.5,61.9,65.2,19.14,67.0,54.4,15.5,1093.0,0,1.0,16.98,10.13
EV214065,2022.0,60710.0,282.0,82.82,0.5038,96.91,47.49,7.0,0.45,27.3,52.5,86.9,56.8,18.01,34.6,71.8,80.9,1039.0,0,2.0,17.18,
EV208203,2019.0,87288.0,219.0,86.41,0.4375,94.14,68.53,4.0,0.374,22.4,35.8,75.2,62.9,22.47,21.2,56.9,41.4,837.0,0,1.0,13.59,7.1
EV123542,2019.0,78549.0,111.0,99.67,0.5063,95.84,69.04,2.0,0.162,10.6,14.3,75.1,48.8,5.96,45.5,56.0,89.8,1394.0,0,,0.33,6.97
EV247071,2021.0,63680.0,138.0,89.56,0.4295,97.42,102.98,1.0,0.192,23.6,45.5,79.6,64.5,14.59,25.3,55.2,99.2,944.0,0,2.0,10.44,4.94
EV235398,2017.0,184319.0,546.0,75.44,0.5332,94.98,64.02,9.0,0.223,28.7,66.4,65.3,55.6,26.99,39.1,59.2,58.1,692.0,0,2.0,24.56,8.93
EV179227,2024.0,35791.0,55.0,94.56,0.4503,97.83,92.77,7.0,0.269,50.4,88.1,86.6,56.8,15.2,15.6,68.8,76.4,702.0,0,3.0,,1.91
EV161622,2018.0,58409.0,124.0,90.58,0.5273,93.84,112.68,3.0,0.323,8.0,25.5,60.8,51.6,20.7,36.2,59.6,52.1,632.0,0,3.0,9.42,8.12
EV239071,2023.0,61150.0,202.0,90.28,0.4588,94.23,64.48,5.0,0.37,32.9,51.8,86.9,48.0,9.2,43.4,57.7,61.9,1213.0,0,2.0,9.72,2.93
EV180215,2022.0,29696.0,72.0,90.43,0.5306,94.65,83.54,1.0,0.189,5.4,18.6,84.0,50.5,8.08,30.2,64.2,91.8,1317.0,0,0.0,9.57,4.03
EV166633,2020.0,135606.0,489.0,78.22,0.5377,94.78,44.16,11.0,0.068,22.8,68.0,72.8,63.9,20.39,33.2,49.5,67.9,789.0,0,2.0,21.78,6.04
EV272992,2020.0,6947.0,42.0,99.8,0.3952,98.19,74.79,2.0,0.375,1.1,3.0,78.3,52.0,18.33,36.3,61.8,75.0,1442.0,0,1.0,0.2,6.09
EV211960,2022.0,63849.0,241.0,89.8,0.4007,97.18,85.64,4.0,0.189,28.3,42.9,88.5,50.8,17.84,9.6,57.7,77.2,1112.0,0,5.0,10.2,3.93
EV189760,2019.0,102250.0,445.0,72.31,0.536,93.6,32.59,7.0,0.4,32.3,45.4,67.0,68.0,20.47,39.4,49.2,32.2,552.0,1,5.0,27.69,6.85
EV295930,2015.0,72823.0,118.0,92.35,0.4003,95.9,66.77,3.0,0.067,8.5,25.0,45.7,61.9,17.59,18.8,45.3,68.8,1025.0,0,0.0,7.65,10.86
EV254770,2015.0,16752.0,5.0,99.8,0.3857,95.98,52.23,1.0,0.181,1.0,3.0,49.3,49.3,6.99,7.2,56.0,80.5,1507.0,0,0.0,0.2,11.06
EV109364,2017.0,128425.0,647.0,54.36,0.9099,88.45,22.53,8.0,0.149,16.7,50.0,58.4,68.2,30.28,15.6,47.7,35.8,98.0,1,6.0,45.64,9.12
EV183146,2015.0,101846.0,422.0,77.23,0.5872,93.67,33.61,4.0,0.325,10.4,27.5,47.5,57.7,19.45,51.3,49.3,51.2,794.0,0,3.0,22.77,11.1
EV261798,2019.0,56670.0,154.0,77.4,0.6032,94.24,57.57,1.0,0.58,10.0,22.9,78.6,52.3,5.74,10.9,65.4,14.2,494.0,0,2.0,22.6,
EV241687,2017.0,165696.0,361.0,81.85,0.5035,94.71,79.18,2.0,0.198,19.3,58.9,61.7,48.3,24.57,10.7,63.1,55.9,953.0,0,4.0,18.15,8.99
EV189608,2016.0,328154.0,834.0,62.31,0.7454,90.81,46.93,15.0,0.489,37.8,114.4,69.3,67.0,28.91,39.0,44.6,5.7,492.0,1,5.0,37.69,9.83
EV233614,2020.0,160957.0,514.0,71.93,0.647,94.59,46.46,10.0,0.533,38.1,89.9,78.0,59.7,17.59,24.2,60.3,21.6,678.0,0,4.0,28.07,5.91
EV112139,2023.0,27311.0,131.0,84.86,0.4868,94.71,34.01,5.0,0.473,18.1,26.3,89.5,42.2,11.93,30.9,69.2,27.4,555.0,0,0.0,15.14,2.93
EV273533,2024.0,31829.0,1.0,99.8,0.3376,96.76,73.74,1.0,0.412,15.3,28.8,99.8,66.6,9.39,26.6,52.1,50.6,1238.0,0,3.0,0.2,2.06
EV195258,2022.0,53751.0,84.0,90.1,0.4015,95.28,119.67,5.0,0.599,30.1,49.1,85.7,64.9,14.2,55.9,52.6,43.2,971.0,0,0.0,9.9,3.74
EV119293,2021.0,15439.0,214.0,99.8,0.3159,98.6,67.67,4.0,0.218,8.4,14.3,85.1,44.0,8.41,11.8,65.7,80.2,1171.0,0,0.0,0.2,5.2
EV296177,2016.0,430527.0,971.0,57.18,0.7599,94.98,51.67,10.0,0.677,71.3,140.3,63.1,64.1,35.19,66.4,44.7,11.0,317.0,1,5.0,42.82,10.13
EV197224,2018.0,56168.0,125.0,82.47,0.5813,95.57,80.47,4.0,0.476,10.8,26.2,69.9,56.2,27.31,42.4,56.9,40.2,549.0,0,1.0,17.53,8.18
EV284883,2024.0,28741.0,1.0,99.8,0.3188,95.16,94.73,4.0,0.319,16.9,57.2,72.8,66.1,16.8,36.7,44.7,37.6,1245.0,0,4.0,0.2,1.87
EV186365,2016.0,295592.0,764.0,64.32,0.672,93.13,45.51,11.0,0.627,40.8,101.0,64.4,64.0,42.37,56.3,42.8,8.0,462.0,1,4.0,,9.96
EV289702,2022.0,106660.0,225.0,89.4,0.495,93.5,87.51,6.0,0.353,34.1,91.7,80.0,46.3,18.33,5.2,65.4,20.1,1133.0,0,4.0,10.6,3.93
EV220092,2015.0,36946.0,214.0,87.61,0.3755,97.63,107.49,1.0,0.375,5.9,14.4,63.8,60.6,11.72,34.3,52.2,41.9,1469.0,0,5.0,0.45,10.96
EV147366,2016.0,50548.0,112.0,93.45,0.5063,95.48,85.2,1.0,0.352,7.8,16.5,68.8,40.8,27.92,3.2,56.9,60.3,1245.0,0,2.0,6.55,9.98
EV174635,2018.0,276850.0,784.0,41.11,0.9425,89.03,29.31,9.0,0.319,53.7,121.0,63.2,63.9,35.67,25.2,53.6,16.6,0.0,1,4.0,58.89,7.89
EV190244,2022.0,56328.0,187.0,86.67,0.4924,95.84,80.35,1.0,0.163,25.2,46.4,74.4,62.5,18.34,46.5,54.3,93.8,1156.0,0,3.0,13.33,3.9
EV226834,2015.0,320567.0,504.0,72.03,0.5726,93.66,87.53,5.0,0.35,44.3,93.8,61.4,56.8,17.9,71.7,39.8,23.7,740.0,1,4.0,27.97,10.81
EV173071,2024.0,87695.0,201.0,85.34,0.4054,95.78,63.47,9.0,0.728,33.7,106.2,79.8,63.2,14.85,30.7,56.9,0.0,849.0,0,3.0,14.66,2.2
EV121058,2015.0,116426.0,420.0,84.56,0.5191,94.3,54.61,4.0,0.115,16.8,31.6,50.6,52.0,16.92,23.6,60.7,72.9,891.0,0,1.0,,11.21
EV147407,2019.0,143353.0,358.0,74.76,0.4659,94.36,59.22,7.0,0.278,24.9,69.1,64.3,65.8,26.6,22.7,46.4,51.8,615.0,0,4.0,25.24,7.03
EV245073,2017.0,145001.0,517.0,76.89,0.6097,91.98,42.86,7.0,0.357,29.8,56.4,69.6,56.8,21.43,31.9,58.4,59.4,754.0,0,5.0,23.11,8.91
EV297745,2016.0,177143.0,430.0,78.05,0.5977,91.24,68.01,8.0,0.246,50.4,63.7,58.8,54.4,25.2,20.6,58.2,18.1,795.0,0,2.0,21.95,10.04
EV221874,2015.0,340195.0,1151.0,50.06,0.8497,89.19,30.3,10.0,0.48,33.3,102.2,60.6,85.8,31.98,96.2,34.5,6.2,144.0,1,2.0,49.94,10.98
EV281979,2022.0,70205.0,240.0,87.78,0.4961,94.91,54.27,4.0,0.567,17.7,57.7,84.0,46.4,19.85,27.4,64.9,19.0,1117.0,0,2.0,12.22,4.07
EV212796,2023.0,9832.0,214.0,91.69,0.3859,94.67,87.91,1.0,0.111,3.9,6.6,94.4,64.2,8.75,24.7,54.8,89.0,1010.0,0,3.0,8.31,2.86
EV212901,2018.0,166333.0,214.0,75.8,0.588,93.53,61.13,6.0,0.356,31.1,70.0,78.6,63.0,25.44,34.3,42.6,51.2,807.0,0,2.0,24.2,7.97
EV205486,2016.0,181968.0,851.0,45.42,0.9501,89.49,19.65,11.0,0.492,30.1,54.0,69.3,60.0,26.35,39.5,53.6,3.3,0.0,1,6.0,54.58,10.07
EV171030,2023.0,1250.0,214.0,99.8,0.3934,96.97,44.34,1.0,0.374,6.6,12.0,73.0,37.7,12.35,56.0,71.1,40.4,814.0,0,2.0,0.2,2.83
EV137095,2022.0,54682.0,124.0,94.76,0.4041,96.61,79.88,6.0,0.342,28.6,44.6,72.5,71.4,11.53,20.6,49.1,68.5,1013.0,0,3.0,5.24,3.8
EV145239,2021.0,37534.0,59.0,97.76,0.337,97.84,63.45,4.0,0.239,6.6,18.6,92.5,74.3,14.98,20.8,56.9,67.4,1092.0,0,2.0,2.24,4.94
EV198560,2020.0,77159.0,83.0,94.96,0.4085,95.99,118.7,1.0,0.196,14.7,47.1,71.9,47.1,18.08,19.1,62.3,71.5,1337.0,0,0.0,5.04,6.02
EV277166,2019.0,83626.0,103.0,89.93,0.4635,96.76,110.7,1.0,0.556,15.9,47.1,53.7,81.3,29.25,56.3,42.2,66.2,1000.0,0,3.0,10.07,7.04
EV288974,2020.0,16258.0,107.0,98.29,0.3414,97.9,62.49,1.0,0.14,2.1,3.0,70.8,63.3,13.0,3.4,48.6,85.2,1061.0,0,2.0,1.71,5.72
EV198310,2020.0,22856.0,44.0,92.97,0.3843,97.56,84.35,3.0,0.345,13.7,36.0,89.5,57.7,11.2,53.4,54.5,56.5,1111.0,0,4.0,7.03,2.19
EV265770,2015.0,74250.0,297.0,85.86,0.5176,94.82,48.77,4.0,0.173,14.0,22.5,58.6,51.2,13.64,11.8,58.1,60.3,1029.0,0,2.0,14.14,10.92
EV196619,2016.0,111142.0,219.0,87.74,0.4371,96.04,86.22,4.0,0.095,17.1,36.3,69.1,67.7,12.75,37.9,46.6,99.6,878.0,0,3.0,12.26,9.98
EV164886,2021.0,10199.0,56.0,94.91,0.4158,93.29,54.98,2.0,0.289,1.0,3.0,93.6,44.6,15.31,29.6,68.1,61.0,1436.0,0,2.0,5.09,4.87
EV297784,2017.0,103968.0,244.0,81.7,0.6208,93.77,60.45,4.0,0.185,13.7,35.0,62.4,61.4,19.03,27.8,44.6,48.3,1089.0,0,,18.3,9.05
EV206466,2021.0,42897.0,145.0,95.58,0.4063,97.75,62.63,4.0,0.219,8.4,25.9,77.2,47.0,7.51,33.2,61.4,85.3,1233.0,0,2.0,4.42,4.89
EV275014,2022.0,69970.0,174.0,94.08,0.4781,95.05,71.62,8.0,0.27,44.2,63.9,90.0,52.6,13.39,58.4,51.8,64.2,1231.0,0,1.0,5.92,3.81
EV121240,2015.0,253710.0,577.0,65.78,0.5281,92.54,60.34,8.0,0.407,61.5,47.1,56.8,80.6,38.48,67.0,41.1,27.3,396.0,1,1.0,34.22,10.97
EV111876,2019.0,500.0,31.0,90.89,0.5804,94.91,86.19,1.0,0.368,1.4,3.0,68.4,35.5,13.79,36.0,67.8,52.1,703.0,0,0.0,9.11,6.91
EV175679,2023.0,76377.0,246.0,81.8,0.4438,94.98,59.43,7.0,0.52,28.4,70.9,86.8,73.3,17.4,39.2,47.9,0.0,749.0,0,2.0,18.2,3.07
EV187633,2023.0,78549.0,64.0,99.8,0.4298,96.78,91.52,3.0,0.576,23.7,56.0,92.9,54.8,12.81,47.1,56.1,55.2,1422.0,0,4.0,0.2,
EV205236,2015.0,5478.0,1.0,99.8,0.4095,99.5,68.91,1.0,0.317,1.0,3.0,62.1,50.7,6.66,57.8,63.1,83.2,1528.0,0,4.0,0.2,11.05
EV146873,2020.0,133885.0,352.0,65.11,0.6705,92.05,54.1,5.0,0.719,24.7,79.3,60.6,91.2,33.52,92.4,33.0,0.0,595.0,1,,34.89,5.91
EV186396,2016.0,143193.0,442.0,66.91,0.6455,92.72,45.43,5.0,0.301,18.4,45.4,64.4,92.0,27.96,66.3,31.9,49.9,503.0,1,4.0,33.09,9.95
EV297282,2018.0,114446.0,217.0,91.68,0.4709,93.93,79.67,4.0,0.132,34.7,49.0,79.0,48.9,14.53,25.1,62.0,58.2,1145.0,0,1.0,8.32,7.87
EV161998,2022.0,51695.0,162.0,95.51,0.3786,94.52,87.14,1.0,0.107,12.7,30.4,76.3,50.9,14.55,10.5,61.9,64.1,1293.0,0,3.0,4.49,4.09
EV280307,2016.0,82626.0,164.0,88.21,0.4369,93.45,84.33,3.0,0.299,9.0,29.8,45.4,48.0,23.33,39.2,58.5,37.4,1126.0,0,2.0,11.79,9.79
EV237906,2023.0,24266.0,98.0,96.64,0.3737,97.19,56.02,6.0,0.36,13.4,25.4,92.4,54.4,16.61,29.9,59.5,61.4,1103.0,0,2.0,3.36,3.06
EV242102,2016.0,78549.0,469.0,77.93,0.5667,93.58,61.46,6.0,0.247,20.4,57.2,64.6,52.1,23.27,14.9,62.0,49.0,828.0,0,6.0,22.07,10.08
EV144608,2023.0,30591.0,62.0,98.95,0.3775,98.12,50.12,7.0,0.144,15.8,29.8,89.9,44.0,7.14,22.0,61.5,100.0,1421.0,0,2.0,1.05,3.14
EV130779,2020.0,76538.0,222.0,82.57,0.4963,96.19,64.01,5.0,0.658,14.9,46.7,76.6,59.0,24.13,59.5,53.8,0.0,791.0,0,3.0,17.43,5.89
EV125351,2018.0,88952.0,130.0,98.15,0.4187,97.42,78.47,1.0,0.233,19.9,38.7,68.1,45.9,12.34,6.1,64.5,84.6,1294.0,0,1.0,1.85,7.8
EV259028,2020.0,78549.0,114.0,87.61,0.3984,97.14,64.87,1.0,0.214,12.1,17.5,71.5,45.2,16.97,28.1,63.2,57.4,1329.0,0,4.0,4.74,6.15
EV232619,2020.0,111811.0,365.0,72.31,0.7094,91.47,44.09,5.0,0.384,20.2,54.0,76.8,64.2,22.63,56.3,51.2,6.3,846.0,0,3.0,27.69,6.21
EV113590,2022.0,107799.0,296.0,77.18,0.4633,94.02,72.82,4.0,0.567,27.5,82.6,84.3,71.0,19.26,33.2,47.1,0.0,695.0,0,5.0,22.82,4.1
EV206196,2018.0,67040.0,91.0,93.84,0.4948,97.08,119.87,1.0,0.36,12.5,26.3,74.1,49.8,12.22,7.5,64.3,25.9,1332.0,0,0.0,6.16,7.94
EV102937,2024.0,6422.0,56.0,99.8,0.3755,95.7,86.08,1.0,0.149,6.7,15.6,79.7,60.0,16.86,31.9,56.9,84.1,1173.0,0,3.0,0.2,2.11
EV276314,2023.0,78549.0,67.0,94.19,0.4479,95.73,66.51,9.0,0.359,20.5,68.2,97.5,48.6,8.2,33.2,59.9,55.5,1369.0,0,3.0,5.81,3.22
EV144532,2019.0,246781.0,559.0,69.3,0.6247,91.6,53.43,11.0,0.728,37.8,122.4,83.7,59.5,20.56,71.0,50.5,0.0,628.0,1,2.0,30.7,7.03
EV148612,2023.0,500.0,19.0,99.8,0.4258,97.23,84.69,3.0,0.208,1.2,3.0,91.4,48.7,11.45,23.5,59.4,63.5,1030.0,0,2.0,0.2,
EV283163,2024.0,500.0,1.0,87.61,0.385,98.59,55.7,1.0,0.062,1.1,3.0,93.7,47.9,18.33,0.0,65.8,100.0,1473.0,0,2.0,0.2,1.87
EV108538,2023.0,33491.0,28.0,97.88,0.3365,97.17,91.45,4.0,0.306,19.4,31.6,100.0,61.6,8.72,43.8,49.7,62.7,1142.0,0,2.0,2.12,3.04
EV133363,2020.0,119422.0,317.0,74.92,0.5948,93.38,51.57,11.0,0.452,45.3,83.6,83.7,81.7,20.07,64.2,41.8,0.0,630.0,0,2.0,25.08,4.74
EV193521,2016.0,3416.0,44.0,94.37,0.476,96.75,51.24,1.0,0.461,1.0,3.0,58.8,48.9,22.6,39.5,65.1,32.2,1367.0,0,3.0,5.63,9.86
EV112257,2015.0,118508.0,319.0,79.36,0.6775,92.46,52.84,5.0,0.157,11.0,37.8,37.2,76.3,26.7,39.7,39.5,28.6,913.0,1,5.0,20.64,10.83
EV174897,2015.0,303755.0,214.0,62.46,0.6888,92.63,57.93,8.0,0.319,28.0,94.4,58.9,68.2,28.12,67.4,47.1,0.0,539.0,1,1.0,37.54,10.83
EV177589,2023.0,1711.0,14.0,99.8,0.3233,99.35,54.05,1.0,0.083,1.5,3.0,88.0,65.6,2.3,0.6,53.4,100.0,1213.0,0,4.0,0.2,2.95
EV250464,2020.0,206844.0,1001.0,62.08,0.7292,92.28,64.02,13.0,0.206,52.2,73.4,68.6,56.8,31.65,34.0,45.5,32.7,256.0,1,2.0,37.92,9.9
EV239145,2018.0,163720.0,351.0,76.12,0.5136,94.48,64.49,2.0,0.623,24.3,67.5,77.6,57.8,27.26,75.6,56.9,4.9,827.0,1,1.0,23.88,8.0
EV157657,2015.0,86770.0,243.0,76.76,0.6011,93.88,56.66,2.0,0.052,7.4,24.3,47.0,41.4,24.83,2.5,67.7,91.3,427.0,0,1.0,23.24,11.13
EV186088,2016.0,67480.0,209.0,91.77,0.5063,97.53,51.25,3.0,0.066,20.4,24.1,45.7,37.9,7.5,20.5,66.8,100.0,1173.0,0,1.0,8.23,10.14
EV201343,2023.0,94607.0,232.0,89.01,0.456,94.46,80.46,12.0,0.357,38.7,95.4,100.0,56.8,21.78,30.1,59.2,12.6,1104.0,0,3.0,10.99,3.04
EV281474,2020.0,47745.0,168.0,87.22,0.4251,94.68,51.93,4.0,0.11,21.1,33.1,59.1,64.8,18.33,36.0,42.4,74.3,926.0,0,3.0,12.78,5.81
EV136625,2016.0,129976.0,262.0,84.5,0.5441,94.58,64.88,8.0,0.132,18.0,43.0,70.6,52.9,13.77,24.8,57.8,83.5,1059.0,0,2.0,15.5,9.85
EV147549,2015.0,120166.0,289.0,84.75,0.4392,95.79,61.63,5.0,0.175,20.6,37.1,61.1,64.3,19.01,27.9,57.9,83.3,790.0,0,,15.25,11.1
EV177285,2020.0,42753.0,301.0,84.68,0.4872,92.79,32.17,7.0,0.124,32.7,47.9,87.1,60.6,18.05,2.6,57.9,82.1,1022.0,0,1.0,15.32,3.32
EV142004,2019.0,49298.0,141.0,94.9,0.3742,95.77,74.3,3.0,0.246,13.2,21.6,71.0,41.2,12.17,18.7,66.5,64.1,1315.0,0,2.0,5.1,7.46
EV260732,2016.0,178332.0,619.0,67.28,0.6584,90.36,36.63,7.0,0.401,37.8,59.5,61.0,59.0,31.0,50.7,60.8,23.0,544.0,1,5.0,32.72,9.97
EV163022,2022.0,79501.0,199.0,81.62,0.456,92.87,59.62,7.0,0.682,28.7,71.3,88.3,64.7,14.87,65.7,50.4,0.0,816.0,0,2.0,18.38,4.14
EV228025,2015.0,35176.0,142.0,87.61,0.3957,96.79,45.18,3.0,0.142,2.8,8.5,62.1,45.7,19.12,31.0,60.7,56.9,1296.0,0,4.0,5.43,10.87
EV150167,2018.0,92270.0,177.0,88.81,0.4259,96.58,84.57,4.0,0.404,19.2,46.8,58.4,72.2,18.82,24.7,43.7,58.8,931.0,0,2.0,11.19,7.8
EV244898,2018.0,277593.0,745.0,41.34,0.9463,88.45,31.93,8.0,0.504,49.5,121.3,76.9,68.3,38.16,70.1,45.7,0.0,47.0,1,2.0,58.66,7.92
EV252016,2016.0,197083.0,530.0,75.51,0.5876,92.34,56.25,5.0,0.22,38.5,66.6,60.6,62.5,24.37,31.5,55.3,71.0,714.0,0,2.0,24.49,9.91
EV275443,2020.0,70420.0,236.0,82.12,0.4919,91.95,51.96,3.0,0.278,10.4,47.1,68.6,72.2,21.77,36.2,39.3,37.3,795.0,0,3.0,17.88,5.95
EV244572,2017.0,155557.0,248.0,87.94,0.4718,93.82,103.26,3.0,0.238,44.1,56.4,49.7,58.3,18.43,14.6,59.8,65.9,1089.0,0,3.0,12.06,8.97
EV140270,2020.0,64634.0,316.0,85.73,0.5063,96.24,39.32,6.0,0.2,17.2,38.7,74.6,61.0,16.84,7.7,51.2,51.2,1014.0,0,2.0,14.27,5.82
EV289373,2023.0,18542.0,30.0,98.97,0.3351,97.23,89.12,1.0,0.383,11.3,21.8,86.4,62.0,10.33,26.6,58.3,41.6,1157.0,0,0.0,1.03,3.01
EV281569,2020.0,184294.0,361.0,85.52,0.4838,95.45,80.62,7.0,0.261,32.7,93.7,83.9,51.7,14.59,16.9,61.8,33.4,1008.0,0,2.0,14.48,5.91
EV160208,2023.0,10703.0,1.0,99.8,0.4115,97.3,46.57,2.0,0.467,7.6,16.9,82.1,46.8,24.88,11.7,62.0,39.3,1490.0,0,3.0,0.2,
EV120220,2018.0,43768.0,192.0,82.73,0.5682,95.32,52.85,5.0,0.113,15.6,18.8,36.7,74.2,30.91,44.8,47.7,80.8,855.0,0,4.0,17.27,7.94
EV111609,2019.0,289145.0,1088.0,49.32,0.7025,94.98,26.71,18.0,0.552,94.8,137.3,75.0,81.3,33.82,55.4,31.1,10.1,38.0,1,6.0,50.68,6.96
EV190823,2022.0,115194.0,431.0,74.01,0.5827,95.46,42.88,10.0,0.486,43.3,94.1,78.2,54.1,29.48,48.6,48.1,39.4,1030.0,0,3.0,25.99,4.04
EV106432,2017.0,290573.0,1073.0,55.24,0.743,89.88,30.97,10.0,0.539,53.7,113.5,60.2,68.6,33.11,48.8,47.8,15.3,203.0,1,3.0,44.76,8.92
EV184616,2023.0,50015.0,58.0,87.61,0.3066,94.34,99.39,2.0,0.179,17.9,58.6,85.5,56.4,14.24,11.7,64.1,26.8,1101.0,0,2.0,3.19,3.01
EV114739,2020.0,500.0,214.0,97.97,0.4218,96.36,63.4,2.0,0.128,1.0,3.0,83.1,52.7,8.71,36.6,58.1,66.9,1447.0,0,2.0,2.03,5.96
EV219199,2017.0,244570.0,449.0,77.81,0.6112,93.73,78.41,5.0,0.606,60.9,89.1,64.5,59.7,24.88,35.2,55.7,3.6,790.0,1,2.0,22.19,9.04
EV231026,2017.0,5391.0,28.0,96.0,0.3643,96.76,42.0,1.0,0.243,1.9,3.0,56.2,56.8,23.1,7.6,62.1,55.7,1403.0,0,0.0,4.0,8.85
EV230431,2018.0,81783.0,229.0,85.79,0.5063,92.98,80.39,1.0,0.154,12.0,39.2,75.9,71.4,15.29,43.6,41.8,51.2,1090.0,0,4.0,14.21,7.77
EV226539,2020.0,129041.0,439.0,78.68,0.4976,92.86,51.74,6.0,0.248,52.2,67.8,71.5,61.1,17.81,43.7,61.1,32.6,809.0,0,1.0,21.32,5.83
EV212706,2019.0,147137.0,326.0,83.63,0.5228,93.64,81.49,1.0,0.142,42.0,69.8,78.1,51.3,12.93,31.5,61.6,66.7,972.0,0,4.0,16.37,7.19
EV113753,2018.0,141073.0,386.0,79.1,0.5697,95.27,55.3,4.0,0.438,25.0,65.5,78.6,70.5,19.6,41.9,49.6,15.4,901.0,0,4.0,20.9,7.97
EV160297,2019.0,84534.0,234.0,88.74,0.4858,96.51,86.12,1.0,0.319,22.5,40.6,71.3,54.7,18.12,28.1,54.4,66.3,1148.0,0,6.0,11.26,6.92
EV171228,2017.0,111600.0,495.0,78.5,0.5557,94.28,40.25,5.0,0.115,13.1,43.1,63.3,58.8,16.59,0.0,59.8,91.4,726.0,0,2.0,,9.01
EV202904,2020.0,14608.0,214.0,99.8,0.377,99.3,92.54,2.0,0.337,1.0,3.0,72.8,50.6,12.6,22.4,58.8,91.4,1528.0,0,2.0,0.2,5.87
EV130167,2020.0,44836.0,75.0,97.27,0.4142,95.41,74.72,4.0,0.214,9.5,20.7,79.2,57.7,13.64,46.1,59.9,86.4,1383.0,0,2.0,2.73,
EV292111,2020.0,49976.0,164.0,94.52,0.3536,95.24,62.92,6.0,0.166,22.3,32.8,67.4,52.8,15.32,19.5,56.9,57.7,1279.0,0,2.0,5.48,5.88
EV143228,2018.0,47639.0,135.0,91.5,0.5472,93.09,50.87,3.0,0.258,14.7,25.0,66.2,68.3,24.46,69.7,52.7,56.8,1259.0,0,0.0,8.5,7.85
EV136860,2022.0,32314.0,95.0,95.29,0.3472,94.8,58.66,8.0,0.194,27.7,39.0,100.0,56.2,8.1,28.1,58.3,65.0,1065.0,0,3.0,4.71,3.75
EV229320,2016.0,304584.0,731.0,55.35,0.6799,89.88,47.58,7.0,0.479,37.0,102.1,47.4,81.1,41.56,43.7,43.7,0.0,250.0,1,3.0,44.65,10.06
EV115628,2022.0,500.0,1.0,87.61,0.4392,95.85,62.23,3.0,0.383,4.6,10.6,79.3,44.0,14.84,43.9,60.4,57.1,1445.0,0,2.0,1.27,4.01
EV106411,2022.0,500.0,1.0,99.8,0.3756,98.41,55.45,1.0,0.39,1.4,3.0,97.9,46.6,4.19,28.0,67.3,42.3,1466.0,0,3.0,0.2,3.91
EV154975,2017.0,132716.0,423.0,79.21,0.5413,94.07,51.38,7.0,0.218,29.0,53.3,51.7,59.8,25.97,2.7,53.2,67.1,810.0,0,3.0,20.79,8.82
EV210534,2021.0,22074.0,35.0,98.98,0.3415,94.96,75.25,2.0,0.352,8.6,17.2,100.0,49.2,15.89,33.4,57.9,48.0,1400.0,0,2.0,1.02,5.15
EV261767,2019.0,42138.0,179.0,87.55,0.4386,96.05,54.29,2.0,0.465,8.0,47.1,71.6,71.1,11.96,51.0,45.3,46.9,869.0,0,1.0,12.45,7.06
EV121093,2019.0,127777.0,344.0,87.61,0.5445,94.75,75.87,3.0,0.492,51.0,63.4,80.0,51.6,17.9,40.3,57.7,40.8,917.0,0,2.0,,6.8
EV142976,2020.0,94331.0,333.0,80.91,0.5088,94.23,57.22,9.0,0.453,16.8,47.1,66.9,53.0,29.35,42.0,49.9,60.2,973.0,0,3.0,19.09,5.87
EV260723,2021.0,101522.0,326.0,80.24,0.4645,91.19,56.23,7.0,0.219,21.2,61.0,85.1,69.4,18.06,43.0,42.6,73.4,692.0,0,3.0,19.76,4.97
EV281742,2021.0,64939.0,217.0,88.5,0.4686,97.94,58.6,10.0,0.155,17.3,49.6,80.5,47.9,14.86,6.0,65.4,95.0,1134.0,0,2.0,11.5,4.75
EV133842,2022.0,16942.0,45.0,99.8,0.4241,97.81,76.17,3.0,0.187,9.9,20.7,75.3,44.4,7.16,11.2,59.1,90.7,1449.0,0,1.0,0.2,3.76
EV265044,2023.0,63724.0,158.0,95.67,0.3904,95.27,86.28,3.0,0.158,45.6,73.5,100.0,49.8,9.35,35.3,65.3,54.6,1360.0,0,1.0,4.33,3.05
EV292084,2021.0,3233.0,50.0,99.8,0.4292,97.59,57.56,1.0,0.054,1.9,3.0,72.0,52.1,13.89,33.2,58.2,81.2,1497.0,0,,0.2,5.11
EV172532,2023.0,45535.0,146.0,93.92,0.4859,95.07,118.67,5.0,0.125,27.4,56.9,88.9,47.6,15.24,5.5,71.1,52.1,1287.0,0,1.0,6.08,3.14
EV183286,2024.0,47171.0,123.0,93.17,0.4328,95.9,58.79,6.0,0.347,34.7,61.9,93.5,56.3,10.78,7.8,53.4,17.7,1282.0,0,3.0,6.83,2.04
EV137134,2022.0,28419.0,23.0,97.71,0.3996,95.93,111.1,4.0,0.357,9.9,23.7,90.3,60.0,11.5,34.7,57.9,76.2,1144.0,0,2.0,2.29,4.05
EV103679,2022.0,46234.0,1.0,99.8,0.3061,95.84,105.71,1.0,0.383,20.6,40.5,69.6,67.2,18.38,34.6,53.5,57.4,1176.0,0,1.0,0.2,4.2
EV131407,2015.0,26548.0,93.0,93.42,0.4434,98.97,75.09,1.0,0.473,2.4,3.0,63.6,48.6,14.46,47.8,58.1,54.2,1304.0,0,3.0,6.58,10.93
EV152212,2015.0,183798.0,412.0,79.99,0.4959,96.08,66.46,5.0,0.057,27.5,56.7,63.9,66.9,16.27,0.0,54.3,76.5,629.0,0,4.0,20.01,10.82
EV163526,2022.0,16038.0,214.0,95.6,0.3684,97.55,60.82,1.0,0.213,4.0,12.3,68.6,62.1,30.15,11.4,56.9,91.4,1367.0,0,4.0,4.4,4.17
EV290041,2015.0,233762.0,743.0,64.87,0.6783,94.93,42.39,6.0,0.403,50.3,70.1,44.0,59.3,43.88,54.4,54.8,57.4,503.0,1,,35.13,11.11
EV170657,2015.0,299727.0,791.0,60.75,0.7502,90.68,46.29,3.0,0.736,55.4,90.5,54.0,81.7,40.14,88.4,35.7,0.0,459.0,1,3.0,39.25,11.19
EV202647,2020.0,166870.0,939.0,57.48,0.6992,92.11,19.84,10.0,0.475,18.6,54.6,67.4,62.7,28.79,15.4,60.5,20.3,294.0,1,3.0,42.52,10.09
EV279507,2023.0,500.0,15.0,99.8,0.3833,99.5,98.15,3.0,0.043,1.0,3.0,83.7,45.7,11.95,11.3,65.4,100.0,1493.0,0,3.0,0.2,3.11
EV136728,2018.0,116909.0,428.0,77.58,0.5877,92.84,43.56,9.0,0.526,17.6,47.7,54.3,59.2,31.55,11.0,52.2,47.6,875.0,0,3.0,,7.89
EV225945,2015.0,193991.0,544.0,56.02,0.8252,89.87,37.36,6.0,0.303,27.1,54.4,55.1,60.5,18.33,27.7,51.4,56.4,156.0,1,,43.98,10.91
EV258013,2020.0,15125.0,70.0,99.8,0.3793,95.44,118.09,1.0,0.084,3.2,47.1,69.5,60.6,13.6,0.0,53.7,83.2,1030.0,0,3.0,0.2,6.18
EV251262,2021.0,14030.0,67.0,99.8,0.328,96.6,70.06,1.0,0.194,7.9,11.7,72.9,69.6,19.87,0.2,50.1,61.2,1116.0,0,5.0,,4.82
EV110511,2021.0,75531.0,159.0,78.97,0.6468,95.28,79.64,1.0,0.47,27.8,47.1,71.5,53.8,23.25,30.3,61.8,62.6,482.0,0,0.0,21.03,5.08
EV235653,2020.0,68411.0,134.0,92.47,0.5063,98.8,65.48,5.0,0.209,18.4,56.4,72.8,45.4,15.54,12.1,74.0,86.0,1305.0,0,1.0,7.53,3.99
EV279572,2022.0,75250.0,303.0,85.09,0.4957,93.42,40.82,8.0,0.455,22.7,72.6,75.5,54.0,24.81,18.0,58.0,3.9,1057.0,0,2.0,14.91,4.04
EV215377,2019.0,143515.0,453.0,74.19,0.6087,93.93,47.63,2.0,0.21,26.5,64.8,70.7,61.8,22.76,27.1,45.5,56.4,771.0,0,3.0,25.81,7.24
EV221388,2021.0,116330.0,446.0,66.96,0.5843,91.41,64.02,9.0,0.46,43.0,85.9,68.2,88.6,29.18,67.4,36.0,7.7,496.0,1,4.0,33.04,5.07
EV292416,2020.0,68620.0,309.0,79.46,0.5237,93.96,42.92,6.0,0.302,22.9,40.8,72.7,56.8,23.16,17.3,48.9,33.7,729.0,0,4.0,20.54,6.06
EV103096,2016.0,116981.0,214.0,70.12,0.6013,92.7,41.2,1.0,0.273,15.9,40.1,40.8,77.3,37.34,54.3,38.4,31.4,634.0,1,3.0,29.88,9.86
EV132038,2015.0,37700.0,137.0,92.11,0.4378,95.77,70.88,1.0,0.248,4.1,13.9,51.5,46.3,19.0,33.2,61.2,61.5,1248.0,0,4.0,7.89,10.95
EV135839,2018.0,70629.0,143.0,87.61,0.4257,93.58,62.57,6.0,0.093,13.5,29.4,74.0,60.5,15.76,10.2,43.9,73.0,967.0,0,,11.53,7.93
EV107121,2020.0,192686.0,324.0,81.12,0.562,94.35,98.17,7.0,0.616,34.7,47.1,76.4,59.0,16.49,17.4,53.8,1.6,896.0,0,3.0,18.88,6.04
EV271172,2024.0,41191.0,84.0,98.07,0.4081,94.98,121.36,1.0,0.108,11.4,38.4,87.3,47.0,16.73,9.9,64.5,75.2,1376.0,0,4.0,1.93,1.86
EV259145,2022.0,35264.0,79.0,93.94,0.3448,95.52,74.78,1.0,0.546,7.6,22.1,87.7,56.8,10.29,20.8,57.1,37.4,1096.0,0,1.0,6.06,3.92
EV294176,2021.0,78549.0,1.0,99.8,0.3465,96.39,83.02,1.0,0.483,1.2,3.0,77.1,62.6,11.32,26.5,51.3,49.4,1224.0,0,4.0,0.2,5.13
EV154877,2015.0,158195.0,366.0,80.57,0.564,95.41,67.94,5.0,0.375,29.3,49.6,72.8,56.8,24.78,27.7,54.6,72.4,866.0,0,5.0,19.43,11.1
EV195905,2023.0,66858.0,317.0,76.53,0.5048,93.82,34.85,12.0,0.483,20.3,69.3,87.4,71.8,25.34,61.5,40.3,0.0,687.0,0,3.0,23.47,3.04
EV231206,2023.0,58681.0,177.0,88.03,0.4964,94.19,59.04,8.0,0.2,18.2,54.9,94.8,49.5,13.68,17.9,64.4,86.7,1196.0,0,3.0,11.97,3.14
EV192008,2019.0,124286.0,223.0,87.15,0.5063,93.96,87.81,7.0,0.383,34.0,56.4,62.7,56.7,22.48,17.2,51.7,61.1,1104.0,0,2.0,12.85,7.06
EV213812,2020.0,30374.0,35.0,98.28,0.404,94.98,65.78,3.0,0.328,5.3,17.6,80.2,49.2,16.75,57.5,61.2,59.3,1485.0,0,3.0,1.72,5.87
EV193225,2015.0,23315.0,118.0,96.56,0.4055,99.15,67.33,1.0,0.121,4.2,6.5,56.1,46.7,31.19,42.4,57.7,52.1,1370.0,0,2.0,3.44,10.83
EV187263,2015.0,58934.0,169.0,86.62,0.5561,95.79,56.27,5.0,0.265,11.8,20.5,59.5,67.0,18.93,30.2,50.9,87.7,1161.0,0,1.0,13.38,10.85
EV243690,2015.0,244025.0,631.0,45.14,1.0338,89.47,38.18,9.0,0.605,25.9,74.0,59.1,60.3,27.01,48.4,59.1,0.0,83.0,1,4.0,54.86,
EV137922,2018.0,87955.0,212.0,83.98,0.59,93.35,72.83,8.0,0.319,19.7,31.2,71.0,53.0,22.78,54.8,59.5,22.7,1108.0,0,0.0,16.02,7.89
EV281341,2020.0,53007.0,224.0,74.44,0.6628,90.95,36.1,3.0,0.199,12.2,32.0,75.0,59.8,26.93,4.0,50.7,43.6,450.0,0,2.0,25.56,5.88
EV258816,2023.0,23175.0,47.0,94.55,0.4428,96.39,83.98,3.0,0.396,10.1,33.5,79.0,41.6,13.34,33.8,69.6,62.9,686.0,0,2.0,5.45,2.82
EV262963,2019.0,83153.0,263.0,85.6,0.5329,93.9,51.28,4.0,0.352,12.1,40.2,72.8,51.8,15.35,44.6,55.8,40.1,1061.0,0,2.0,14.4,7.08
EV105375,2024.0,54375.0,286.0,83.5,0.5142,94.85,31.93,11.0,0.324,22.1,59.9,87.3,53.1,17.35,31.0,53.9,22.1,1022.0,0,2.0,16.5,1.93
EV151627,2022.0,71381.0,95.0,95.29,0.4336,95.38,90.82,5.0,0.379,22.7,51.3,91.6,50.7,5.21,38.8,54.7,47.3,1313.0,0,1.0,4.71,4.33
EV198432,2020.0,74953.0,332.0,87.61,0.5311,95.28,40.37,5.0,0.446,23.2,44.1,70.6,55.7,22.23,30.7,51.1,45.8,956.0,0,1.0,17.02,5.7
EV244939,2017.0,500.0,100.0,92.82,0.4231,96.71,34.29,1.0,0.307,1.3,3.0,62.5,49.6,14.57,20.1,60.8,74.2,1296.0,0,0.0,7.18,9.09
EV299601,2017.0,233033.0,604.0,71.07,0.6333,94.69,58.85,5.0,0.395,27.2,83.0,68.4,61.7,30.09,59.0,39.0,27.7,628.0,0,2.0,28.93,9.14
EV169885,2020.0,61416.0,177.0,90.1,0.4304,94.98,74.27,4.0,0.487,29.3,65.8,92.0,49.1,14.92,18.4,61.7,61.0,1206.0,0,3.0,,2.94
EV297234,2015.0,7175.0,47.0,99.35,0.2841,98.2,91.41,1.0,0.309,1.0,3.0,63.6,60.0,8.8,41.4,66.5,52.1,1148.0,0,,0.65,11.06
EV254025,2015.0,19417.0,151.0,83.19,0.5886,91.25,54.76,2.0,0.319,1.0,3.0,59.9,70.4,26.06,70.4,51.7,58.7,1030.0,0,2.0,,10.99
EV216153,2015.0,226380.0,471.0,54.28,0.8403,90.61,52.2,5.0,0.751,30.3,70.5,56.7,56.8,33.47,63.5,53.7,0.0,199.0,1,1.0,45.72,
EV128744,2019.0,148595.0,427.0,78.69,0.5063,93.39,51.2,8.0,0.361,34.8,72.5,63.9,53.7,25.36,26.4,49.6,37.7,866.0,0,2.0,21.31,6.66
EV128592,2019.0,44493.0,123.0,94.69,0.4109,94.91,70.57,1.0,0.219,8.9,25.4,73.6,56.9,16.17,26.9,56.9,67.6,1341.0,0,,5.31,7.03
EV124943,2024.0,17793.0,52.0,87.61,0.3836,97.74,79.75,3.0,0.115,25.2,35.4,97.3,45.8,3.45,40.9,61.5,74.1,1466.0,0,2.0,0.2,1.94
EV157390,2015.0,170347.0,499.0,70.67,0.5042,91.7,43.7,9.0,0.184,23.5,51.0,65.2,71.7,28.37,33.2,44.0,48.3,483.0,0,2.0,29.33,10.86
EV282821,2018.0,78549.0,225.0,72.53,0.7177,93.24,63.16,4.0,0.652,34.3,49.3,67.5,49.2,30.53,34.9,64.8,22.7,411.0,0,1.0,27.47,7.98
EV145288,2018.0,106789.0,275.0,86.56,0.4641,96.28,56.62,1.0,0.214,15.1,41.7,66.2,61.3,6.66,26.3,51.4,77.2,1079.0,0,4.0,13.44,7.84
EV125200,2023.0,67804.0,150.0,92.52,0.366,94.34,72.65,6.0,0.319,20.8,65.6,85.6,64.4,15.87,59.5,48.5,39.9,989.0,0,1.0,7.48,3.25
EV255195,2016.0,263266.0,704.0,63.91,0.6413,91.19,48.68,9.0,0.589,46.6,90.4,72.8,77.5,40.38,55.1,33.3,0.0,1030.0,1,3.0,36.09,9.99
EV297036,2017.0,122683.0,227.0,81.28,0.4731,96.02,87.71,3.0,0.423,24.6,45.2,81.3,58.5,26.52,27.9,52.5,38.1,748.0,0,2.0,18.72,9.21
EV186815,2023.0,22098.0,72.0,96.22,0.437,95.55,76.04,7.0,0.195,10.2,30.2,76.3,40.9,14.26,39.8,68.8,90.9,1030.0,0,2.0,3.78,2.95
EV219791,2019.0,108955.0,244.0,86.41,0.5273,96.79,97.17,4.0,0.551,31.6,55.3,65.5,47.5,17.22,41.8,60.0,28.8,1068.0,0,2.0,13.59,6.9
EV107520,2021.0,60408.0,244.0,86.53,0.4108,94.71,60.41,4.0,0.162,20.4,47.1,67.3,63.5,16.08,33.2,62.7,63.7,833.0,0,3.0,13.47,5.25
EV291806,2018.0,47550.0,129.0,97.38,0.475,96.6,90.56,2.0,0.322,8.8,16.6,69.1,60.1,14.51,39.6,55.8,60.3,1336.0,0,4.0,2.62,8.21
EV144666,2020.0,46382.0,237.0,85.17,0.5196,95.04,39.99,3.0,0.233,12.6,30.1,82.8,47.3,16.62,19.6,70.6,77.8,1006.0,0,1.0,14.83,5.93
EV276831,2017.0,106494.0,293.0,86.5,0.4724,95.48,61.66,5.0,0.12,20.4,33.4,75.1,51.7,20.74,4.5,54.3,71.9,1030.0,0,4.0,13.5,9.05
EV122729,2021.0,33631.0,86.0,97.0,0.3977,96.01,67.23,3.0,0.319,12.7,17.9,80.6,51.5,18.33,45.0,61.2,54.4,1326.0,0,3.0,3.0,5.15
EV212101,2023.0,45115.0,14.0,99.8,0.3527,98.38,89.53,3.0,0.319,16.9,49.3,94.7,49.4,0.85,45.7,59.4,96.8,1477.0,0,2.0,,2.76
EV189922,2024.0,11246.0,147.0,92.5,0.4243,98.29,88.4,2.0,0.432,2.5,6.3,86.6,50.0,16.73,42.5,62.4,61.3,1245.0,0,2.0,7.5,2.3
EV106510,2021.0,38517.0,159.0,87.61,0.5353,94.18,57.02,4.0,0.465,17.5,26.4,79.8,49.7,24.51,26.1,63.3,63.2,1030.0,0,2.0,16.55,4.88
EV242952,2024.0,50983.0,99.0,98.46,0.4014,95.87,81.19,9.0,0.227,23.0,78.6,80.1,53.7,13.46,0.0,57.2,74.6,1334.0,0,3.0,1.54,2.25
EV203054,2015.0,431699.0,2715.0,37.36,0.9188,90.04,11.91,4.0,0.571,79.7,129.9,55.7,71.3,35.44,27.0,45.8,4.3,0.0,1,1.0,62.64,10.97
EV264947,2020.0,76236.0,252.0,83.71,0.5245,92.11,67.28,7.0,0.541,15.7,39.9,69.3,59.0,23.89,33.2,49.7,15.8,1070.0,0,1.0,16.29,5.78
EV240363,2017.0,173430.0,438.0,74.44,0.4853,93.89,59.71,4.0,0.049,27.5,61.7,64.0,56.8,24.91,23.8,52.9,71.1,545.0,0,3.0,25.56,8.95
EV167794,2024.0,32721.0,121.0,98.48,0.4066,94.84,97.65,4.0,0.088,23.9,47.1,86.4,58.6,10.81,4.2,61.0,97.4,1401.0,0,1.0,1.52,1.79
EV225512,2023.0,78549.0,39.0,95.0,0.4855,94.38,72.98,1.0,0.431,2.0,3.0,78.5,55.7,13.41,68.9,57.6,52.1,1426.0,0,1.0,5.0,3.17
EV216753,2021.0,26142.0,176.0,89.29,0.4964,95.97,31.01,2.0,0.257,9.5,47.1,82.6,50.6,20.65,6.0,58.6,44.7,1159.0,0,5.0,10.71,4.94
EV139035,2015.0,78549.0,147.0,90.49,0.4117,96.73,71.49,1.0,0.636,6.1,47.1,72.8,62.6,16.9,24.0,55.5,63.4,967.0,0,2.0,9.51,11.22
EV248069,2022.0,52372.0,205.0,88.93,0.5145,93.57,38.51,8.0,0.605,15.7,39.9,88.4,48.2,19.61,33.2,62.7,19.3,1151.0,0,1.0,11.07,4.31
EV183978,2024.0,3349.0,1.0,96.04,0.4521,97.53,85.88,1.0,0.117,10.5,33.1,86.8,48.8,16.82,44.8,61.9,100.0,1443.0,0,0.0,3.96,1.83
EV129673,2016.0,271392.0,566.0,47.64,0.9218,90.93,45.74,5.0,0.311,71.8,87.9,58.4,55.3,42.91,14.3,65.2,24.4,122.0,1,2.0,52.36,10.01
EV133780,2017.0,60380.0,86.0,83.6,0.5988,89.49,76.11,3.0,0.385,14.8,23.8,45.1,62.9,24.5,95.2,55.2,28.3,1030.0,1,7.0,16.4,9.03
EV197281,2016.0,68530.0,183.0,91.44,0.4448,94.79,75.26,1.0,0.297,12.3,22.3,57.0,48.8,13.5,47.5,62.5,52.3,1182.0,0,,8.56,
EV239376,2023.0,73900.0,266.0,79.82,0.5045,94.98,41.06,9.0,0.34,28.6,83.3,88.9,41.9,12.59,26.5,69.2,35.3,995.0,0,2.0,20.18,2.93
EV280562,2024.0,35736.0,149.0,90.15,0.4509,96.32,65.72,4.0,0.166,24.7,64.0,91.4,74.0,23.17,17.9,52.1,100.0,987.0,0,5.0,9.85,1.98
EV269704,2019.0,129828.0,319.0,87.46,0.5162,94.29,69.65,4.0,0.19,18.8,47.1,56.6,57.4,11.62,35.4,54.7,70.0,1041.0,0,2.0,12.54,7.27
EV148513,2021.0,124194.0,420.0,77.18,0.5593,92.34,49.65,7.0,0.319,36.8,77.3,80.7,62.2,23.35,8.5,47.6,77.5,846.0,0,1.0,22.82,5.18
EV223103,2021.0,82404.0,233.0,92.15,0.4289,94.45,57.55,2.0,0.125,15.7,47.4,74.6,48.1,7.01,13.7,60.9,58.7,1146.0,0,,7.85,4.87
EV150540,2020.0,65360.0,183.0,78.31,0.5063,93.54,51.68,4.0,0.309,23.1,36.6,70.5,51.3,23.39,30.1,61.9,40.8,491.0,0,1.0,21.69,5.9
EV195803,2019.0,105289.0,341.0,76.83,0.5076,94.54,42.62,7.0,0.239,30.2,49.6,59.6,63.2,20.02,13.5,47.3,79.0,639.0,0,1.0,23.17,7.2
EV146104,2016.0,27351.0,41.0,91.8,0.4448,96.9,67.35,1.0,0.235,5.4,13.9,57.7,40.4,11.94,23.5,71.8,100.0,686.0,0,0.0,8.2,9.86
EV273213,2016.0,342730.0,991.0,61.94,0.7065,94.98,42.29,12.0,0.662,60.6,108.8,65.0,56.8,26.9,80.6,43.1,0.0,315.0,1,1.0,38.06,10.21
EV145146,2020.0,40512.0,127.0,92.02,0.4804,95.01,75.82,7.0,0.08,16.6,27.0,76.0,43.7,16.9,41.0,70.4,62.2,1251.0,0,3.0,7.98,5.77
EV138164,2019.0,184036.0,626.0,70.14,0.619,94.62,45.25,8.0,0.72,30.3,86.4,81.7,58.8,24.14,59.4,48.2,0.2,1030.0,0,1.0,29.86,6.92
EV147124,2024.0,46378.0,214.0,93.18,0.4555,96.19,62.23,6.0,0.126,42.0,66.9,91.7,51.4,21.34,19.4,55.2,91.6,1295.0,0,5.0,6.82,1.82
EV103175,2021.0,40635.0,192.0,82.39,0.5242,94.5,38.77,2.0,0.319,14.2,24.6,70.7,71.8,18.33,44.1,42.7,55.3,871.0,0,2.0,17.61,5.15
EV107432,2017.0,104675.0,224.0,87.76,0.5032,94.96,115.44,1.0,0.397,13.5,40.7,64.7,53.7,8.9,18.0,61.8,41.4,1134.0,0,2.0,12.24,9.12
EV134343,2018.0,77361.0,187.0,88.01,0.5025,96.15,65.94,1.0,0.617,10.6,34.2,65.9,56.8,15.63,22.5,53.6,66.6,1152.0,0,2.0,11.99,7.82
EV299172,2021.0,42516.0,144.0,74.87,0.7075,92.7,46.81,1.0,0.513,14.8,33.4,91.7,50.3,22.45,15.6,57.4,25.3,482.0,0,1.0,25.13,4.9
EV240242,2022.0,500.0,1.0,99.78,0.3267,94.89,27.38,1.0,0.131,1.1,3.0,83.3,48.9,2.23,33.8,58.8,62.4,1515.0,0,2.0,0.22,3.81
EV263474,2021.0,48872.0,230.0,85.45,0.4492,97.23,33.09,6.0,0.14,19.0,32.1,75.1,64.5,32.1,9.0,56.2,86.6,839.0,0,4.0,14.55,4.69
EV141226,2020.0,75344.0,219.0,87.61,0.4363,94.98,80.84,3.0,0.123,12.1,36.2,72.8,43.6,11.46,11.4,60.9,94.3,1139.0,0,1.0,8.67,5.99
EV282384,2023.0,74083.0,152.0,88.16,0.4511,96.39,103.66,5.0,0.481,48.6,80.0,92.1,68.0,19.97,45.9,48.7,18.8,952.0,0,2.0,11.84,2.97
EV297171,2020.0,11464.0,64.0,94.27,0.4824,93.07,99.24,1.0,0.295,1.3,3.0,70.1,48.3,9.68,56.7,62.1,37.5,1030.0,0,0.0,5.73,6.27
EV218681,2017.0,113621.0,469.0,78.32,0.6034,95.61,38.18,7.0,0.14,31.1,43.2,46.4,60.9,31.64,30.0,55.5,94.2,815.0,0,2.0,21.68,9.18
EV234937,2017.0,44644.0,79.0,93.32,0.4473,96.67,77.02,2.0,0.548,8.0,21.3,62.1,50.8,14.27,38.6,54.7,54.8,1030.0,0,0.0,6.68,9.4
EV264880,2019.0,61513.0,118.0,98.19,0.4201,96.16,64.02,3.0,0.243,17.6,35.5,82.0,38.5,7.51,61.0,73.8,88.4,1394.0,0,1.0,1.81,7.08
EV248050,2021.0,178225.0,746.0,66.12,0.678,94.98,32.23,22.0,0.353,66.6,128.5,64.3,56.5,27.29,30.6,57.1,0.0,454.0,1,5.0,33.88,4.96
EV181213,2015.0,206244.0,214.0,62.07,0.7351,92.15,35.58,7.0,0.132,18.2,63.1,49.1,66.1,45.0,17.6,57.0,49.8,424.0,1,2.0,37.93,10.96
EV194541,2020.0,49375.0,186.0,92.79,0.4985,95.51,60.52,4.0,0.26,17.5,51.4,93.1,57.3,14.89,17.3,54.9,66.0,1188.0,0,1.0,7.21,2.94
EV285536,2022.0,96799.0,270.0,88.22,0.4781,93.74,52.17,4.0,0.177,20.4,74.9,69.9,54.7,18.33,1.4,60.2,64.8,1046.0,0,0.0,11.78,4.13
EV236927,2015.0,66394.0,203.0,83.31,0.5552,94.98,58.7,3.0,0.143,19.3,24.9,45.6,53.5,32.49,19.2,57.6,67.8,462.0,0,2.0,16.69,10.95
EV287824,2020.0,173203.0,473.0,77.49,0.6038,95.32,57.78,4.0,0.356,21.3,72.7,55.8,58.1,21.55,72.4,58.4,74.5,824.0,0,3.0,22.51,8.04
EV244494,2017.0,66762.0,224.0,92.47,0.3733,98.01,72.08,4.0,0.057,20.4,26.1,55.8,48.2,28.47,0.0,56.9,73.4,1211.0,0,3.0,7.53,8.99
EV287078,2017.0,136952.0,291.0,86.37,0.5231,95.85,70.58,4.0,0.119,17.0,50.6,67.3,64.2,8.3,42.8,55.3,70.4,1063.0,0,,13.63,9.07
EV295572,2021.0,95170.0,97.0,87.6,0.4179,95.73,92.18,4.0,0.533,19.6,64.8,82.1,61.5,13.78,35.8,52.0,21.8,980.0,0,4.0,12.4,4.92
EV245377,2015.0,300748.0,1278.0,35.41,0.975,88.62,16.67,16.0,0.208,39.0,91.6,46.8,71.4,50.46,47.4,45.0,2.5,0.0,1,3.0,64.59,11.14
EV237318,2020.0,122233.0,338.0,80.28,0.5012,93.34,60.01,11.0,0.537,22.3,72.6,61.1,73.5,26.77,31.1,43.7,17.9,686.0,0,3.0,19.72,5.95
EV170991,2023.0,50796.0,145.0,95.12,0.4537,95.47,69.2,12.0,0.216,32.8,76.4,80.4,50.0,12.85,45.8,62.5,66.1,1030.0,0,2.0,4.88,2.89
EV137631,2020.0,68401.0,287.0,89.69,0.5343,94.85,44.83,4.0,0.267,23.0,47.1,93.9,51.9,12.32,28.4,69.8,56.2,1132.0,0,2.0,10.31,5.14
EV279132,2016.0,101592.0,220.0,89.4,0.5128,96.29,63.34,4.0,0.186,23.2,32.4,37.5,62.0,31.89,54.6,56.2,68.4,1194.0,0,4.0,10.6,10.05
EV120245,2019.0,2877.0,44.0,87.61,0.3288,98.04,50.13,1.0,0.319,1.4,3.0,80.9,58.2,16.95,48.5,60.5,85.6,1133.0,0,5.0,1.61,6.97
EV255173,2017.0,149413.0,487.0,87.61,0.5937,93.53,61.68,3.0,0.208,17.8,47.1,56.4,63.6,24.68,8.1,55.0,80.0,1030.0,0,4.0,25.37,9.0
EV130859,2018.0,273643.0,1061.0,55.61,0.7677,90.95,29.24,12.0,0.415,51.4,116.9,69.0,69.3,26.74,33.2,51.2,20.9,249.0,1,3.0,44.39,7.89
EV211743,2020.0,189219.0,483.0,79.77,0.5683,95.22,59.94,8.0,0.068,32.4,99.1,72.3,56.1,23.73,14.4,57.2,73.0,784.0,0,3.0,20.23,6.2
EV151044,2016.0,214443.0,476.0,71.81,0.5984,91.55,61.38,8.0,0.319,28.9,69.1,54.7,59.2,32.24,23.4,55.4,0.2,750.0,0,2.0,28.19,10.16
EV262527,2022.0,114848.0,424.0,69.06,0.6827,91.07,33.39,13.0,0.527,48.3,96.7,70.9,83.2,29.14,57.0,32.5,1.1,552.0,1,5.0,30.94,3.94
EV221796,2021.0,63987.0,127.0,95.25,0.4073,96.55,88.36,1.0,0.225,9.0,30.4,72.1,54.1,8.96,26.8,57.9,82.4,1279.0,0,2.0,,5.02
EV266908,2015.0,288008.0,514.0,68.61,0.7368,92.4,84.29,7.0,0.263,41.2,88.6,46.9,75.3,38.58,54.4,56.9,20.4,658.0,1,6.0,31.39,11.05
EV159658,2024.0,1105.0,1.0,99.8,0.3625,95.96,67.25,4.0,0.29,15.4,23.9,87.8,35.5,4.03,48.4,78.0,66.9,1503.0,0,1.0,0.2,1.76
EV164789,2020.0,112759.0,270.0,77.76,0.4871,92.78,59.68,5.0,0.361,19.0,65.0,78.3,72.8,20.71,33.2,48.6,62.7,787.0,0,3.0,,5.84
EV140043,2018.0,310163.0,812.0,61.35,0.694,90.87,50.55,8.0,0.37,68.7,128.8,48.9,56.3,44.1,29.7,59.7,9.6,344.0,1,0.0,38.65,7.95
EV270337,2016.0,324218.0,710.0,67.12,0.5063,90.94,64.29,11.0,0.546,70.7,108.2,42.9,56.8,38.72,86.9,47.0,29.6,1030.0,1,7.0,32.88,9.86
EV193849,2021.0,169892.0,475.0,80.61,0.4997,93.8,58.66,10.0,0.291,50.8,107.4,81.1,60.7,20.23,39.7,48.1,40.1,855.0,0,5.0,19.39,4.87
EV114736,2022.0,78276.0,215.0,87.84,0.5056,94.49,56.58,6.0,0.203,28.9,73.8,76.9,54.6,15.89,33.2,60.8,55.2,1204.0,0,1.0,12.16,3.84
EV253009,2022.0,37600.0,213.0,82.42,0.4493,93.95,39.05,6.0,0.545,9.4,30.3,75.8,66.1,20.2,24.4,59.9,18.5,775.0,0,2.0,17.58,3.85
EV163541,2016.0,35842.0,81.0,97.23,0.4038,95.24,74.91,1.0,0.319,3.3,8.2,46.8,56.2,18.71,43.8,55.8,25.8,1364.0,0,0.0,2.77,10.09
EV252687,2020.0,500.0,1.0,96.15,0.4027,97.3,84.69,1.0,0.373,1.0,3.0,81.0,55.9,15.43,40.3,59.5,76.5,1398.0,0,1.0,3.85,6.29
EV122730,2016.0,268861.0,679.0,67.01,0.6468,91.43,52.72,10.0,0.508,69.4,91.1,62.9,64.8,34.03,38.7,46.0,15.3,527.0,1,5.0,32.99,9.91
EV263584,2022.0,8743.0,58.0,96.09,0.3759,99.5,76.44,1.0,0.417,1.5,5.2,99.2,40.6,0.0,15.4,67.0,52.1,1389.0,0,0.0,3.91,3.96
EV102658,2019.0,68757.0,356.0,82.16,0.5063,94.95,36.32,6.0,0.281,13.3,33.4,70.1,55.6,10.73,43.9,61.0,62.0,992.0,0,,17.84,6.95
EV293687,2024.0,2192.0,1.0,99.8,0.4057,95.72,113.55,1.0,0.389,8.6,47.1,83.8,46.6,10.16,0.0,67.3,39.3,1510.0,0,2.0,0.2,2.09
EV134496,2022.0,133707.0,435.0,64.77,0.6677,90.64,39.61,12.0,0.576,42.8,106.7,79.1,85.3,28.34,82.6,35.5,0.0,493.0,1,6.0,35.23,4.0
EV190640,2023.0,82844.0,178.0,87.96,0.4854,95.35,63.0,3.0,0.411,43.2,72.4,95.5,51.0,20.4,10.3,66.6,52.1,1162.0,0,2.0,12.04,3.03
EV194633,2023.0,23370.0,6.0,87.61,0.3223,96.54,117.35,1.0,0.252,7.9,26.0,75.4,63.0,9.16,19.8,45.7,79.0,1145.0,0,2.0,0.2,3.26
EV208241,2020.0,91410.0,191.0,83.66,0.4541,96.95,72.3,6.0,0.319,30.6,47.1,75.7,76.3,17.34,55.2,46.6,38.3,883.0,0,1.0,16.34,5.7
EV251830,2022.0,79584.0,263.0,75.05,0.643,93.12,56.04,7.0,0.26,36.6,66.0,80.0,48.8,25.23,0.0,66.8,36.2,410.0,0,2.0,24.95,3.95
EV120264,2017.0,6507.0,94.0,93.99,0.5041,94.73,57.05,1.0,0.302,1.1,3.0,67.6,53.0,21.44,25.7,60.4,51.1,1309.0,0,5.0,6.01,9.02
